chan_0_I,chan_0_Q,chan_1_I,chan_1_Q,chan_2_I,chan_2_Q,chan_3_I,chan_3_Q,chan_4_I,chan_4_Q,chan_5_I,chan_5_Q,chan_6_I,chan_6_Q,chan_7_I,chan_7_Q
1,-1,2,2,-5,-2,0,2,-5,-7,3,1,1,0,2,-4
0,6,4,3,5,-1,-4,-4,-3,-1,-7,3,3,8,-2,11
-8,4,-11,0,3,4,3,-3,-1,-3,-7,5,0,-8,7,3
7,1,0,4,-5,-1,-6,-1,-6,-3,2,-2,-1,3,1,-2
1,-3,0,-6,-5,3,-5,2,2,1,-2,-5,6,9,-3,-6
-3,-6,4,3,1,-6,-1,1,4,9,-1,-4,7,4,-1,-5
3,-2,-9,-3,4,-1,5,-1,0,1,-2,-8,1,-2,-3,0
-2,-5,-3,-2,5,-2,-1,-1,6,5,8,0,-2,-2,1,3
-6,-4,-1,3,2,-1,2,1,-7,5,1,0,3,-1,6,-5
-2,7,5,-1,-3,-3,-2,-1,3,3,0,6,3,-6,5,-1
4,-4,5,6,-2,-2,1,-5,-6,1,2,0,7,-2,0,-5
-6,-1,6,-2,3,4,7,1,4,7,1,-1,-2,-4,-3,0
5,1,-8,-1,1,-4,1,2,1,0,3,-2,-5,8,-7,-4
-6,0,4,-3,11,3,3,5,-6,2,-1,-4,1,1,1,-2
-3,2,-1,5,7,3,-3,7,2,2,-2,3,0,-3,5,9
-3,-4,-1,5,4,-2,-2,-2,2,0,-1,0,3,-1,1,-9
-1,1,0,12,-2,-2,-8,-1,-4,5,-3,4,-3,3,-6,0
1,0,0,5,0,-3,-4,-2,5,-3,7,-5,5,13,1,0
5,8,-2,2,-4,-1,-2,7,1,-1,1,-4,7,-3,-1,0
4,0,-3,2,2,1,3,1,6,-1,-3,-4,-3,-5,-5,0
-3,-2,-3,-1,-3,3,-4,-4,5,2,-5,-4,5,-7,-3,-1
5,-1,-5,-1,-1,1,-5,1,-6,4,-8,-2,3,-2,1,3
2,-3,-2,1,7,3,0,1,6,-1,8,-5,1,-5,5,2
-5,5,0,-2,3,3,1,7,1,0,2,2,-1,-1,0,0
-7,0,3,2,0,6,-5,2,-8,4,4,4,3,1,2,4
-5,3,-2,-9,7,0,-6,-8,3,5,-1,0,-4,-1,6,7
-5,8,-3,3,-3,-2,-3,-7,2,-3,6,1,4,0,-9,2
-4,8,0,-2,0,-4,-5,4,7,-4,-3,1,5,5,-3,0
3,-5,0,4,1,-3,3,-3,-2,-2,1,3,-2,1,-5,-2
3,0,5,-1,-1,-3,-1,-2,1,-3,-5,-1,0,7,-2,0
0,-2,-3,1,6,5,-3,-2,0,-1,-3,-7,-1,-2,-3,2
-1,-1,-2,-1,-1,5,-5,8,-4,-8,3,-1,7,5,-5,-2
-1,-5,4,6,-4,-1,1,0,-5,-2,-5,1,5,5,1,0
-2,-2,-3,1,-3,2,-4,3,-6,1,1,0,-3,-2,2,3
-5,-3,-2,0,-2,5,0,7,-3,-3,-6,5,-6,8,0,5
0,3,-3,-4,2,6,-3,3,-4,-6,3,3,4,3,-3,-5
0,-6,-3,-1,6,2,3,-3,3,-3,-5,4,0,2,-2,-2
-1,2,-1,-5,-10,-3,4,2,1,1,2,3,-1,0,2,1
6,-2,-4,-3,0,6,-5,5,0,-1,4,-2,0,-3,1,2
-5,8,-5,3,1,0,2,-1,0,-6,-8,-4,2,-1,-2,0
-2,-1,-2,-7,5,-3,0,1,7,-4,4,2,2,-2,0,0
2,-2,-7,0,3,0,3,6,-4,-3,2,1,-4,-5,-7,0
2,-3,8,-4,2,-2,-3,-1,-2,2,-4,-2,2,2,2,4
4,-2,2,2,4,-1,2,3,-7,-4,1,0,5,4,-3,0
2,4,-6,-5,-2,3,-1,-3,5,0,-11,2,-2,1,2,8
2,-1,2,1,-7,-4,-5,-2,-3,-2,-7,0,-1,-12,2,3
1,2,3,8,-1,-3,-3,3,5,-3,1,-2,-1,-1,0,-5
2,5,-5,8,3,8,-4,-2,5,1,-10,-3,4,-3,0,3
-5,-3,0,8,-11,1,3,6,-3,10,1,-7,0,2,-1,0
0,1,-3,-1,0,5,6,-6,1,-2,5,1,2,1,0,-3
3,-2,6,-3,-3,1,8,-7,-2,-2,1,3,-1,0,2,-2
1,3,2,-1,-3,9,-2,2,-5,-6,2,-5,6,2,4,0
-2,2,-1,2,2,-1,1,2,4,0,0,6,4,-2,2,-1
11,0,-2,-4,-7,-1,3,-1,2,-3,3,-2,-3,2,-3,0
3,2,1,-1,0,-3,3,1,2,-2,8,-4,1,-3,-3,-1
0,-1,9,3,5,3,1,-2,-4,-2,0,-3,7,-5,6,-6
3,6,-2,-2,2,4,6,1,-1,-1,-1,-2,6,3,-4,4
4,-4,-1,2,5,-5,3,-4,3,-9,1,-3,-3,-7,4,-4
-7,2,-8,-1,-4,3,5,5,-2,1,-3,-5,6,5,-6,0
-2,6,0,-3,2,5,-4,-1,1,7,-3,-3,-4,-2,3,5
1,2,-3,-2,-3,4,3,-1,2,4,5,-3,-2,-2,-3,11
-4,6,5,-2,-1,-4,-2,-5,-4,4,4,4,-4,5,3,-1
0,0,-4,2,6,-3,-5,0,-1,-3,-1,2,-3,7,4,1
-8,-2,1,2,0,3,1,6,0,2,-3,3,1,-2,-2,-1
5,3,-1,1,0,-4,1,0,0,-3,1,-3,-6,0,-4,3
1,5,-2,-6,0,3,1,1,0,-1,-2,0,-5,-4,4,-4
6,-2,7,0,-2,5,0,1,-3,-1,1,-5,-5,-3,-4,-8
5,1,-7,11,1,-5,0,4,-3,-1,2,-2,0,6,2,-5
-4,-5,-5,-4,-6,-3,-5,1,0,2,11,-2,4,-3,0,7
2,5,-2,2,0,-4,3,-6,-5,-2,-2,6,-2,-8,3,-3
-5,-1,3,-3,-6,5,0,-5,2,3,4,1,1,-3,-2,4
5,1,4,3,-1,2,3,5,1,-2,-4,4,3,0,-4,-2
-1,6,0,-3,5,-2,-7,1,-3,1,1,-2,-6,0,-3,-5
1,-1,1,-3,-4,1,-4,2,-3,1,-2,-1,-1,5,1,-1
-1,4,-1,-7,0,-10,0,-5,-2,2,3,5,2,-4,4,-1
-2,-4,0,-3,-3,-5,0,5,7,0,2,-4,0,-11,3,-3
3,1,-2,4,-5,0,1,2,5,-5,0,4,-8,0,3,-3
-2,4,4,-5,-9,-3,3,0,4,5,-11,-5,3,-6,1,-1
-1,1,2,9,3,-7,-4,2,-2,0,2,5,0,2,2,7
8,-4,0,-2,4,1,0,2,-1,-4,3,3,1,4,2,-4
6,0,-1,-2,-3,1,-5,6,-3,2,-12,5,-5,-3,2,1
0,-5,7,-5,7,-7,6,1,-2,-4,3,-8,10,-3,2,-5
3,0,-5,9,0,0,3,7,-3,-8,-2,-2,3,-5,4,2
4,-2,2,10,-1,3,3,2,7,5,0,6,2,3,-3,1
-5,-2,-1,4,-5,0,7,-7,-5,4,2,-5,-1,5,-4,-5
-4,0,-3,2,-3,-1,-4,0,0,-5,3,4,-2,4,1,-7
-1,-8,8,2,5,2,-3,2,1,3,-4,7,3,4,3,2
4,3,-2,13,-5,-1,-4,-5,2,1,1,-7,4,-1,0,1
-4,4,3,2,2,-2,-2,-6,-6,-4,1,-2,4,-2,4,-2
-1,6,4,-4,0,1,9,7,1,-2,-1,3,1,-1,-2,2
3,-1,3,-4,0,0,0,4,-4,2,-4,-8,-3,0,-7,6
4,8,2,4,3,-1,1,-6,-3,-5,-4,3,0,-2,5,4
5,2,5,-4,-1,0,4,3,-5,-1,0,-2,6,2,3,3
5,-6,2,0,1,0,1,-8,-3,-1,-2,-5,-7,-2,-8,-2
-4,2,2,-3,-1,-7,-2,0,2,-1,-1,5,-4,5,-4,-4
-3,-1,1,-5,-7,3,-2,-1,-4,-3,2,9,-2,8,-7,4
3,-5,-3,-3,-3,2,-8,-5,0,0,0,-3,3,-4,6,0
4,-2,-1,5,6,-2,-1,0,-5,4,-2,6,9,2,8,0
2,-3,3,-4,3,-4,-7,0,-1,5,8,-2,-5,7,-3,2
0,-2,-1,1,0,1,-2,0,-1,4,9,6,-5,-7,-5,0
3,5,5,2,-2,1,-4,-4,-1,3,-1,2,-1,0,-2,4
2,-3,-5,-9,-3,-2,0,-3,0,-6,1,-3,-2,0,5,6
4,-1,5,0,-5,-4,2,-1,0,0,-13,-8,-2,5,-2,2
-6,-3,0,0,2,-1,4,1,2,-3,3,-5,-3,0,-5,4
-6,4,1,3,3,0,-7,-2,-2,3,3,1,-4,-4,1,-3
-5,6,1,-1,0,6,5,4,3,1,3,3,-3,-4,-6,-4
2,-3,3,-5,-5,-4,10,6,-5,2,0,2,-2,4,4,-2
-3,3,-1,2,-4,-4,2,5,-2,5,-5,1,6,-2,-4,-6
-5,1,3,2,0,1,2,5,9,-3,-2,-9,-4,4,2,-1
0,-5,4,-3,6,-3,-6,-3,-7,-1,-8,-5,-9,-4,6,4
0,-1,-1,-3,0,-3,-4,1,0,-2,1,3,-1,1,0,-6
1,-6,-4,-1,3,-2,4,-7,-5,4,0,1,1,-3,-3,4
-5,1,7,5,-4,-4,-4,1,-3,4,-6,0,1,-1,-6,1
-5,2,0,8,-4,1,-1,-6,5,5,-5,4,-5,8,6,-2
-7,-1,-3,-1,5,-2,4,3,2,4,1,4,-1,3,7,-2
2,8,-4,0,-3,1,-2,3,-2,5,-4,1,-5,-6,-3,-6
-2,-1,-1,2,-2,3,-1,-5,3,8,5,1,-5,5,-2,-3
3,3,2,-1,3,3,5,0,-1,-2,0,-5,0,-5,0,-6
1,2,4,-3,-1,2,1,6,0,1,1,-2,1,1,-2,2
1,3,-7,3,4,-2,0,-8,5,-1,3,9,0,-3,1,8
0,5,5,5,1,4,-1,4,-2,1,8,-11,2,-3,0,4
6,2,5,1,-12,1,-5,-7,-1,-3,0,-3,-8,4,4,1
-1,0,-3,6,0,7,0,2,-9,-3,3,-6,0,-2,-5,-5
-6,-7,-2,-8,-2,0,-4,-1,4,4,-2,2,-6,8,4,1
-3,-1,-8,3,-1,-3,4,-6,0,-8,0,5,-11,-5,-2,4
5,-3,-3,2,-2,-4,0,0,-2,-2,-1,-6,0,9,-6,-5
0,-4,-2,-8,-10,-1,-5,-2,-5,-2,-2,2,-3,2,-2,-3
-4,0,8,0,2,4,0,10,1,3,-5,-1,-1,2,3,2
5,4,2,1,5,-2,-4,4,-3,3,3,-4,-1,-9,0,1
3,-2,1,3,3,-3,10,-1,1,1,3,6,0,-3,3,4
3,7,-4,1,1,3,0,-8,-3,-7,-1,-1,-3,5,4,-6
3,6,8,-4,-1,-7,-5,-4,-3,2,-4,-6,-2,1,0,1
4,-7,-2,0,-3,1,10,-4,2,-1,4,-4,-2,-4,0,0
7,4,-2,-3,8,-1,-3,3,-2,-6,2,2,1,-1,0,0
-3,4,1,5,-8,-7,-4,-3,-2,-5,-5,4,-2,-1,3,-2
-3,-1,4,-4,0,2,3,3,0,4,-11,-2,-4,-2,-5,0
3,2,3,-3,-12,-4,-3,-5,-3,4,-3,-1,-2,3,5,1
5,1,0,0,8,3,-7,-7,-1,1,-1,4,-1,-5,0,-6
0,1,-4,-2,-6,2,-5,-3,7,-5,-4,3,-1,0,-3,-5
2,-1,-3,5,-3,-3,-5,0,-5,-7,-3,0,-1,5,-3,8
-3,-5,-2,0,7,1,2,0,-1,4,-4,-4,-2,3,0,-6
5,2,8,-7,1,-1,-1,-2,-6,2,6,3,-2,5,0,2
-1,0,-2,-2,-1,-1,1,-6,-4,-3,-2,-1,14,0,-4,-3
3,7,3,2,5,2,-5,3,3,1,5,2,0,-1,3,2
1,-4,-1,-3,2,2,-1,0,0,8,2,6,2,3,4,-11
1,2,2,3,1,-2,1,-7,-1,1,4,3,4,1,5,6
5,2,2,4,-9,0,1,2,-3,-1,1,3,-3,-2,-4,-2
0,-1,-3,-1,2,-2,-7,4,1,2,0,4,-3,5,0,2
6,-6,-7,-4,-3,5,0,4,-5,-9,-6,5,-2,0,2,-9
-1,1,2,0,1,3,-6,0,2,-2,2,5,4,-2,-3,5
-5,-1,3,0,1,1,0,-5,-6,1,0,0,-5,5,-1,1
-1,-1,5,0,-9,-2,6,0,-2,1,1,-4,5,-1,3,3
0,8,7,-2,8,1,-6,0,2,2,1,-1,4,-6,5,0
-1,-2,-6,0,-3,2,0,-1,5,0,-4,0,3,-3,0,6
1,1,-2,-1,-1,0,-5,3,-7,-5,-5,-4,1,2,-8,-3
-5,-1,-7,-2,1,2,-4,0,0,0,4,-7,3,-8,-1,2
4,-2,0,-2,1,-3,-1,1,0,3,-2,-7,0,-3,-6,2
7,0,5,-4,-3,0,-4,6,8,2,0,0,2,2,-1,-3
-2,-1,-1,2,0,1,-3,-8,-3,-5,4,-6,-1,-2,9,1
3,2,3,-1,5,-1,-5,1,-4,-2,1,-2,2,-4,7,-1
2,-5,3,-2,-3,2,5,2,11,-2,-2,-4,4,-3,-1,10
9,-5,-2,0,4,-4,-2,-4,0,-3,-9,-8,0,0,2,6
0,2,-2,-1,-5,-2,5,0,-1,7,-1,-2,1,5,-2,3
4,-1,0,-5,-2,-3,4,0,6,4,3,1,2,-1,-1,-2
2,-3,-6,0,0,-1,0,-1,-1,-1,1,-6,-1,3,-6,0
4,-4,-3,-4,-4,-2,-3,-3,1,-4,-5,-2,-7,-4,2,4
4,-7,-5,1,-3,-6,-4,-1,-3,-11,-3,1,0,-5,-1,-6
2,3,5,3,2,-1,-4,-6,-1,2,-4,-3,-7,-4,-4,7
6,2,2,-3,6,0,3,-5,3,-2,-1,0,9,-5,-5,4
1,1,-5,3,7,1,-2,5,-1,-1,-2,2,-2,-2,2,-2
-3,9,-2,-1,5,-1,-3,-5,2,5,-4,4,1,-1,6,-4
4,-1,1,-2,2,-3,4,-3,6,-1,-1,-1,-2,4,0,-1
-3,-9,2,1,3,2,-1,-7,3,3,-2,1,3,-2,2,0
2,0,-3,0,-1,-8,0,5,7,0,-1,0,4,-2,5,-2
3,4,-2,-1,-4,2,7,1,3,-5,-5,0,8,8,6,2
3,-1,5,-1,6,1,7,0,-4,0,-3,-2,-7,4,-3,-3
-6,0,-9,1,-2,1,1,-5,-5,0,0,0,-6,4,-2,1
2,-3,0,7,-2,4,1,2,7,3,1,3,4,4,2,4
-1,4,0,-4,-5,2,-8,-4,8,-6,-3,3,-3,-5,-2,1
-4,-2,3,-5,6,-2,-2,-1,-3,0,-4,0,1,0,-1,0
0,1,-5,3,1,-2,-7,1,5,1,-1,-5,4,0,-1,-2
-1,3,6,-2,-8,2,0,3,9,2,-1,-1,2,2,6,6
3,2,-5,-1,5,4,-5,-1,-3,-6,-2,5,-6,3,1,-5
-1,-11,0,-4,-3,1,2,5,-2,3,5,5,-1,-1,-3,11
1,1,2,2,2,-3,-5,1,3,5,4,7,-6,0,2,-3
-1,-7,-1,-2,2,2,7,-4,4,0,6,0,0,-4,0,1
7,1,-3,-9,2,0,-5,5,5,0,-2,0,-3,-1,-1,-1
7,-5,-1,0,0,0,-2,-6,2,2,2,-4,4,6,1,5
-1,-4,0,3,-1,8,1,-3,-1,1,-6,-2,1,0,-4,0
2,6,1,0,-3,1,1,3,-4,3,-2,0,2,4,1,1
8,-2,-2,0,6,-2,-1,4,-2,6,1,-5,4,-6,7,2
-4,-2,2,-2,-8,-3,-9,4,0,-1,2,3,4,-2,-2,-12
4,-7,-1,0,4,6,5,2,1,6,3,4,2,-3,-2,-6
-3,5,2,3,-7,-4,3,5,0,-12,-2,12,-5,2,5,2
-2,0,2,-5,0,-5,4,2,2,-4,15,3,1,2,-2,1
-6,0,-3,8,-14,-1,0,-4,-5,-2,-2,0,0,-3,6,-3
1,-3,5,-3,5,3,-3,-3,2,2,4,-1,0,-3,-4,-1
-2,-1,2,-3,-2,1,8,1,-7,3,3,8,1,-2,2,-6
-11,7,-4,-5,9,-2,1,-2,0,-5,-3,-4,3,4,2,1
-2,0,1,8,-1,3,4,-3,4,6,-8,1,6,10,1,-4
2,5,-4,0,-4,0,2,3,-2,0,3,3,-3,3,7,-2
0,3,-2,-2,-3,0,5,-2,1,-3,0,5,-2,9,-10,-2
2,-1,5,-1,-5,-6,-7,2,-1,0,1,2,0,-10,-9,-7
4,-5,0,0,1,-1,5,-8,-1,2,4,0,2,3,-5,1
-2,0,0,-2,-1,0,4,0,4,6,0,1,0,0,-3,2
-4,2,-3,0,1,-1,0,-2,-3,2,4,-2,-6,4,-8,2
-5,-1,0,-4,4,-2,-4,-2,-2,2,0,0,2,2,7,-7
4,2,-3,1,2,5,1,-2,2,-3,1,-1,1,7,-3,2
-3,-5,-6,-1,-1,2,3,2,-1,3,3,6,3,-2,2,-2
8,-1,0,-5,1,-4,-1,-1,1,-1,-5,-1,-9,2,1,4
-2,0,-5,-1,-1,-1,5,11,0,5,-3,-4,-4,-1,2,-1
0,0,-3,-2,-2,0,-4,2,0,-2,-5,9,2,-2,-7,2
-4,-1,1,0,3,-1,-3,2,0,-2,-3,-2,5,-1,-1,3
-3,1,3,-6,1,7,1,-1,-3,9,-6,6,-4,1,0,0
-2,-4,4,6,2,-4,0,0,-2,4,4,-5,1,-7,3,-3
1,-1,1,-1,2,2,-8,-1,-6,-2,0,1,6,0,-2,-5
4,2,0,3,-1,3,7,3,7,-1,4,0,-1,4,-5,4
-3,7,-4,-2,2,-2,-2,5,5,-1,-3,-10,2,2,-7,5
-3,2,3,2,3,5,-2,7,2,-9,-7,0,5,6,3,-7
-6,3,8,-3,-1,-2,-1,-5,-3,-2,2,-3,-6,-5,-1,1
2,-4,3,-2,5,3,3,-1,-4,-4,2,-5,2,-1,3,-6
4,-1,7,-3,0,-3,2,-1,1,-2,1,9,7,-5,-4,3
0,7,1,3,-7,0,-7,6,3,2,-1,0,-1,2,-3,5
-4,6,5,6,-3,7,-4,-4,1,4,3,1,-7,-5,3,-7
9,-2,5,1,-8,5,-2,-4,-6,13,-5,-2,-4,2,3,4
-2,-2,-3,4,-2,-2,-4,-4,-2,-7,-1,4,-1,8,-5,-2
-2,4,-7,-3,3,1,-6,2,-6,-7,2,1,0,7,4,-12
-9,1,4,-4,1,-4,-2,0,1,0,-1,5,-2,-3,1,-3
1,-2,-6,-2,3,3,-9,-1,-1,6,0,7,1,4,2,8
-4,2,-2,-6,-3,4,1,1,-1,4,-2,-10,-3,0,-6,0
-4,2,3,-1,0,-11,2,-7,3,-1,-1,1,8,-4,2,2
-5,4,3,11,4,1,-6,5,3,7,-8,0,10,2,-9,6
0,2,6,-7,2,-3,-9,-5,0,2,-4,0,0,3,-4,-3
3,-3,-2,5,1,3,-2,1,-2,7,-3,7,3,5,-2,0
3,-2,0,3,-5,0,-2,3,-3,-6,2,-2,3,11,6,0
0,-2,1,1,-6,-3,3,-9,2,-2,1,1,0,3,-1,5
0,-6,-8,-5,0,-10,-1,2,0,-3,-6,-3,2,4,8,-6
-5,0,-5,-1,0,4,0,-2,3,-6,-1,-4,-2,3,-1,1
-7,-5,-3,3,0,7,6,0,-2,7,4,2,-2,-3,-3,-5
-5,-2,-3,-3,2,-6,5,2,-7,-5,6,5,1,0,-9,-7
3,-9,6,-1,4,-2,5,-1,9,0,-2,0,10,-1,-4,-5
0,-4,1,0,-2,-6,2,2,3,-5,1,-3,-5,-2,-8,-7
0,2,-5,0,0,0,-12,-2,-5,-1,-1,1,-1,0,8,-2
-4,-1,-3,-5,2,2,0,3,5,-1,-1,3,4,2,2,0
0,6,0,-2,-2,-1,6,4,3,4,-1,-7,-3,-6,3,-6
0,4,10,0,1,7,-2,7,-1,1,-9,3,-2,-3,-6,2
-4,-1,2,-7,8,-3,-5,4,8,-4,-6,-4,3,-6,-1,0
3,5,2,3,4,1,1,-7,0,-2,-2,1,4,4,2,2
-1,-9,-2,1,3,5,-4,-3,-4,0,-2,1,4,-6,-7,0
-5,0,1,2,1,-3,-1,8,1,0,0,1,-1,2,-4,1
1,-1,-4,4,-4,3,9,2,1,-6,-3,-3,1,-1,-5,1
2,3,1,7,3,-1,1,-5,0,1,1,0,-1,-1,-5,3
-3,0,2,-1,-7,-3,0,-1,1,0,3,-2,2,12,-1,-2
-5,-2,5,0,-2,-2,6,0,-5,-1,-4,-1,-2,-4,-5,-8
5,-1,4,-1,-1,-4,7,-2,6,1,8,-2,1,-3,3,3
-2,-1,8,3,-3,3,-3,-2,-4,2,3,0,-1,-2,-1,8
-1,-1,4,-1,3,-3,0,0,5,-2,2,-1,-1,0,-1,1
-9,-1,8,4,0,-1,1,1,1,3,3,3,-1,3,1,5
-4,1,0,-2,-2,-6,3,2,-7,3,1,2,0,-1,-3,-7
2,-3,-3,8,-2,2,-3,-3,0,-4,7,-4,2,-1,5,3
3,8,1,-5,-5,3,6,1,-4,-2,1,3,-6,2,2,4
10,7,1,0,0,8,-8,2,-3,-7,0,1,3,-8,-4,3
-2,0,2,2,7,4,0,-1,2,2,-1,4,4,-1,-7,2
10,7,-1,8,-8,3,-7,2,4,9,-3,-3,9,-3,1,-1
-7,-6,-1,0,3,2,-1,-7,-2,3,4,1,1,-2,-1,-1
2,1,-5,2,-5,0,-1,-2,0,-1,1,-1,-1,5,10,3
-1,-2,2,7,-2,-6,2,-6,-2,0,-3,5,0,-3,6,-2
9,1,1,-4,4,-4,-4,3,7,6,3,-5,-7,6,-4,0
3,4,-2,-3,4,-8,1,0,4,-2,7,-2,-7,2,-5,2
-5,-8,-1,-2,1,6,-5,-3,12,-2,1,5,-4,5,-5,3
-1,1,0,7,-2,-3,-4,0,1,-10,3,-1,-3,-5,1,-2
-2,2,1,1,-2,-1,5,-3,-4,-1,3,-2,-4,4,2,4
0,0,0,1,-7,4,5,-4,0,1,-2,-3,-1,-5,-7,5
-2,-4,-1,-4,-1,-3,-1,3,-1,8,0,-2,-4,-10,-10,-1
7,-2,0,-1,-2,-1,4,2,-4,-6,-6,7,5,0,1,0
1,2,-4,0,3,4,7,3,-4,-2,1,-2,3,1,-1,-1
0,3,2,-3,-1,-3,0,-8,-1,5,-4,0,0,-2,-4,8
0,3,7,2,-3,6,5,0,4,-6,4,5,-2,5,3,-6
6,5,0,1,-2,5,2,-6,-1,0,-7,-1,9,-4,3,2
3,1,1,-4,-1,-6,-5,5,-6,-2,2,-2,-2,5,-7,-3
3,4,6,0,-4,-3,-1,0,-6,4,-3,0,-1,1,-2,-6
2,4,2,-1,1,5,-3,-6,3,-2,0,1,9,-8,-1,2
-12,-7,-6,1,7,2,0,1,0,6,-1,8,0,-3,-3,0
-5,1,4,6,-3,3,-3,9,-7,-4,2,5,3,-1,-9,-7
1,-1,2,-4,0,-4,4,2,-1,-1,0,-2,-2,5,-5,3
-4,-6,2,2,1,-1,3,-4,-2,2,6,-6,-6,0,3,3
2,1,0,-1,-6,2,1,-11,-8,3,1,2,5,0,-8,2
-4,-4,-6,0,-2,2,0,7,8,-1,-5,5,-7,1,-2,2
-7,-1,-4,3,8,-8,3,-5,-4,2,6,0,1,-4,-5,6
-2,3,3,0,4,-8,-3,5,0,0,-6,-1,1,-2,4,-1
5,-1,-4,-3,-6,-4,-4,-6,-4,8,4,5,4,9,-3,-1
1,0,1,7,6,2,1,3,0,4,1,-2,-4,-8,1,0
-4,-3,0,-4,-5,1,4,2,-4,-4,-2,4,-1,0,-4,-2
6,-4,-7,2,3,0,4,2,-8,-3,-2,7,2,-4,5,1
-2,-2,-2,5,0,5,-2,-3,6,0,0,-1,3,-1,9,-2
-1,3,8,2,-6,2,9,4,-2,-2,-1,-2,4,5,5,3
1,-2,0,-2,-1,-2,-3,-4,5,-1,2,2,5,2,-7,7
-2,0,0,0,-9,0,-1,5,3,-2,1,12,-6,-7,3,0
-6,-6,2,-1,2,4,-1,-7,1,-2,-4,-2,-5,-1,-3,5
-2,-7,-5,0,-3,1,1,-1,-2,4,-4,0,3,6,-1,0
-2,-4,-1,-4,1,-7,-2,5,9,3,-2,-1,6,-4,1,0
3,-4,-1,0,7,0,-6,7,3,2,-6,-9,-2,1,4,-6
-7,2,-3,5,-6,3,-7,-2,2,6,-1,-2,-3,-5,-6,5
0,4,-2,2,3,4,-1,-1,4,0,4,-5,-4,6,1,7
2,2,0,-3,-3,-1,-3,-6,3,1,-3,0,-2,-5,7,0
9,-3,-7,4,2,2,-4,-4,-3,0,1,0,2,2,3,9
-4,1,-2,-6,8,-1,-3,5,3,1,4,1,11,0,2,0
5,3,-1,-1,-7,1,8,-5,-4,-4,-6,0,-3,2,6,2
2,-2,-3,1,-2,1,3,-3,2,-3,1,2,0,-4,5,-1
-1,2,4,8,7,-3,2,-4,3,-1,2,2,1,-4,-3,4
-6,-2,-3,0,-3,-2,3,0,1,0,-6,-1,1,5,1,-2
0,-3,-3,1,1,-4,-1,4,7,-5,3,-3,2,-2,-6,-3
-1,2,5,7,-9,3,6,2,4,-6,-2,11,-10,4,5,-2
-2,0,3,3,3,5,6,1,-5,4,-4,7,4,2,-7,1
4,-1,-5,3,0,-3,1,4,-4,-1,-2,-1,0,7,2,2
2,3,-3,0,-6,-5,1,11,-7,1,-1,0,3,0,4,0
2,-5,2,4,0,-1,-2,5,-5,-1,-2,4,3,-1,-5,-4
0,-2,-4,-7,6,-3,3,6,0,1,4,-2,-2,-1,-5,8
-4,-1,-1,-5,-3,-3,0,-3,-6,-5,-6,2,1,1,4,1
1,-5,1,-3,4,0,2,2,-2,5,4,-2,-2,-8,-1,2
-2,0,6,-7,2,-4,-1,0,2,-7,2,3,-2,-2,-1,0
4,-6,-5,6,0,-3,2,-6,-2,0,4,-5,0,-5,-5,-4
0,7,-2,-2,-7,-2,-2,1,-2,-6,-4,1,1,-4,2,3
2,-3,5,2,1,7,-1,-6,-2,7,-3,2,6,1,-8,0
0,1,3,3,2,6,-2,-9,7,-1,2,-3,-1,0,7,-12
-2,4,3,4,-6,-1,6,4,5,3,4,-2,-2,-6,-2,8
-1,-2,8,-2,3,-1,9,3,-2,-5,-2,-4,1,0,6,3
1,0,-3,5,2,3,-1,4,1,-6,2,6,0,-3,-1,-8
1,0,-6,-5,2,-2,3,9,-2,-7,3,-1,-2,5,2,7
5,-1,-2,-12,1,4,2,6,-4,-1,-1,6,3,-2,4,-4
0,-7,12,5,2,-3,7,-1,-1,4,3,-1,-3,-1,6,7
-1,-1,6,-3,-4,-2,-3,2,-1,-4,-3,3,0,2,1,1
4,5,1,7,1,-7,-2,1,3,-1,2,5,-2,7,-4,-6
0,0,1,5,1,1,-1,-3,-6,3,5,-3,2,-2,-2,0
6,-4,-2,2,-3,2,0,-3,1,0,0,2,1,-2,-1,5
0,4,-1,3,0,-4,-3,-2,-2,2,-2,0,-9,4,-2,-6
4,1,0,0,-2,-9,-3,2,-3,3,-6,-3,-1,3,0,1
-6,1,4,1,5,-2,6,-4,-2,7,4,-7,2,4,0,2
-3,1,-3,-1,-3,2,2,-4,1,-3,-1,-8,3,7,1,-2
-4,-4,-1,-4,-2,4,-1,-6,4,5,-1,0,-6,-3,1,1
-5,-3,0,-6,-2,-4,-2,10,2,3,-1,4,-8,0,7,2
-1,0,-5,-8,2,2,3,-4,-6,1,2,-3,3,-2,-2,-3
3,-3,4,2,-3,1,1,3,-5,0,3,1,0,0,-1,-8
6,-1,2,-1,-8,2,1,-3,4,-2,4,1,4,1,5,-5
-7,2,-2,0,8,2,-10,-1,-1,4,5,-1,6,-5,9,1
0,0,-1,2,5,2,-2,-2,-2,4,1,-9,-5,0,-4,1
2,9,0,-2,2,-1,2,1,0,-3,7,-2,1,-6,0,2
1,4,-2,3,-1,0,-5,6,-1,3,6,-5,-4,0,1,0
0,-2,0,4,3,6,-6,0,-1,7,8,-3,1,1,0,5
-5,2,-3,4,-5,0,3,-1,5,2,-2,0,6,-1,-5,-2
2,-1,7,1,-1,-4,2,-3,-4,7,-4,4,-8,7,-3,1
-1,-1,-3,4,6,-4,1,4,-1,4,1,-3,-3,-1,1,-8
1,2,5,0,-3,7,-4,6,3,-5,12,1,0,-3,2,-4
2,-1,-7,7,1,-1,6,-1,3,1,-5,5,3,0,-6,1
4,-4,5,-5,4,2,-1,1,2,2,-4,-6,-6,1,-2,-2
3,-2,0,0,-2,0,4,-6,0,0,-3,4,-2,6,-7,-1
4,7,-3,4,-2,0,-2,-2,-1,1,2,1,-1,1,4,3
3,4,-4,-2,-2,5,1,-4,-1,-1,0,-9,3,-4,-2,5
-3,4,1,-2,-4,-7,3,5,11,4,-3,-1,0,2,7,-3
-1,3,4,1,0,1,3,6,0,1,3,-7,0,-6,5,-7
10,-6,-7,4,0,-3,2,1,7,-3,3,2,1,-2,4,-1
2,0,5,-1,-8,5,-8,-7,6,-2,-2,-4,3,3,-2,-2
7,3,0,3,0,1,1,-3,1,3,2,-1,1,4,-5,0
-3,-7,-9,7,1,-4,2,4,-2,3,-1,-1,-2,6,2,-4
0,5,-1,-4,-4,-6,-7,1,1,8,9,-2,0,-2,-3,0
-2,-6,-1,-4,-4,2,0,0,1,-8,1,10,-1,4,3,2
-4,-2,-3,-4,2,3,0,-11,0,3,-2,-4,7,-5,1,-1
-1,-4,-8,-3,0,-12,4,0,5,-4,-5,1,8,0,1,-6
-5,-6,-2,1,-4,-2,-4,6,4,0,-7,0,-1,3,-4,-1
7,2,0,1,-1,1,-3,5,3,-3,13,1,0,0,8,-2
0,6,-2,-3,-6,0,2,-1,1,-7,4,0,-2,-8,2,-1
-3,3,4,-3,-3,0,-2,-4,-3,1,2,-1,-6,4,-3,1
-4,3,1,1,-4,5,1,-2,2,0,9,4,-2,3,-3,5
-2,2,-7,-1,2,0,8,0,-1,-1,6,-3,3,-3,-7,1
-4,2,-3,0,-2,3,8,-6,5,3,-7,3,-3,-2,-1,-3
-4,-3,7,2,9,-3,4,2,1,-5,-4,3,1,-2,3,3
-1,-4,-3,1,1,2,2,0,2,0,-10,4,2,0,7,-1
0,-6,2,2,-4,-1,4,0,6,-6,-2,2,8,-5,2,5
0,-1,-1,1,1,-6,1,-8,4,-1,0,6,5,-1,0,-4
0,2,-5,-5,1,-3,4,0,0,0,3,2,-1,-7,-5,-6
-7,-7,2,-1,-1,2,7,1,-3,-4,-7,0,-6,3,-4,1
1,2,2,-3,2,2,0,-2,3,0,3,3,2,-3,3,0
-4,-4,4,2,2,-3,5,1,-2,7,5,4,-1,-7,-2,0
-3,0,5,6,1,-2,-3,3,-1,-3,1,0,2,1,-1,-3
-6,-1,3,2,-2,-2,8,1,3,8,10,4,7,5,-1,2
4,4,1,3,-5,-2,-1,-7,2,-4,-1,0,9,-3,-3,2
-4,-3,0,-7,6,2,-1,3,-6,0,-5,-2,3,-1,3,0
0,7,2,-2,-2,-5,3,-2,0,5,-6,-6,-1,-1,6,5
-3,-2,1,-5,4,-4,-6,2,7,-3,4,-1,-1,-6,6,2
-1,3,-4,0,-1,2,9,-1,6,-1,3,-4,3,3,7,1
0,0,11,-4,1,2,-2,3,-3,0,-1,6,-3,1,-2,4
-5,3,-6,6,8,1,5,-1,0,1,1,-8,2,-3,0,4
-1,-7,4,1,6,6,-2,-6,-7,-1,-1,2,1,-6,-3,3
4,1,-4,0,5,4,1,-1,2,0,6,7,6,-5,-1,-5
-2,-2,-8,-2,-1,3,0,-2,-6,8,1,4,6,0,0,2
-6,-3,5,-6,2,6,2,-2,3,10,-2,1,1,4,3,2
5,-2,-2,3,0,1,-3,-4,0,5,0,5,0,-1,4,3
-3,0,5,-1,3,4,-4,-1,-3,-2,-1,8,1,3,-4,1
1,2,3,-2,-3,0,-2,4,0,3,1,1,5,1,7,-2
-2,0,-3,3,5,3,-3,1,-1,1,-1,3,-5,0,0,-2
-2,-1,-4,-5,-2,-2,7,3,1,1,3,6,-3,-3,3,10
-1,-6,-7,0,1,-2,-3,-2,-3,4,1,5,-1,-4,2,2
-3,7,5,3,1,3,3,0,6,-4,5,-2,2,0,-3,-2
0,2,2,-1,4,5,1,5,-2,1,-2,4,6,8,1,-1
-4,2,1,4,-4,-2,1,3,2,2,-3,-4,-5,1,-2,-4
3,6,4,0,5,-1,1,2,2,-3,-2,4,1,0,0,3
-2,3,-3,-2,3,-3,5,2,-2,1,0,2,6,1,-6,-2
1,-5,2,4,11,-2,2,0,2,1,0,-6,5,-3,-1,4
0,3,5,3,7,2,-2,-3,-4,-4,6,-1,6,-3,-4,-5
0,-3,1,2,-8,-1,7,-2,-4,3,0,4,2,0,0,6
7,1,-1,-1,-2,1,1,3,4,0,1,-1,-2,5,3,-4
2,-2,3,-2,5,-5,0,-4,8,4,2,5,-9,-1,8,0
4,4,5,-2,7,-3,-4,-1,-2,4,-1,-6,2,-8,-4,4
7,-1,-5,4,1,2,-4,-5,-5,-6,0,6,0,-4,3,1
5,-6,-2,-6,5,-5,-3,2,-3,7,-2,3,1,7,-6,10
3,1,-7,2,3,0,1,6,5,3,3,-6,-1,3,-1,2
4,8,1,5,1,3,7,1,3,6,7,1,0,10,-2,0
-4,2,-2,4,-1,-4,2,-1,1,-3,-3,1,0,-1,6,6
-2,-5,-1,8,3,6,0,-1,-6,1,0,-1,-5,5,8,0
-3,-5,-1,-1,-7,-6,-1,1,7,0,-6,-4,-7,2,-1,-4
2,0,-3,0,-1,-2,-1,2,-9,-2,1,5,5,5,-1,-3
3,4,-2,1,0,1,5,-1,-6,-9,7,4,3,2,-2,3
-1,-3,-7,-2,-7,-2,2,5,-2,-1,1,4,2,-10,-4,0
4,-5,2,0,2,-4,1,5,2,-2,4,2,11,0,1,5
4,0,-1,-1,3,-3,0,6,-1,-6,-8,-3,-1,2,-6,-1
1,2,-3,7,-4,-2,-7,-2,-3,8,2,1,1,5,5,4
3,1,-4,7,3,-2,4,-2,2,3,3,0,1,7,-2,-5
-2,2,-6,-3,4,3,2,2,3,3,5,-5,0,-4,5,1
6,7,4,3,1,2,-6,-4,3,1,-8,-1,-1,7,4,2
-4,-5,-4,3,1,-1,-3,-9,1,-2,4,5,-4,0,-6,-3
4,-9,-7,-4,-2,-10,-2,1,-2,-1,6,2,-3,-3,1,-8
-7,3,1,-6,5,2,2,3,-3,-8,-3,10,2,2,-5,0
-3,-3,2,0,-5,0,4,1,2,2,-2,-6,2,-4,0,4
-3,3,4,1,1,-8,1,-2,-1,5,-8,-5,2,2,0,1
-1,-2,4,-1,-4,-5,-3,-6,7,-11,-7,1,-1,2,-2,-9
1,2,-5,2,-1,0,-4,4,-2,-3,0,3,0,8,-3,-6
2,-4,-3,-3,4,3,5,6,1,0,1,6,5,-3,2,2
-4,0,3,-2,-2,2,3,-3,6,-7,6,-5,-3,0,8,-8
-5,3,-3,-2,3,-3,1,10,0,1,-4,1,-6,4,0,1
0,1,0,0,10,6,0,2,0,-2,-1,-5,-1,-2,-2,-3
1,-6,8,3,-6,-3,2,5,-1,0,-1,0,0,0,-5,6
8,5,0,-5,0,1,6,7,6,2,-7,3,3,6,-1,-2
-4,-1,4,0,-7,-2,-4,3,3,3,1,4,2,-3,-3,-3
6,3,-1,2,3,0,2,-2,0,0,3,-2,2,-4,2,7
-1,-3,-2,5,3,-1,-1,-1,-3,-9,3,-1,-4,-2,-3,-4
-8,-1,2,2,-4,-2,6,4,0,0,-2,-2,3,-2,3,2
-8,-1,-1,-2,2,-1,-3,-1,5,3,-2,5,2,0,-8,6
3,1,0,-5,3,3,-1,0,1,0,5,1,1,0,-3,0
3,-3,1,-2,8,0,-2,-6,4,2,-2,1,1,-7,1,-2
3,-1,-3,7,-3,-6,-1,-2,8,0,8,2,0,0,6,-7
4,-3,-4,0,0,-2,3,1,-3,-3,3,-4,-2,5,-7,5
0,-1,4,-1,2,5,4,-2,-8,0,6,2,-2,1,2,2
-4,-2,3,1,2,-2,5,1,8,-2,5,-5,-4,3,6,-2
-4,1,5,2,-3,-2,3,-2,-5,2,4,-4,9,-3,-6,-5
-9,-6,7,3,4,3,8,1,2,-4,2,-3,-6,3,2,0
-5,5,2,2,-3,3,2,2,-7,-3,-4,0,3,2,3,11
1,-1,1,-3,-4,2,2,2,5,-7,3,0,1,-9,-4,3
1,2,-5,0,7,-10,4,-6,4,0,4,-1,-1,-4,2,-1
2,-7,0,5,6,-8,-4,-8,-1,2,2,0,0,2,-2,-5
4,-2,2,7,1,2,5,3,-8,4,1,5,-2,-7,-7,-1
7,1,-4,-4,2,2,3,3,-10,5,5,-5,3,3,-1,3
-1,-5,4,-3,-1,9,9,0,-3,0,-3,1,0,4,-4,-1
-2,0,1,-3,-1,2,-2,2,-1,3,0,-1,1,1,-4,-1
0,1,-9,-3,5,1,0,-1,0,1,0,-2,-2,-1,2,5
-4,-14,0,3,0,-1,-7,-4,-2,1,-3,6,5,-5,-5,4
-1,4,4,6,0,6,-2,-2,-2,3,-2,8,-8,3,0,-2
3,-5,-2,-3,-4,0,-3,2,-4,0,0,-9,0,5,1,4
0,-1,-3,-1,0,1,-7,-14,7,5,2,-4,3,4,0,-2
3,6,-2,-4,0,2,-2,0,-3,2,6,4,-1,-5,4,3
-5,-7,1,-3,8,6,-2,2,-1,5,0,-5,-2,3,-5,-5
-5,4,5,2,-1,3,0,0,2,3,0,-4,4,4,2,0
-4,0,-7,-2,1,0,5,0,-1,-2,-2,2,5,-3,1,-3
-2,4,-1,2,-4,-6,1,1,0,7,-1,2,-1,-3,4,1
4,-3,4,2,-3,2,0,-2,5,-7,2,3,-7,5,1,7
4,-1,-5,-1,9,-8,5,0,1,0,-4,-5,1,-3,-4,0
6,2,-1,-1,2,3,-6,3,1,-2,0,-3,-1,-6,-3,3
-2,-3,-2,-2,4,-3,2,6,-4,5,1,7,0,-11,1,0
-1,4,-1,0,0,1,7,-9,-3,-1,4,4,2,-4,-4,-2
-3,-1,-2,2,2,-6,-2,6,5,2,1,-1,-9,9,0,2
8,-5,6,-7,5,0,1,1,11,-1,-4,7,-1,-3,5,1
-4,3,5,5,2,-3,3,-5,3,0,4,-1,3,4,-4,-6
-8,-2,-2,3,-6,-7,3,6,1,-2,-6,-6,13,5,1,4
-4,0,3,-8,-8,3,3,-1,-6,5,1,1,1,5,0,3
-2,4,0,3,0,6,0,1,-2,0,2,2,-4,-7,3,5
7,2,-3,4,2,0,-3,-3,1,5,2,-1,-1,-6,-9,-1
1,-4,2,0,0,0,0,-2,-1,6,4,0,1,9,-1,-3
-2,-4,8,1,3,-5,-7,0,-5,0,-3,0,-9,-2,-5,-3
4,1,-1,5,-4,-2,-1,-6,-1,-6,-7,-5,1,-4,1,-1
3,1,-2,-8,-2,6,2,2,-10,4,1,-2,6,-2,1,-5
-3,-7,6,6,-3,-6,-3,1,0,6,-1,-3,2,5,-4,1
-2,8,-3,-7,-3,2,-2,2,0,0,-5,-3,0,0,-1,0
-1,-2,0,-3,0,4,-1,2,1,1,0,-3,0,-2,-1,-1
-1,-2,-1,8,-10,-1,2,10,-3,-3,-7,1,0,-3,8,-4
4,3,-10,-2,3,2,-1,-5,-6,6,-4,-1,4,1,4,-7
-1,8,-2,-2,-4,1,-3,-4,-2,3,-4,2,2,-5,3,-2
1,-1,2,5,-2,1,-2,2,0,-1,7,-8,4,5,-2,-3
4,-7,-1,-3,4,11,-6,6,2,5,4,1,0,4,7,-5
-2,2,-4,2,4,6,-1,-3,4,-10,4,-1,0,2,5,3
2,-2,5,-2,-3,0,0,3,2,3,3,11,0,-5,-5,-5
5,-5,-5,6,1,3,1,-3,1,-4,-4,-6,-5,1,2,-1
0,-3,4,1,-3,-3,8,5,3,-7,1,1,-1,7,-7,-2
3,1,0,3,-3,-1,-1,6,-1,-3,-1,-1,1,-1,-2,2
-8,2,2,-4,-4,-1,-2,-2,2,-5,2,3,2,1,-5,-2
-1,4,-2,-1,-8,2,6,1,1,4,-1,-2,-2,-2,-2,-2
-6,-1,3,2,0,3,-1,4,-1,-4,-4,0,5,-2,1,-2
-2,0,4,-5,2,2,2,-3,-4,-2,-10,2,-7,-1,1,-1
-3,-4,-6,4,-5,4,0,-1,0,-10,0,3,-1,0,-6,2
0,6,4,2,1,5,5,-1,7,-3,0,0,-2,-1,1,2
0,-1,-1,1,-2,6,2,-5,0,-9,-1,9,-2,-8,-2,-4
-2,-2,-1,7,6,6,-3,1,-2,5,-4,3,-6,6,4,-1
4,-2,-4,1,-8,-2,0,0,-2,2,-5,-7,-8,7,-2,0
1,1,-3,2,-5,1,-4,-2,1,1,-3,-2,-3,-2,3,2
-1,0,3,2,1,3,-1,-6,1,-1,1,-2,-5,5,-3,3
0,-4,4,-2,-1,6,-3,4,-5,1,1,-4,3,6,-7,4
-2,5,9,5,7,-2,0,-2,-1,1,-2,0,0,-3,-6,7
9,-6,-6,4,4,-2,2,1,0,-2,-2,-3,2,12,-4,1
2,4,-4,8,3,-2,4,-3,4,1,1,5,-6,2,6,5
4,6,1,-10,2,1,4,1,3,4,-8,-1,-1,-2,-4,-1
7,-1,2,4,0,4,-1,2,0,3,4,0,3,2,4,-2
8,4,-4,-2,0,4,7,-7,3,5,-6,2,-7,0,6,10
5,1,2,-8,2,1,-5,3,1,-2,-5,-4,-1,0,-2,1
3,-1,7,0,5,-1,3,4,-1,0,3,3,0,-1,4,-6
1,1,4,-3,2,8,6,-4,-1,-5,1,2,-11,0,1,9
1,-7,-2,-6,-2,-4,2,-2,6,-2,-8,-2,2,0,1,2
-5,1,4,-1,-1,0,2,-2,-2,1,-2,1,-2,7,-4,2
3,1,1,-3,0,3,2,3,1,9,1,-4,-3,3,-4,3
7,3,-3,-2,-8,-5,-7,-4,0,9,-1,4,0,-8,5,-2
6,1,0,2,2,-2,1,-1,-2,-3,-2,-4,3,-6,-1,1
-2,0,3,-3,-5,-3,1,0,2,1,-1,0,5,-1,2,3
3,7,-2,7,-4,2,-2,-3,-1,-2,-1,-4,6,-3,4,-5
2,-1,4,0,4,5,3,2,-3,4,-3,-1,-2,-2,-1,-6
-2,1,-1,-3,5,0,-5,6,4,-1,6,1,2,8,-2,-4
-6,-1,-3,3,-7,1,-3,-10,-1,0,-1,-2,7,-1,3,7
-8,0,2,4,1,-2,-1,1,-2,1,0,2,-6,-1,-4,4
-4,0,-2,1,-4,-3,-11,6,0,-2,-6,0,2,-3,3,1
-3,4,1,1,3,3,-3,-2,-6,-2,-4,2,-7,4,4,-1
-1,-5,1,7,-4,-6,8,5,1,-3,-3,-6,-4,4,2,-1
-5,-1,5,1,-1,-2,-3,6,5,3,-6,0,-2,6,1,5
-1,0,-7,0,0,1,4,4,5,3,-3,-4,-3,-4,7,3
-2,-2,4,0,4,1,-2,4,0,3,-4,1,-2,5,1,1
1,-1,2,0,-3,-7,1,3,3,-3,4,5,1,4,-2,1
1,1,-2,3,-5,-2,5,4,-4,6,-4,5,-2,-2,1,-5
-4,-4,4,-1,-1,4,-3,2,2,1,-1,2,3,1,4,0
-11,1,3,2,8,7,1,0,-3,-2,-2,-2,-5,0,2,7
3,-9,1,6,8,-7,0,6,4,3,-1,4,3,-1,-2,0
3,-1,3,-5,7,1,1,6,-5,-9,4,1,-6,-3,3,-6
-10,5,1,-4,3,-9,3,-5,2,1,8,-3,-7,-4,-11,-7
6,2,0,-2,-1,2,-7,-3,-1,1,0,-2,8,5,-3,-3
4,2,4,-1,2,-3,9,2,8,0,-3,-4,-6,-2,2,4
-5,2,-1,3,-3,-4,4,2,-1,3,-2,-3,-2,2,-9,-1
-1,0,6,-1,0,-5,-4,5,2,0,3,4,-2,-3,0,-7
3,4,-1,1,0,-1,-3,5,-5,-2,-1,-2,-3,3,-3,-2
-3,-6,0,2,4,4,3,-1,5,-1,-7,4,-2,-5,3,2
2,-3,6,-4,2,0,4,2,-5,-1,-12,2,-1,0,-2,-4
-3,-9,4,2,4,0,8,-1,3,12,4,4,4,1,2,-1
0,-5,-2,3,-2,-1,4,1,4,3,2,-3,1,-10,3,3
-6,6,-4,-5,1,-7,6,0,7,-1,-5,0,-9,-1,-2,-3
-2,-4,-1,4,6,3,-1,1,2,1,1,5,4,2,1,2
-1,0,4,4,6,4,0,1,-6,2,-4,3,-1,-4,-1,0
1,-1,1,5,-1,-3,-5,-1,-2,2,1,-3,3,0,-1,1
1,-5,1,-3,2,3,0,-2,-2,-1,-1,-1,-4,-1,3,2
5,-3,-1,-3,2,-1,1,-1,6,8,5,-3,1,-2,0,0
-4,5,-2,1,2,-2,-4,6,3,-4,-6,4,-2,2,7,1
2,2,-5,2,1,-5,-1,-3,2,-6,3,0,-1,1,-5,-12
8,-2,0,0,-1,-3,-6,9,3,1,-1,-6,2,6,-5,8
1,-2,2,-6,4,4,-1,-1,6,7,3,-9,1,-8,-3,4
-6,2,-1,1,4,-6,5,-2,5,0,0,-3,7,-2,-3,-1
1,3,7,-5,-2,4,3,-1,5,4,8,0,2,1,1,2
-4,-2,-3,0,-2,1,1,-6,-3,-2,-8,2,5,-4,7,-1
5,-1,-3,0,-10,2,-4,-1,2,5,-1,1,4,-6,-3,-1
-1,-2,-5,0,1,1,-1,8,-7,-3,1,4,-3,-1,0,-2
-5,-6,-4,-10,1,1,1,-2,-2,0,2,-2,2,-3,3,-2
7,-3,-2,0,0,0,-3,5,-1,-2,-1,0,-4,6,-4,-2
1,-2,-3,6,6,-5,-3,2,-9,4,6,-4,-4,-1,0,1
-3,1,-4,5,1,-1,3,10,-1,0,6,0,2,0,-7,12
1,-1,1,-1,-3,-1,6,1,2,1,-2,-6,-1,3,-4,0
6,0,-2,1,9,-4,-1,0,-4,0,1,-3,3,3,-9,-1
-1,-4,-3,-1,-10,3,-3,0,-2,-5,2,2,5,-10,7,6
-8,1,4,0,3,2,3,-6,5,8,4,-3,1,-2,-1,7
-4,1,7,-5,5,3,-1,-4,0,10,-3,1,4,-2,-5,-3
-8,-3,8,4,1,4,5,-6,-7,6,2,1,0,-1,-2,-2
1,-2,2,-1,1,-1,-2,0,3,3,-2,4,-3,-2,-5,-2
2,3,1,-3,-1,5,-5,-7,0,-10,-4,-4,-3,0,0,1
5,0,2,3,-3,2,0,2,-3,2,0,6,-1,-4,-7,-2
-5,3,-1,0,-5,-3,-6,-3,2,-3,0,-6,-10,7,6,1
5,0,4,4,1,5,3,3,-1,-1,-1,2,4,-8,-3,-4
3,0,10,-2,-9,-1,-1,-6,-4,-3,-5,-1,3,-2,4,0
5,1,7,-3,2,-4,3,-8,-5,1,3,-1,0,0,3,-5
-3,-3,-1,0,-2,-9,3,3,5,-3,-4,-6,0,1,2,3
0,6,-4,-6,4,3,1,5,-3,5,3,3,1,-8,0,4
-2,-6,-3,2,6,0,-4,-3,-2,6,-7,2,3,-2,5,2
-7,8,-4,-1,-1,-2,3,-1,-7,-3,3,-5,-9,4,-3,8
-6,0,-1,1,-1,-4,4,2,-2,-1,-4,1,4,3,0,-1
1,3,1,1,1,1,1,-4,6,3,1,1,1,3,-2,0
1,-1,-2,-4,7,0,3,-3,-1,-1,4,-3,4,-3,-8,2
4,4,4,3,2,2,2,6,2,-1,-11,3,9,-4,-4,-5
-2,-4,3,3,-1,1,-3,-4,4,-3,-3,8,-1,-1,5,-5
5,7,-9,2,-3,-3,1,2,-4,-2,-2,-2,5,-6,3,6
2,-8,3,0,-4,-1,0,8,4,1,-4,1,-7,-3,-5,-1
-1,2,3,5,3,-2,3,13,3,-5,-4,-8,0,6,5,0
5,-8,1,-5,-2,2,0,0,-4,-1,10,1,8,-2,-1,3
1,4,2,-2,5,-2,-5,9,-4,-6,1,-1,3,3,-3,-3
-3,5,-5,1,-3,-4,1,3,1,-10,1,0,6,1,-2,1
3,1,1,4,-1,9,1,-2,2,4,3,-6,3,2,0,10
0,-4,-2,2,-1,-1,-1,-2,1,1,4,1,1,0,-6,-5
3,7,-5,0,-2,5,-2,-2,-3,0,2,-3,-2,2,-3,11
-3,-1,0,8,-2,-3,1,2,3,2,6,3,-6,-4,6,2
3,3,-4,-5,2,5,9,1,1,-4,5,1,0,0,6,-9
-1,1,-7,-1,-7,3,-1,-4,-1,3,4,6,10,-4,1,5
-2,-2,2,3,3,0,-1,-3,-2,-6,-3,-2,6,1,-1,-2
1,-5,-1,5,2,-3,-4,-4,2,-1,5,-6,5,9,-4,2
1,5,-1,-1,-4,-1,-5,7,2,-1,5,-5,-7,9,-5,2
3,0,1,0,-1,3,-5,-2,1,-1,-4,3,-4,1,-4,5
-2,-7,0,2,-5,3,-6,5,1,-4,1,7,2,-2,-1,-1
3,-3,-4,2,-3,-1,-3,2,-2,1,-4,2,-4,5,-1,2
-6,-2,-6,-8,8,0,1,6,-4,-2,0,-2,-1,1,3,0
-3,1,2,2,-5,0,5,-6,2,-4,-2,-2,-6,6,2,-1
2,-4,1,1,-4,-7,5,3,2,-8,1,1,-4,-1,-4,-2
7,1,5,2,0,-1,4,-4,7,6,3,3,1,0,-2,6
1,-8,-3,3,-1,-4,2,4,-8,0,-4,0,-12,-2,3,-7
-6,0,5,2,1,1,1,-3,-1,2,-1,3,-6,8,-1,-5
-1,-2,-2,-1,0,0,-4,0,-4,1,-2,5,5,-2,-1,-9
-1,0,8,-2,-1,-3,4,3,-5,6,-2,-6,-2,-2,1,-10
3,5,-2,6,2,-4,-3,1,0,2,1,9,2,-2,6,-6
3,-6,3,1,2,0,3,-6,0,-3,0,-3,-1,5,2,3
5,5,-3,4,1,6,1,-1,2,6,-4,-5,-7,-3,1,0
9,-1,4,-1,-10,2,1,-8,6,-1,0,-4,3,4,-2,6
5,-2,0,-6,-6,4,3,-1,-3,-1,1,6,-2,3,0,2
2,-1,-3,-5,-4,4,0,-3,-1,-3,6,1,4,1,2,0
5,-3,-2,-2,-5,8,1,-3,-1,0,0,-7,1,2,-5,-3
-3,-3,2,5,6,2,-1,1,-3,0,2,-3,-7,1,0,2
-1,-4,2,-6,2,-1,-2,3,-4,-1,2,1,0,3,9,7
-3,9,1,2,-2,1,6,3,4,2,-7,-6,5,-5,2,0
0,-1,6,-6,1,-2,-6,0,-1,-3,-2,4,-5,1,1,2
1,-1,-1,-4,3,3,5,-1,-5,-6,-2,1,-7,-3,-3,-4
-2,-1,2,-1,-1,1,-5,0,-6,0,6,-3,-2,-1,-3,3
-2,-1,-1,-1,3,4,0,5,-7,10,-6,-1,-3,-3,10,6
1,4,-3,-2,-4,1,-5,0,-3,-9,-2,5,3,3,4,-5
-4,1,2,-1,-3,-2,-4,2,5,2,-5,-2,-5,3,5,-3
1,-2,6,-1,8,-2,-4,1,-1,1,-3,1,4,-2,-10,-4
1,-8,-1,-5,-4,0,-3,-1,4,2,1,-4,-1,0,-3,-3
1,2,4,4,-5,-1,2,0,-4,-1,11,4,-9,5,-5,0
-2,1,0,-13,-5,-1,1,1,5,4,9,9,8,3,-1,5
1,6,-3,2,1,-1,-1,-2,-2,-4,-7,-1,0,2,-4,-6
-6,1,2,-1,4,2,2,-6,-1,-2,-2,5,-3,1,0,-2
-2,7,0,-2,0,-5,3,7,-4,4,2,0,2,2,0,3
-1,5,5,4,-8,-2,-1,-4,-5,1,2,0,-1,6,-4,3
-1,2,-1,-1,10,-5,2,-9,0,-1,0,3,-7,-3,5,-3
3,9,-4,2,5,-3,1,-3,-3,-2,-1,3,1,4,2,-12
3,2,1,1,2,2,4,-2,6,2,10,-3,2,-4,2,-2
1,3,0,-2,-3,2,0,8,4,-5,2,5,-1,5,-2,-7
-4,1,-4,1,-1,-6,-2,-4,-2,1,0,2,-2,2,-5,-5
-3,-2,-2,0,-4,3,1,-1,9,1,6,4,4,-1,-3,-2
-7,-2,0,-3,-2,-6,-5,1,-1,5,-4,3,0,-4,2,-1
0,-2,-4,2,3,-2,-1,-4,2,3,0,-2,-1,2,-2,-7
2,-5,10,1,-1,-4,2,3,-4,0,3,-2,0,1,-3,-5
-4,0,3,2,1,0,-11,-5,4,-2,-5,5,-1,-1,3,0
-1,-2,6,11,5,5,-6,-6,-7,-1,2,5,-5,1,0,2
2,1,7,-1,-2,2,0,-8,-3,4,-3,-5,3,2,-6,-6
-5,-2,-3,3,-5,1,-5,-4,-2,-7,5,-7,0,4,4,2
-10,-1,-3,8,-2,-6,1,-4,-5,-6,1,-2,3,5,-4,-2
1,-6,-1,5,1,-3,3,7,0,-2,1,0,-6,-6,-1,4
1,4,1,2,2,-2,-5,-5,-3,2,-2,-4,1,0,-3,9
4,5,2,-3,4,4,-2,-2,-3,0,-1,5,-2,-1,4,-2
-1,-4,-2,-3,1,8,2,-6,-7,5,-4,-3,0,1,6,2
2,3,5,1,0,-2,0,-2,-3,-1,-4,-6,-1,1,4,6
-5,0,-4,-1,-4,9,2,-2,-2,3,4,2,4,0,-5,-5
-5,-3,0,1,4,-2,-1,1,-2,7,-7,-7,-1,-2,1,0
7,-4,0,-1,0,-3,-2,10,-3,-2,3,1,-5,-6,-1,-2
2,-3,-1,-5,6,-2,3,-5,8,-2,-4,5,0,1,-5,-2
-1,3,3,-7,-5,-4,-2,-1,0,-3,-3,5,4,-3,-6,2
-7,-3,8,0,2,2,-1,4,-2,4,4,1,-7,-6,-4,-3
-3,-1,-1,1,3,-4,-3,-5,2,-4,5,-1,-1,0,-2,-1
-4,5,2,-5,-3,8,2,6,-4,-1,-4,-3,0,-3,0,1
-2,2,-4,6,-5,3,1,0,-1,-2,-7,-4,9,-5,-1,-3
-6,-2,2,1,-5,-6,-1,-5,1,3,-2,-2,-3,1,-1,4
-3,1,-3,4,2,-1,1,0,-1,6,-4,-4,-3,6,1,-1
-4,2,-6,-2,-3,4,0,-1,-1,1,-2,3,-4,-2,5,-2
1,3,-3,-1,0,-3,-6,-2,-1,-5,0,3,2,6,1,-3
-4,-4,1,1,-3,-3,-6,-2,-5,1,1,-3,0,-3,-4,-5
-2,-3,3,-8,-3,3,0,1,-3,1,-4,-6,0,2,0,-4
-1,-3,3,4,-5,0,-6,-3,-2,-2,-7,-4,-2,3,-8,5
-5,-1,1,3,5,5,-6,-1,-8,-1,-4,-4,0,-4,2,-7
5,1,5,1,11,1,0,0,-6,-4,5,3,6,-7,-6,-1
-4,2,5,4,7,-1,-3,2,-1,1,3,-5,5,-4,-5,-2
0,-4,-1,-4,1,-6,1,-5,-6,5,4,-2,-3,1,6,2
8,3,-2,-5,3,-2,3,-4,5,-1,4,-3,0,0,-4,-6
-5,6,6,1,0,2,3,4,4,1,5,-1,-4,0,-8,-3
1,-7,2,0,-2,3,4,1,0,0,1,0,1,-3,6,2
-1,4,-3,-7,0,1,-3,-3,-1,0,-2,3,-6,-4,0,0
-3,-2,1,-3,-5,-3,8,-5,-1,1,-6,1,-2,1,-6,2
-2,0,-4,-7,3,-3,-1,8,5,1,-2,-3,-2,0,-5,1
-4,-7,-1,-3,0,-1,-6,-2,3,3,4,-1,0,6,1,-1
-5,-5,-2,2,5,-3,9,-3,3,-3,-4,5,-3,-4,-2,0
5,0,-2,-2,2,-6,1,1,0,5,-9,0,2,-4,-10,-2
3,-7,-4,0,3,4,1,7,1,-1,-1,0,6,-7,-7,-5
7,-4,1,5,-3,2,6,-8,-1,10,-3,-3,4,-3,6,9
3,2,3,5,0,1,-3,-5,-3,4,1,6,0,-1,-2,4
3,-4,0,0,3,-2,5,6,-3,-2,3,-4,-4,-2,-4,1
2,-6,-1,0,5,-5,-1,2,-1,4,-10,-2,-6,2,-4,5
-5,-8,-1,-2,4,0,-1,0,11,6,0,-1,-2,2,5,0
2,-3,2,-4,4,-5,3,-1,1,-5,7,-3,-4,5,4,-11
3,-2,0,8,1,-1,-9,-3,5,0,0,-8,4,-2,-8,-4
-5,2,-1,2,3,-4,-8,4,2,0,-2,4,0,2,-2,1
-3,-2,5,6,-3,-1,-4,-4,1,2,1,-8,-1,-1,-2,2
2,-7,-1,2,-1,0,0,0,-4,12,5,2,4,3,-10,-1
7,2,4,0,1,-1,2,-5,0,2,-10,-1,2,-2,-1,2
5,-6,-6,-1,3,5,1,2,-6,3,-2,5,-1,5,9,3
3,1,-1,-3,0,3,-1,0,2,2,-1,-3,-2,0,-1,5
-1,-1,-6,3,1,4,1,-3,-2,-8,0,-3,4,5,3,-5
-1,4,-1,-2,-2,-2,-4,6,4,0,-6,2,2,1,-1,1
2,-1,0,2,4,-2,-1,-5,6,1,3,6,4,-1,4,1
1,1,2,6,-8,0,8,-7,-3,4,-5,-10,-1,1,-3,0
7,2,-1,1,7,2,8,3,-10,6,1,8,6,3,1,1
-7,-6,8,1,-3,1,-1,-4,-4,3,-10,1,2,4,4,1
0,0,-2,2,3,-1,-2,-1,0,2,-6,-3,-4,5,2,3
3,3,3,-3,4,2,4,-3,-2,3,-2,3,-4,-3,5,4
-5,-3,-5,-8,3,-11,-1,-3,-2,0,7,-4,-7,0,-1,7
4,4,-5,-1,3,3,5,2,-2,0,6,0,-3,0,1,-7
-6,2,-3,-1,0,4,-3,3,-1,0,2,6,-1,2,-6,-7
2,-3,1,0,1,5,3,-1,-2,5,2,-1,1,-7,8,-8
2,-4,-6,3,1,4,1,-2,-4,4,1,-3,1,3,4,-2
0,5,-2,4,-2,4,-5,1,-1,1,-8,-5,3,8,5,-14
3,-4,-3,2,-5,2,-5,9,3,5,3,4,-4,7,-5,4
-1,-9,-2,-3,-3,-4,-2,-3,-2,1,-1,0,2,-4,-2,2
8,1,9,3,4,-3,-7,0,1,5,2,2,-1,-1,3,-2
0,-1,-1,0,-1,-3,-1,7,-2,-5,9,1,-6,0,0,4
-4,-2,-4,4,-1,-3,7,0,-3,5,1,10,0,5,-4,-5
1,3,2,-4,9,-3,-2,-2,-6,-3,-3,-3,9,-3,-3,-6
2,-2,-3,-3,-4,-1,5,-7,3,6,-2,5,0,2,-3,-3
-1,5,1,-6,-4,-7,-10,-3,2,7,6,3,6,1,9,-2
-6,11,-1,-3,-3,0,4,3,2,1,-2,-5,-6,-1,-4,-1
4,0,7,4,-4,8,4,0,5,3,4,9,-1,3,-2,-1
-2,0,6,-4,6,-9,10,0,4,1,6,7,7,4,1,-6
0,-5,1,-4,2,3,-5,4,-4,0,5,0,0,2,2,5
-9,0,-2,1,-5,5,-1,0,3,4,-4,6,5,6,4,7
5,-2,-4,-1,0,1,0,-1,-2,6,-3,-3,-6,-7,-1,-5
11,2,-1,4,7,-1,-7,5,3,2,-8,-4,-1,-1,-1,3
0,2,2,1,3,2,-2,-2,-5,1,4,1,-2,3,-1,3
0,9,6,1,0,-8,3,-5,4,-3,1,2,4,6,0,0
3,-3,-4,3,-1,-4,5,4,-2,3,-2,4,-1,-4,3,3
2,-3,2,4,1,2,-2,4,-8,3,1,4,6,1,0,3
-2,0,3,-2,3,-2,0,8,4,5,-8,5,1,2,2,2
4,1,2,-3,1,-6,4,6,4,1,1,-4,-3,5,-8,1
-3,-6,-1,3,-7,-1,4,4,0,0,1,-3,-4,-2,3,-2
-2,0,7,2,-2,4,-2,5,-1,-4,2,-2,4,-7,-5,-4
-4,3,-5,-2,-3,-1,-5,-2,-5,12,-4,-3,-1,5,1,4
1,-11,-3,0,-2,0,3,-1,-8,3,7,-2,-12,4,-6,0
7,-6,-3,-3,-3,-9,2,-7,2,1,1,-1,2,4,3,-9
-1,2,3,-5,-2,3,0,5,4,5,-8,-5,-8,7,-4,5
2,1,1,-4,1,0,-2,-7,-2,-9,15,7,-2,-9,-1,1
-1,1,-6,6,5,4,3,0,8,1,4,-4,2,-3,-10,4
3,-7,1,4,-2,-1,0,2,-6,-5,2,3,2,-5,-4,-6
0,7,-3,9,1,6,-8,4,-1,5,4,1,2,0,3,1
-3,4,-8,-7,-7,-2,0,-4,-4,0,12,0,-5,2,0,0
1,-3,2,-1,5,6,2,2,0,-6,-3,4,-5,4,5,2
-1,4,1,2,0,-7,-6,-1,1,-1,0,1,1,4,2,-2
3,9,0,-2,3,2,-2,-6,7,-4,-3,-2,7,1,5,-1
-6,4,-5,2,1,-2,4,-2,-1,-3,2,-7,-6,1,5,-1
1,2,5,2,1,1,-1,-2,-2,-5,-1,2,1,-8,-1,-3
0,-5,7,-1,-2,4,1,-2,5,1,5,-1,-1,6,5,3
0,1,3,3,2,-2,3,-3,-2,1,-2,0,1,-2,-6,-2
2,-7,2,1,2,2,3,-2,7,0,-6,2,0,1,-5,-5
0,-2,-7,3,0,4,10,0,0,1,-7,-3,0,5,5,1
2,6,-1,-6,3,-2,2,0,0,2,6,-3,1,3,2,1
6,2,-2,2,7,0,1,-2,-2,0,-4,-2,-10,0,6,1
2,1,2,3,0,4,2,2,5,-1,0,-3,3,-1,-3,1
-2,-1,-3,1,5,-2,3,0,-6,-5,-1,5,3,-3,8,-2
1,0,6,-1,4,4,-4,7,-4,1,0,4,-2,4,3,-2
-2,-3,-1,-3,3,-2,2,4,2,1,-3,-2,0,-1,0,-2
0,4,-8,-8,0,-2,-4,-5,1,1,-3,1,4,-1,-1,-2
0,-3,-2,-1,3,0,2,3,1,-1,1,-1,19,2,5,2
-7,-2,3,1,2,2,2,6,-2,5,-3,-3,-1,3,6,-4
-4,2,-3,16,-2,5,2,-2,-5,1,5,7,-1,4,10,1
-2,5,2,10,3,0,-1,-5,2,2,-1,1,-2,1,-6,-9
3,0,1,1,-1,0,0,-1,1,10,0,-6,-3,3,-4,0
-5,1,3,4,1,1,8,3,3,4,-5,-3,-1,3,-2,2
-4,4,-3,-1,6,2,1,2,3,-3,5,7,-1,8,2,-1
4,0,-4,-5,-3,14,1,-6,4,0,-4,-3,5,1,6,-3
-2,-4,-2,2,3,-7,2,1,-10,-6,9,3,3,0,-10,-3
-2,-2,1,1,2,-4,-2,8,3,0,0,3,0,1,6,-7
1,0,1,2,2,-5,3,3,-1,-1,-6,-5,1,5,10,1
0,1,3,-1,2,9,-2,-8,-1,3,-2,2,5,-7,-1,-3
-1,2,-4,-1,3,6,8,-3,0,-6,4,3,1,0,6,4
0,-3,10,-6,-1,-9,-2,-5,-5,3,-3,-2,-4,-1,-1,-3
4,-3,1,-2,-8,3,3,-5,-4,7,-4,-5,1,4,1,-1
1,-1,-2,-3,-2,-7,-1,-9,0,-2,2,0,-3,3,1,6
1,-5,5,-7,3,1,5,10,9,5,2,-4,-2,-6,-1,1
6,-2,14,0,2,2,4,6,-5,6,-3,8,1,6,-3,-1
-4,3,4,2,1,-2,-6,0,-3,-5,-1,7,-1,-5,-1,5
-1,0,9,6,-1,-5,2,-4,-3,5,1,-1,8,-1,-2,-3
-1,0,1,-2,5,-1,8,1,4,-10,-1,0,4,2,4,-1
3,6,6,1,-1,3,-2,0,-1,-1,-9,2,8,8,-5,8
6,3,-5,2,4,-8,3,5,-3,-7,3,-3,0,-6,-3,11
5,2,4,-4,2,-2,0,-2,3,-4,-7,7,4,-3,1,-2
-4,6,2,-2,3,-1,-2,4,-1,8,8,9,2,-5,-1,1
3,7,2,-6,-1,-1,2,-1,-2,4,3,2,-5,-5,6,0
-2,-2,5,5,-4,-2,-3,6,3,-4,-4,4,7,0,-6,8
10,-1,-1,1,-3,-4,1,3,0,-1,3,-6,-4,3,5,-1
-4,2,11,-2,-3,-1,-8,5,-4,-4,3,-2,-1,4,-2,3
-4,-7,4,-3,2,3,-5,1,-14,1,5,-3,-3,1,-3,-2
-5,-5,3,-9,4,4,7,-6,0,3,-3,0,4,0,-8,4
1,4,11,-4,4,1,9,-9,-4,-2,2,-1,-1,1,-2,-3
4,-1,5,-2,-8,-6,2,4,-1,-2,-3,-4,-2,-1,2,3
-2,-6,3,0,7,3,-3,1,-1,1,-3,5,-4,12,2,2
5,-10,8,2,-3,2,-1,-2,5,9,5,-1,2,-2,1,1
6,9,1,-3,0,5,3,2,-4,-1,-3,-2,-4,-2,3,-7
-2,3,8,0,-4,4,4,1,6,-4,0,-1,0,-3,0,-3
-7,4,-5,1,7,0,2,-3,-1,1,5,4,-7,-2,0,5
5,2,1,-2,1,4,0,-2,1,2,-7,-6,1,0,5,-5
-6,-3,-3,-4,0,-2,-3,-7,9,4,7,-2,3,-2,-6,-1
2,2,1,-2,-4,2,1,-10,-7,0,1,-5,-1,-4,0,-1
-1,-5,2,-4,-2,-3,2,0,1,-4,-3,0,1,-3,3,7
4,11,1,1,-5,-1,-5,1,3,2,0,0,-3,3,1,1
2,-3,1,3,6,4,-3,6,-3,1,1,0,-1,2,-1,2
-3,5,7,2,-2,4,4,7,-4,2,-3,5,1,0,-2,0
6,3,7,4,-2,3,5,0,1,-8,2,-1,-8,-1,3,6
2,0,2,-1,-1,5,0,-1,-2,0,-2,-3,0,7,0,0
-1,-5,7,-2,-2,-2,1,-8,0,-13,-6,0,5,2,-5,-3
5,4,2,2,5,1,-3,-5,-4,-1,-3,-2,-6,0,2,3
2,2,6,4,9,8,-3,-3,8,-4,0,5,3,1,4,4
4,0,1,1,-6,-5,2,1,0,2,-1,4,5,-4,7,-4
-1,2,0,-6,4,1,3,6,0,-4,-1,4,13,-3,-1,3
0,0,0,-3,1,8,9,-6,3,-1,3,4,1,1,-1,2
-1,-2,0,4,-3,-6,-5,-3,6,-1,3,2,7,-3,-5,1
-3,-4,4,-1,-2,0,-1,2,-1,1,-4,0,-3,3,2,0
-4,2,3,-1,4,4,7,4,1,0,2,-8,8,0,2,-3
5,2,-3,-2,-4,-4,-2,4,0,-7,1,4,4,-4,6,2
-8,-2,-3,5,0,0,-2,-6,-3,-8,1,3,2,2,1,-6
-4,-2,3,-1,-4,1,-1,-3,6,-3,0,0,3,-3,2,-8
-8,-5,3,-2,-1,0,-7,-6,-1,4,0,0,0,-5,-2,2
4,-1,6,3,-1,1,-1,5,7,-1,-7,-6,-3,8,2,3
2,-4,-5,-1,3,1,-7,-7,-6,2,6,-3,3,-3,-5,1
2,5,1,1,3,-4,-2,-6,2,-6,2,-1,3,2,1,1
-4,10,2,5,-5,4,0,-5,-1,4,1,1,-5,5,3,-2
-2,-1,2,0,-3,2,5,-2,-4,1,4,1,8,0,-7,-3
-9,9,4,-2,-2,3,8,-6,7,4,0,1,0,-1,1,0
0,-4,1,-2,-6,-1,1,-9,-2,8,-1,3,3,-1,3,3
-4,1,0,-2,6,8,0,4,3,-2,4,4,0,4,0,15
0,-2,-1,-4,7,0,-3,-1,-7,0,-4,0,2,1,1,-2
2,3,-7,0,2,-1,3,2,-2,1,2,1,2,5,3,4
2,-3,-5,6,-1,10,-1,1,-5,7,-2,0,5,-1,-1,5
-4,-1,-4,-3,2,2,-2,-1,2,-1,1,-5,2,3,-3,4
0,-2,-1,4,-4,0,-3,1,-1,6,-1,0,0,-5,-2,-5
-2,-3,1,-1,-7,0,-1,-2,5,8,-3,0,-3,0,1,-8
4,-1,4,-1,-2,6,-3,4,1,3,2,6,-7,0,0,5
3,7,-6,7,5,1,3,1,-1,-5,-2,4,-5,-4,5,3
-1,0,3,-1,-4,2,4,6,-6,1,-7,-7,5,1,5,-1
0,-1,-1,-6,-4,2,-8,9,2,0,3,3,0,3,-3,-2
3,-4,5,-5,-1,-1,-5,-3,-6,-5,0,-4,1,-6,2,4
-4,4,-3,8,1,-2,0,5,3,5,-1,-3,3,1,5,-2
-5,-4,3,-2,-1,-3,-1,6,-2,2,-5,3,-1,0,-2,-3
2,1,-4,3,1,-1,-1,3,2,7,3,8,-2,2,0,-4
-3,2,0,6,0,2,4,4,2,4,-7,-2,-4,5,2,2
-1,1,0,0,0,-2,-2,-4,1,-3,6,-1,6,3,7,-3
3,-1,-3,9,2,0,-1,2,0,-4,1,2,-7,-1,4,-1
9,-2,2,-3,6,-1,2,-5,3,-2,-2,9,0,-4,1,-6
2,2,0,0,-2,4,0,-2,5,-1,-1,-3,-6,6,5,4
0,2,-7,-4,-2,-8,-2,-1,5,-2,-3,2,-2,4,-7,2
2,-5,-3,0,-2,-4,3,2,-1,-3,3,1,-5,2,1,4
2,-4,1,5,-6,2,-6,-10,-2,-2,-1,-1,0,-5,-2,0
9,-8,1,4,-1,-3,-4,-4,1,4,4,2,-9,6,4,6
12,8,0,-1,-5,1,-2,-2,-2,2,2,-2,1,-4,-4,-2
3,3,-2,-4,4,-6,0,-1,2,0,6,-4,-2,-4,-8,-5
2,-6,6,-1,-1,6,-8,1,-5,4,1,-3,5,1,1,-2
1,-3,6,2,-1,-3,7,3,-1,4,-4,0,0,-4,-6,-2
5,2,0,2,-4,2,0,1,1,-8,-6,6,1,-8,1,-6
-2,-2,1,1,4,3,-8,3,-1,8,5,1,3,-1,-5,-8
-2,-8,0,5,-6,3,-8,6,6,8,2,1,8,2,-6,6
0,-1,3,-4,3,5,5,0,1,1,1,-2,-2,7,-1,0
1,0,2,4,-4,-1,-2,-2,8,1,-4,-6,1,0,0,4
-5,-2,-1,9,3,-2,-2,-5,2,2,2,-10,6,2,-3,6
0,9,0,-2,1,-2,1,8,-4,2,5,0,6,1,-4,3
9,-5,-4,0,-5,-1,8,-3,1,-2,-1,-5,2,3,1,0
0,-4,0,3,5,0,-2,1,-3,-2,-1,2,6,-2,-1,-3
-2,-5,1,1,-9,-5,-1,-5,-4,3,-7,-9,0,-1,-8,0
0,-1,-3,1,-3,-4,-1,3,-3,-3,-1,2,-3,0,-3,-6
4,4,-2,1,0,-1,1,4,-4,-5,1,3,-3,0,3,3
2,-10,-5,2,3,0,-9,-1,-5,-10,2,-1,-5,-3,-8,1
-3,3,-7,0,-5,0,6,8,6,-6,-2,4,-5,-2,1,-1
6,0,8,3,7,1,6,-3,-1,3,-8,-7,-1,2,8,6
1,-3,-7,0,5,-3,3,1,-6,-3,4,7,-8,5,-1,0
-1,-2,3,2,6,1,-4,-3,5,-5,1,-1,0,1,4,5
3,1,2,0,-2,-5,-1,-4,0,-10,3,-3,2,4,7,2
3,-2,5,-2,7,3,-3,0,5,2,-5,-4,-6,-4,-3,7
0,5,-8,12,0,3,-1,-5,-4,-1,2,2,4,-2,2,4
2,2,4,2,2,-2,1,-1,1,3,4,-1,-2,-2,-4,0
0,-4,3,0,-1,2,-4,7,1,-7,3,5,2,6,2,1
-7,1,-1,6,-1,-4,-3,-3,-1,-7,-6,8,-2,-4,-1,2
3,-3,0,-3,-1,9,3,0,5,2,-7,6,-3,-8,-6,2
-1,0,-4,9,3,-2,5,5,5,-4,4,2,-8,-1,-3,4
-3,6,2,-1,-1,4,4,-7,5,3,4,2,-6,-11,0,-4
4,-2,4,2,-3,-2,-1,0,3,-7,-5,5,3,-10,4,2
0,5,2,-1,-2,4,3,3,2,-4,-2,-4,1,2,0,-1
2,3,-2,0,2,0,3,3,-4,3,4,-1,1,5,-1,-1
0,4,-3,5,4,4,-2,-8,-4,0,-1,-4,1,0,3,-3
-10,1,2,-1,3,-1,8,4,-1,4,-5,7,0,4,-4,7
-5,5,-2,-1,-3,3,-2,-1,2,1,4,-4,1,1,1,-2
-7,3,-4,-1,3,6,8,1,4,-3,-2,2,4,6,-2,2
-1,0,-2,4,-3,1,3,-2,-1,0,-2,3,-1,-4,7,-4
4,0,-10,-7,5,-2,0,1,-3,4,3,-5,-2,2,6,-3
7,3,-3,-1,0,2,4,2,3,-2,-1,-1,0,3,13,1
-1,0,-2,1,-5,-4,4,2,-1,1,-4,5,1,-1,-1,-1
-2,1,-4,-4,-3,-4,11,-2,2,1,6,-11,-4,-1,4,3
-4,-5,-3,-4,-4,-3,2,-4,3,-3,7,-4,3,0,-3,-1
-2,1,9,0,-7,4,-1,-8,3,-2,4,-6,0,-2,-7,2
-1,1,1,-1,0,6,-3,-4,-2,4,4,-13,4,-2,-2,-1
2,2,9,0,-8,-1,0,1,0,-4,2,2,-1,2,-4,2
-5,-2,1,5,6,5,1,5,3,4,5,3,2,-6,3,-2
-3,0,-2,3,1,-2,5,4,0,-5,0,-2,3,6,6,-4
1,-1,-2,0,-3,0,-7,-6,-6,5,-1,-2,-2,5,-7,-1
-1,4,-2,0,-1,0,-4,-1,-4,-6,1,2,5,1,0,4
8,6,-3,0,3,-1,0,8,1,-1,-6,6,-3,-5,-3,3
-3,5,2,0,2,-13,0,5,-2,2,0,2,3,2,-2,6
-2,-3,-7,4,-1,-3,3,-6,5,3,5,-1,0,-4,2,-1
-3,-1,-1,-2,-4,1,8,1,0,-4,-3,4,-6,3,3,-2
-4,-1,0,0,0,2,5,-2,2,-3,1,2,-5,3,-2,-1
9,2,-1,-3,-6,1,-2,-8,4,-3,1,1,-5,-7,1,-2
4,-7,-1,-4,5,-8,-3,5,-4,2,4,-8,5,-6,5,5
1,3,4,2,-3,5,-2,1,-3,-6,-1,4,2,-2,-4,1
2,2,-6,1,-5,-3,-4,1,-6,1,3,-3,-9,4,2,5
5,-4,4,7,2,6,8,-1,3,3,-2,3,-6,5,1,0
0,-7,0,-4,1,-3,3,6,1,0,-4,2,7,6,6,-1
-2,-3,5,4,1,-1,1,-1,4,-9,0,6,-2,1,7,4
1,0,1,2,-6,-2,-5,-8,3,-3,-2,2,-1,-3,1,0
-4,-2,2,3,-6,0,3,4,-2,-6,3,1,-4,-3,1,7
1,3,-5,-4,0,-3,9,2,-2,2,-1,4,12,2,0,-1
1,4,2,-3,-17,-7,3,1,0,-4,3,2,-2,-10,2,-2
-2,-1,2,0,3,-3,-3,-2,-1,1,0,-3,0,8,-7,-1
-7,-8,-2,-2,-5,5,-2,-2,6,2,-4,-6,3,2,-1,2
-3,2,5,5,-3,9,5,-5,-1,3,2,-1,4,-3,-5,-2
-2,2,-1,-6,-2,-5,-3,4,-2,3,2,0,-3,-3,-6,-2
-3,-1,5,2,-5,-2,2,-3,-3,-2,9,2,-4,4,6,0
-1,0,-5,5,2,8,2,4,-2,-8,-4,-2,2,3,-6,-2
7,-4,-2,5,-1,6,3,-1,4,8,0,0,-1,2,2,3
2,2,4,7,5,-2,3,1,5,1,7,6,-2,-1,-2,3
3,-4,-2,-3,-2,-1,-6,-4,-1,2,-7,2,7,2,2,-2
-2,-4,-1,1,5,-2,4,-1,-3,1,5,-1,4,5,6,-3
-1,3,10,-5,-4,0,2,-5,5,-5,3,-5,-4,-11,1,0
6,-2,3,-1,1,-5,-1,-8,-4,11,-4,5,-5,1,5,1
1,4,-4,0,1,1,-3,3,-5,-2,-7,-5,0,-3,2,-5
7,2,-1,-2,8,2,8,6,-1,-1,0,-4,-5,-3,-7,2
-2,5,1,-1,1,-2,-4,1,-2,2,1,12,1,-5,-7,7
-1,-1,-1,-2,2,1,-1,-7,-2,2,-1,0,-3,7,-4,3
-1,-3,-4,4,5,0,0,-3,3,3,-7,-3,4,-5,-6,-6
-4,4,1,-3,-1,-8,-2,1,1,1,0,-4,6,4,3,-5
2,-2,0,5,-1,3,1,-8,0,2,-3,0,7,9,-8,2
-4,3,0,-1,-4,-2,1,-3,-3,0,2,-4,-6,-11,-1,-3
2,1,1,-1,-1,1,-2,-1,-5,-1,-8,4,2,3,2,-4
5,-1,6,-7,-12,4,-5,-1,-2,-1,-2,5,2,-1,5,8
2,5,4,6,3,-4,-6,-6,-4,3,-3,2,0,-1,-1,-2
-3,7,1,0,-2,1,2,1,3,0,4,-7,-2,3,-5,-3
1,-3,-4,-1,-2,-3,-2,3,-2,6,4,0,2,-1,5,3
3,-4,0,1,-3,-2,-1,-4,-9,-4,2,-3,-1,0,5,5
6,7,2,1,7,-1,1,-3,-1,3,-2,-4,7,-1,-3,-1
-2,1,-3,-2,-5,5,5,-3,0,-2,-4,-1,0,1,0,8
2,0,4,1,-5,9,-5,-5,-5,6,1,-1,3,1,-1,-9
5,0,1,0,-3,-7,4,-2,5,4,2,2,8,-5,6,3
1,0,-2,1,6,1,-3,-3,-2,1,2,-9,0,3,-1,7
1,-1,0,3,-5,-10,-3,4,-2,-2,-2,1,3,-9,-7,0
-1,-5,6,-6,0,-6,4,-4,6,4,1,2,-3,6,-9,-1
-3,4,7,-3,3,-2,-2,2,-3,-2,-4,-5,2,2,4,-4
-4,7,1,2,3,0,2,-1,1,0,2,-7,2,-6,2,3
-4,0,4,0,1,-1,3,-2,-1,4,-3,0,0,3,7,4
3,-4,8,-2,-1,0,5,-1,2,3,-5,1,4,7,1,5
-7,2,-3,5,0,1,0,-3,3,0,-5,-4,5,1,-3,2
-3,2,3,1,-1,-6,0,0,-2,1,-2,-2,-3,-7,2,-3
5,3,-2,3,1,7,-3,2,1,4,-4,1,-5,0,2,-2
-5,1,3,0,1,0,-1,2,-8,-5,-7,0,2,2,-3,6
1,1,-1,-1,3,-3,3,-1,7,2,6,3,3,2,-2,4
-1,-1,7,-8,-3,6,6,-8,-8,0,0,3,1,-3,-1,1
6,2,-2,-3,-2,2,-1,2,-3,0,1,-6,-3,4,1,0
3,-1,4,-2,2,-1,-6,-1,6,-6,-9,-4,-2,12,-2,-3
1,6,-1,-3,6,8,0,1,2,4,2,-5,-6,6,2,-7
1,2,1,-2,3,4,4,3,2,3,-3,0,4,3,-1,-4
-4,1,2,-2,6,0,-12,-4,2,1,-3,0,3,-4,0,-3
5,0,1,1,-1,-1,3,0,6,1,-5,-6,8,1,0,9
6,10,1,0,0,-3,4,2,0,-1,-6,0,-6,6,0,-2
-5,2,0,-1,-1,-5,9,-2,3,0,6,-3,0,-5,4,-4
-2,1,-6,-6,-2,1,-4,2,-1,-1,3,-3,2,-2,4,4
3,2,-5,-7,-1,2,-2,-2,1,-2,4,-4,8,3,-7,-2
0,1,2,-3,1,1,-2,6,0,-4,3,5,2,-5,-1,9
7,-1,-3,3,1,-5,0,-4,-5,-5,-4,-5,0,-1,-5,-4
2,2,2,8,0,5,3,-4,5,-4,-4,1,1,2,5,0
-4,2,3,2,0,4,-3,7,0,1,-1,-2,-3,-2,-2,3
-6,-3,1,-4,8,-4,-7,-1,0,2,2,1,-2,2,7,-1
-4,-3,-6,3,-1,-1,-1,-3,-3,3,0,-8,0,1,-8,5
8,-2,-2,-2,1,-2,-5,2,1,7,-1,-7,5,-6,0,3
-4,6,3,-7,2,0,-3,7,1,0,-3,3,3,-2,4,1
1,-5,6,-3,8,-1,6,-2,8,5,2,-6,3,-1,-2,-7
0,-2,-3,2,-2,-2,0,1,3,4,-1,1,7,0,3,8
-1,2,1,3,-2,4,2,-3,6,-2,-3,3,-8,-2,-1,2
-7,-2,1,7,2,3,-3,1,-2,5,7,3,-3,6,4,3
-4,-3,-7,-1,6,2,-8,8,3,-4,-4,-4,3,-7,1,4
2,4,0,6,-2,-6,-5,-5,9,-4,-3,4,-3,-2,2,0
-2,4,1,1,4,-3,9,-5,9,3,0,-1,-3,-3,2,5
-5,2,-3,0,5,5,-1,-3,2,-3,-6,2,1,7,4,-2
6,-2,-1,5,-4,-3,0,-7,2,2,0,-6,-2,7,9,-4
-5,-5,-3,1,2,0,0,1,5,2,0,7,-1,3,-8,3
4,4,-3,-5,0,4,0,7,-5,-2,-4,-1,0,-2,-6,-3
0,-2,-6,-1,2,-12,-2,1,4,0,0,2,-1,-3,-2,4
2,-3,-1,1,1,3,-1,-8,-1,-1,1,-4,2,-2,-2,-10
2,2,1,-4,0,7,2,-1,2,1,4,1,-4,1,8,6
-9,-1,-1,4,-2,-2,-2,-5,2,-3,-1,2,5,2,-1,0
-7,3,0,-1,5,-3,-6,-5,4,5,2,9,2,-2,-9,5
4,6,5,5,3,-3,-1,-4,1,6,-1,5,0,-3,-1,1
-2,-1,3,2,0,5,-2,-1,5,6,0,-5,0,-2,1,-8
5,2,-5,5,2,8,-1,0,4,9,-1,0,6,-6,-3,4
-6,-2,1,5,-1,3,-2,4,-1,-3,-3,3,4,1,2,5
-1,-5,-1,7,2,2,4,-2,-4,-4,-1,4,0,5,-7,-3
-4,1,5,1,8,2,-4,1,5,-7,-2,0,-5,-4,3,-2
3,1,3,5,2,-3,1,2,2,5,1,-4,7,0,-5,-1
-1,1,3,-2,-2,4,0,4,1,0,2,7,-4,0,-1,-5
-4,2,-1,-2,3,-4,4,-3,-12,0,4,-3,-2,-1,3,2
2,-2,1,2,4,-4,6,5,3,1,0,1,6,1,-5,-3
6,-7,-5,-1,-4,0,-4,0,5,2,4,-4,6,-3,1,0
2,5,-1,0,5,4,4,3,-1,-3,-1,-2,2,-1,5,-1
-2,-6,-5,5,-3,2,-1,0,1,-1,-1,-1,0,-3,-2,0
-5,-4,-3,3,-4,-4,-5,-3,1,-4,10,2,3,-2,5,3
2,-2,-2,-4,1,0,4,5,1,7,0,2,-2,-1,-4,0
-2,-5,4,5,5,-7,0,-2,3,-3,-1,-1,0,9,-2,-1
-1,-4,-5,1,2,-2,2,-5,-1,7,-2,4,-6,-7,4,-1
0,-3,-2,-1,3,1,4,-2,-6,-5,-1,-4,-1,-2,1,0
3,-3,-5,-1,0,-4,-2,0,-11,1,4,-3,-4,0,-4,-6
-1,-2,0,-1,-1,9,4,6,-5,-1,8,-2,-5,3,-3,2
-4,-3,-1,-3,-8,0,0,-2,-1,3,4,-2,0,-1,-4,-4
2,1,0,-2,1,-6,5,2,1,2,-5,5,1,-9,6,2
0,-4,1,-3,2,1,0,2,2,4,-2,2,1,3,3,7
-1,6,-1,3,2,1,-4,-1,0,-1,3,-1,6,1,-4,-1
-1,2,0,-1,-1,1,-1,3,6,1,-9,6,1,2,-7,4
6,0,8,-5,1,-6,-3,-2,0,3,-1,4,3,9,-7,4
1,-6,0,3,2,-3,-1,0,1,1,1,2,-4,-2,-2,-2
-5,6,1,-1,0,-3,1,3,6,6,-1,2,0,3,-5,-7
3,3,0,2,2,-5,-6,3,5,1,0,-5,1,-5,-1,9
-4,-5,-1,2,5,0,3,2,4,2,4,2,2,-5,6,1
2,4,-2,-3,0,-9,-3,-3,-1,-5,1,3,-1,2,-5,4
0,3,2,0,-3,-3,-1,-8,-2,2,-2,-4,-2,-1,-1,3
1,-1,-2,0,8,-2,0,8,-1,3,-2,1,-3,2,0,-4
-6,-1,4,1,-2,-2,-6,-2,2,1,-2,-1,4,1,0,1
-4,2,0,0,6,-4,-7,0,8,4,0,4,3,-3,1,-2
-3,-1,-3,-1,-2,-6,3,3,11,-3,5,9,0,4,6,1
-5,5,-5,0,-2,1,1,-6,0,1,6,-2,0,5,-4,-4
3,-4,1,4,1,1,-6,0,2,1,5,0,-10,-4,4,7
7,3,-6,0,5,1,-8,-7,2,-3,-2,-5,3,2,3,3
5,4,1,6,2,-3,7,-6,-5,-2,-3,-2,-3,0,0,-2
4,6,-2,-7,-4,1,-4,3,-9,2,0,-5,3,-6,4,-8
-7,-6,2,6,0,-3,3,-1,3,-3,2,1,3,-7,4,0
6,10,-1,3,-2,-7,0,-2,-4,-8,0,2,2,-7,-6,2
-3,3,2,-6,-2,6,4,0,1,-3,-2,-6,6,-5,-4,-4
-2,-2,8,-4,4,-4,5,2,0,-3,2,3,0,1,-6,0
-2,-7,2,2,-1,-1,-8,-7,4,2,7,-4,0,7,-4,2
0,-4,9,9,1,3,-4,1,1,-2,-5,4,5,1,-1,2
0,-3,4,-1,-1,8,4,3,-8,-1,-3,-5,1,1,-4,0
-1,-2,0,-5,8,-1,3,-6,-6,-1,3,1,-4,4,0,5
0,1,3,8,1,-6,1,5,2,8,-5,3,-4,-2,1,1
3,-4,-1,-1,3,2,10,-4,1,3,-1,-1,-5,-1,1,1
0,2,-3,1,-5,0,3,4,5,-4,-3,5,6,-1,5,3
1,8,1,-2,0,-1,6,-12,5,-1,4,0,8,0,2,3
6,3,3,-6,0,-4,4,4,0,-3,-8,3,6,-8,-3,-4
-1,-2,5,2,1,-4,-4,5,3,-3,7,-5,-1,1,7,2
-2,1,1,7,-1,0,3,0,5,0,-1,5,-3,-6,-5,-1
-2,0,6,1,-2,7,-5,3,-3,10,6,2,2,-3,5,2
-3,2,0,-2,-2,0,2,-2,-9,-1,-10,6,-3,-9,-1,-1
-1,1,-5,-1,-5,2,-3,4,1,-1,-6,3,3,1,2,-5
3,1,-6,4,3,11,-4,-3,4,6,-6,-4,3,-1,-5,5
5,0,-3,-8,-5,-1,5,-2,-6,2,0,3,2,-1,-2,3
4,6,-1,2,5,-2,-3,2,1,1,-6,2,-6,-2,2,0
9,-1,0,4,0,-5,-1,3,-2,4,2,4,-2,-3,7,0
-5,-2,5,5,-7,-8,-2,6,-1,-2,1,-1,0,1,-3,2
-2,2,2,2,2,-3,3,3,-1,7,5,-4,-6,7,1,3
-1,-1,1,-4,-2,2,5,2,2,4,-3,0,-3,-3,-1,-5
5,-5,-8,-3,1,1,-6,3,2,-3,-8,4,1,4,1,-6
-1,0,-11,1,-4,2,-4,-4,-1,-2,-3,-12,0,-4,-1,-4
4,-5,2,-5,0,-1,-7,6,-3,1,7,1,-5,4,-4,6
-5,6,2,-1,1,-4,4,-5,0,0,-7,-9,8,-5,-3,-4
0,-5,-5,0,-1,-11,-5,0,-7,1,-5,2,5,-5,-6,3
0,-2,-1,-6,3,5,-6,-2,-2,5,1,-7,3,-1,4,3
-5,1,4,-1,-3,-1,-2,0,3,-2,-2,4,-11,-2,-4,-8
0,5,-4,0,-2,-4,-1,-1,-1,-2,5,-7,2,2,-9,2
4,-1,-8,-5,5,2,4,3,5,-4,3,-2,-6,-2,3,-2
-1,3,6,-3,10,-1,-2,4,-1,5,-3,0,5,-2,-6,-4
-3,0,3,-7,-1,-8,1,6,0,4,5,2,4,4,-7,-3
-3,-6,-2,-2,0,3,-3,5,4,-1,10,5,-2,2,2,-2
1,7,-2,-2,4,2,-1,6,3,4,8,-4,-4,-4,0,-2
-1,-13,1,-5,2,-1,0,-5,2,3,6,3,-1,-9,3,-2
2,1,-1,2,1,0,5,-7,3,-5,2,0,-4,-8,-7,-1
-1,1,-2,3,2,4,5,4,0,2,-5,1,5,1,-1,-5
9,2,-8,5,-6,-2,0,-1,-8,-2,-2,1,5,-5,-1,1
-1,0,-2,-3,-7,2,-4,6,-2,0,3,-1,-3,-4,1,-2
0,-4,-3,-4,1,-4,0,-4,6,-4,-4,-6,6,3,-8,2
5,8,3,-1,-3,-2,3,8,-5,-3,-3,-5,-6,-2,-2,4
-2,-4,1,-8,-6,0,3,-4,7,8,-5,10,-2,-9,-5,-4
1,-1,-1,7,-3,2,-2,-1,4,5,-2,0,3,-6,2,4
4,3,6,6,0,-4,2,-12,-2,4,-11,0,4,-3,1,7
0,0,-4,0,7,6,4,6,6,1,-3,3,-3,5,4,-2
4,0,-2,6,0,-3,1,1,-7,-5,-1,-3,-2,-6,1,1
9,-5,0,1,9,-2,-3,1,-7,0,-6,1,-3,2,2,7
-4,-3,-1,-1,-1,-1,7,-6,-2,-7,6,7,3,0,3,-9
-2,-1,5,-7,1,1,2,-3,-3,5,1,-2,2,0,-1,1
0,-3,5,9,0,3,0,-6,1,8,-2,-5,-3,1,5,-1
4,1,1,-5,2,6,6,-4,-2,1,-4,3,5,-1,2,-6
-2,-1,1,8,1,0,-2,-1,-1,-6,1,5,2,3,-2,-1
-5,2,0,3,5,-6,6,3,-3,-1,4,4,2,0,-3,-4
-7,-7,-6,2,-1,4,-3,-2,-3,0,2,0,3,-3,2,-5
6,2,-1,-4,-1,2,-1,-2,2,4,7,-6,2,1,-1,2
4,-10,-3,5,1,1,0,2,-3,7,-1,-8,-4,-7,4,3
-6,-1,-3,6,-5,0,-5,0,-5,-11,2,-3,-2,-4,-3,-3
3,-9,1,6,2,1,3,-1,-6,6,0,-5,0,3,-10,-6
3,1,-6,-1,4,2,4,3,4,6,2,6,4,1,-6,2
-3,-2,-8,0,-1,0,2,1,-10,-1,2,-2,-1,1,1,2
-5,6,5,-4,8,-4,0,2,-3,2,-3,5,3,1,-1,2
3,0,1,0,2,8,4,5,0,4,0,7,5,-2,0,-3
7,-1,-3,8,-1,-1,3,2,-3,-1,-1,4,0,-5,-1,7
2,6,5,-4,-3,-4,2,-1,7,2,-1,0,-5,1,4,-5
4,1,3,-5,-1,-1,0,-2,4,1,2,-1,-4,1,4,0
-1,3,2,-4,-1,3,-3,1,2,4,3,3,0,-2,8,-3
-1,-4,-6,1,-1,-4,-4,7,-1,2,-4,-1,-3,-9,0,-3
-5,-6,-5,1,7,-3,-10,4,0,13,3,3,-1,0,4,0
4,-2,-5,1,0,0,5,4,0,-1,0,-3,2,-3,-2,2
-2,7,6,6,6,7,8,4,-3,2,1,4,-2,4,-9,-1
3,1,4,-11,5,4,3,2,-4,7,-2,1,-1,-1,5,-7
0,-2,3,0,-1,3,0,-3,2,-3,-4,3,5,-2,7,2
2,0,2,1,-1,0,3,-3,0,-1,8,-1,-1,4,-2,-2
4,6,0,-2,1,3,-1,4,0,-2,5,1,-2,-2,5,3
0,-6,0,1,-1,3,-1,-1,-3,5,-3,-1,6,0,0,6
0,-3,-6,1,-4,3,-3,-1,-5,3,-3,-2,-1,-3,-1,0
1,3,5,3,2,4,1,7,-3,1,-7,1,0,2,1,1
-3,0,1,-3,0,9,-2,1,-3,4,-5,2,-2,-2,0,1
6,-1,-1,1,5,-5,2,-4,-3,2,-10,7,0,2,-4,3
0,5,2,-3,-3,4,-6,0,-1,0,0,-2,1,-1,-2,-3
-2,1,-2,-2,2,8,-2,5,3,-2,4,-8,0,2,-6,-1
-6,-1,-9,-1,3,-1,1,-5,-7,-4,1,6,-1,-4,-1,0
-4,3,2,2,0,-2,-1,0,4,4,2,-1,3,0,0,-4
3,-7,-7,-6,5,-1,-1,5,-8,1,6,3,1,-6,1,-9
1,1,-5,3,-6,0,4,0,-7,-8,-4,-3,1,-4,7,2
2,4,-1,-3,-2,0,3,6,-2,1,3,-3,-2,8,-7,1
3,0,6,-1,-3,-3,-4,-2,-1,-4,1,-6,0,4,-2,2
0,-3,-5,-3,2,4,2,-1,3,3,-1,3,0,1,4,-5
1,5,1,1,-2,-1,0,-3,2,-7,-1,7,0,6,-5,4
6,3,-1,-1,-4,1,3,0,-4,-6,4,-2,-2,1,1,-2
0,0,7,-1,0,-2,1,1,-2,0,9,-1,4,1,0,5
3,1,4,3,-1,-2,0,7,0,6,-1,0,0,-5,-2,1
-4,0,5,2,-1,5,-5,0,8,0,-5,3,-2,-1,-2,2
0,1,-1,-1,0,-3,-1,-1,2,-3,3,1,-2,-6,-1,-8
-6,3,2,1,3,-2,0,3,-4,4,-2,-1,-6,-3,2,-4
3,0,3,6,-6,-2,-5,1,5,-8,-4,-5,3,-1,4,-1
8,5,0,0,-5,-3,2,5,2,-2,-2,2,6,-1,5,-2
7,-3,4,-5,-6,3,2,-2,-1,-4,3,-2,4,2,-1,-1
1,-2,-8,-6,-1,-5,-2,0,4,-7,-9,2,0,-7,1,1
3,-5,8,-6,8,-6,-1,3,0,8,-2,-1,9,2,2,-1
-3,1,-4,-6,-6,0,4,5,3,0,-3,-1,-1,-5,5,-2
2,-2,4,-1,-2,0,-2,4,-8,2,2,5,0,1,0,-2
2,-5,-9,1,0,6,4,5,-4,-4,-4,1,-2,6,0,-1
0,11,-6,-4,1,-2,0,1,4,3,1,2,-1,-3,1,3
-7,-2,-4,8,4,0,-4,-1,-4,1,-5,-1,2,2,-1,-7
0,2,0,-4,2,1,-2,0,-6,0,4,10,-1,-2,1,-4
5,-5,-2,-4,2,-1,3,-2,-3,5,6,4,-6,-2,2,5
2,-3,2,4,0,-5,0,5,1,-4,4,1,-15,-3,7,-4
-4,-1,-4,-1,-2,7,-3,-9,5,0,-4,-4,-3,4,4,-1
-4,4,-5,0,-4,-4,-3,7,0,5,0,7,0,0,-4,-1
4,5,3,-3,4,-1,-4,-7,6,3,1,1,3,-3,-5,-3
4,0,4,4,0,8,0,-5,2,-2,-5,6,-5,0,2,3
-9,-2,-8,6,3,4,9,-1,0,3,0,2,0,0,7,-6
4,-2,3,-5,-2,7,0,1,-2,-5,-9,-1,4,-2,0,-1
6,3,11,6,6,-6,0,3,-2,5,10,-4,0,2,1,7
3,5,-2,1,-2,-2,2,-1,3,6,-6,0,1,-2,-1,-2
-8,-6,5,4,0,1,6,2,-5,2,9,3,-3,1,2,0
0,1,4,-1,2,1,-6,-1,5,-10,-1,-3,3,2,-5,-3
2,-3,-2,-1,0,-1,8,3,-2,-3,1,9,-8,-2,-4,-7
1,3,-4,6,-3,-2,-2,1,3,-2,-2,3,-6,-1,-3,8
4,-1,-5,-5,1,0,-2,-2,-5,5,2,4,4,-6,-7,1
2,4,-5,3,7,5,1,0,5,2,-1,-5,6,5,1,6
7,-6,-7,6,3,7,-2,6,5,-4,-1,0,4,-4,4,-3
16,-1,6,3,-1,0,-6,4,-1,0,4,-7,7,0,-10,6
-3,2,2,-1,-3,-8,0,-3,5,3,11,-4,-4,-1,-5,0
-4,3,-6,1,9,2,7,-4,3,2,10,1,4,-7,0,0
3,-4,-1,0,4,-2,2,1,2,-3,1,4,6,-1,1,3
-2,-2,3,0,-6,0,2,-4,-1,-9,4,2,-1,-3,-4,-8
0,2,-7,-2,1,-2,2,2,-2,1,-5,-7,-2,-1,-4,6
-1,1,0,-2,4,2,5,1,-3,-1,-3,-6,-6,6,-2,0
-6,6,-1,1,2,0,2,-1,2,-2,3,6,-6,0,0,0
2,1,-4,1,-2,-4,-1,3,-4,0,2,-1,2,4,4,5
-3,-4,-2,-1,-5,-2,4,1,4,-3,0,-7,-3,7,1,5
1,-2,-3,-3,-2,6,1,-2,-8,3,-1,-3,4,-4,-6,9
-4,-4,4,4,1,-6,1,-4,-3,1,-1,2,5,1,-1,1
1,2,-1,0,-5,6,0,3,-5,9,0,-8,-2,6,9,-2
-2,5,-1,3,0,1,-2,9,1,2,2,-7,1,-4,-5,-3
-2,0,2,-2,0,3,-3,1,3,-4,6,1,-6,-1,-1,16
-3,-5,1,-4,5,-3,-6,3,8,0,8,7,-5,-2,3,-5
-1,-5,3,3,2,-1,2,1,7,-2,-1,-6,3,3,-3,-3
-3,-1,0,6,1,2,2,4,-4,3,7,-1,3,9,4,0
3,-1,-2,-2,1,-2,2,2,-5,3,-7,2,-5,-5,0,-4
0,9,-2,0,2,2,-4,-4,0,-8,-1,-2,3,-1,4,-6
1,3,1,7,-6,4,3,-1,-3,4,-5,-2,-5,-1,-1,5
0,-1,1,0,-5,-4,2,1,4,-4,-3,6,-4,9,2,-2
-5,-3,5,-3,2,7,3,-5,-3,-5,3,4,3,-4,-2,1
-3,3,2,-6,-5,-2,5,1,3,-1,-5,-4,5,-6,4,1
7,-1,0,0,0,1,1,2,1,-4,-1,3,3,1,0,-2
1,1,4,-2,3,-4,-1,2,1,-3,-1,3,-4,-6,2,-8
-6,4,0,-5,4,4,0,-6,6,7,-8,-2,3,-4,1,-1
0,-9,-7,5,5,0,6,-3,8,-4,-1,5,2,4,-4,-2
-3,-2,5,2,1,1,-2,3,5,2,5,-8,1,-3,4,-2
-4,2,3,6,-1,-7,-7,-10,6,0,6,-3,-3,-10,7,0
-2,-3,-1,2,0,-4,5,6,1,-5,3,4,-1,-2,0,-3
-2,-3,6,-2,-2,2,-2,2,-1,1,-2,-3,5,4,-3,2
5,5,3,-6,-1,-3,-2,2,-1,-5,1,-4,-6,2,-4,-4
-3,-5,0,-2,2,-1,4,1,1,1,6,-4,0,1,-7,4
-3,-5,7,7,4,-7,-2,-3,-2,-2,-2,1,3,4,6,-1
2,5,5,-8,-3,-2,2,-3,-1,-2,0,0,0,-2,6,-3
7,-3,-4,-2,2,4,-3,3,-1,6,-1,0,-4,3,11,2
-2,3,1,-7,6,7,-10,-2,-1,-2,7,2,1,9,3,2
4,-4,10,-4,-5,4,-5,4,0,-6,5,-2,-5,1,1,2
2,-2,-7,7,-1,9,-1,1,-7,4,7,-2,-5,1,3,-3
0,-4,4,0,-4,3,3,3,1,-3,-1,3,-3,-2,0,-2
-5,-3,0,5,4,-2,4,-7,-5,3,3,4,-2,1,-4,-3
-1,3,-4,-5,1,0,6,-2,-1,1,4,-1,-6,3,1,5
-5,14,4,2,0,-4,-7,8,3,3,-5,0,-5,-5,6,3
1,-1,-3,2,-2,9,-1,1,4,-4,3,5,-5,12,-3,2
-7,-7,0,-2,0,1,4,2,0,0,-4,1,0,-2,3,-1
-1,-5,4,-1,-3,-4,2,1,7,1,0,-1,5,-8,1,-4
-1,1,-3,4,9,-5,0,0,2,-6,0,1,-2,7,4,1
6,1,-1,0,0,-5,-9,-1,-4,-4,4,-5,7,-1,-6,7
-2,1,3,9,9,5,-6,2,1,-3,0,5,0,-1,6,-3
0,4,0,0,10,9,8,5,2,-1,-2,-3,-1,-1,3,0
3,-1,10,4,-4,-2,-2,6,8,-5,13,2,1,-3,0,-7
-3,4,5,-2,2,-1,2,-5,3,1,4,0,6,0,-1,-2
8,2,-4,3,-7,-1,-4,-1,4,2,0,-1,1,-3,4,3
-2,6,8,4,-3,5,0,-1,1,7,-3,1,3,2,-3,6
2,6,2,-3,-5,7,-5,-3,5,2,1,-1,4,1,6,0
2,1,-6,2,-2,1,7,-7,1,3,-1,-8,-6,2,0,3
1,-8,5,5,3,-3,-4,-2,9,2,-1,-3,-5,-7,4,1
8,5,-3,5,-7,9,-1,2,9,3,6,-7,-3,5,0,-9
0,-2,-6,-4,-4,1,0,4,8,0,-1,1,-1,4,1,6
-1,4,-3,0,2,-6,0,5,1,-1,5,-5,6,1,-3,-1
-8,-5,-1,-5,3,0,3,-3,-2,-2,-1,1,-6,-1,-3,2
8,3,-2,-1,3,2,8,-2,-8,-3,-4,-7,4,6,-2,0
-3,1,2,-7,-4,7,-3,0,-4,-7,4,0,-5,-1,3,2
-4,-3,-7,2,3,6,4,-7,-9,6,3,2,-1,-12,-3,2
-3,1,2,-1,4,-1,-1,2,-1,0,3,1,-4,0,1,-3
4,-4,7,-8,1,-1,-1,5,-5,-3,-1,4,1,0,-4,-2
-6,-2,-1,4,6,2,5,8,-3,-5,2,-6,-2,-8,-2,-4
-2,-5,2,-3,6,1,2,-5,5,-4,8,1,2,2,-1,4
1,-3,-2,-5,-6,-2,0,-3,-7,-1,2,-5,2,1,-2,-6
1,9,-4,-2,6,0,-5,-5,10,-1,4,0,0,6,-2,3
-3,-5,5,-5,0,-4,6,1,3,-2,-3,3,4,-2,0,3
-6,3,-3,3,5,2,7,4,-2,-1,-2,0,10,0,2,-6
-1,-1,3,2,-1,-5,-4,-1,-2,1,1,-5,-6,-3,-2,2
-1,4,-4,-2,3,-1,6,-1,-1,6,-1,-4,1,-8,-7,8
1,2,2,4,-1,-1,5,7,3,-8,-1,-1,-2,2,-4,-2
-7,0,-6,-3,3,1,1,2,4,-3,3,-7,0,-2,7,1
4,4,-7,-6,-2,-4,-3,-4,-3,0,6,-2,-4,1,1,3
5,1,1,-6,3,-2,-10,0,2,0,3,3,3,9,-4,-1
9,-5,-6,-6,2,-2,-3,-4,-2,0,-4,-1,-3,6,1,2
-5,5,5,2,1,-1,2,-4,-8,1,1,0,2,-3,2,5
0,0,-4,2,5,-10,5,5,-1,3,0,0,-3,1,-3,-7
-4,2,1,-4,0,5,1,4,1,-3,3,-4,5,1,5,-2
-9,1,1,-4,-5,-1,-9,1,-5,-3,-1,-2,1,1,2,-3
-6,5,-9,-7,-4,1,-4,-1,1,0,5,-2,2,3,-1,-4
-11,-3,2,4,-1,3,-4,2,5,2,-4,0,3,4,2,-5
-4,-2,3,-3,1,0,-2,5,3,3,-1,3,-4,-7,-6,1
-7,-4,-7,5,-3,3,0,0,-6,-1,0,-3,3,-1,0,-4
-3,0,1,-4,0,2,2,2,-7,4,-1,-9,2,-1,6,3
1,-6,0,11,-5,0,-2,-9,-11,-1,-3,0,2,-3,8,-1
3,0,3,-7,-1,-5,-6,-6,-2,-4,4,-4,-6,-8,1,-1
4,-3,-7,1,-3,6,2,1,-5,8,-2,6,3,-9,3,2
-1,1,0,-1,-2,0,-1,0,-3,-3,-1,3,5,-2,1,-6
-5,7,3,1,-3,0,3,12,-2,-6,3,0,1,-1,0,-3
-6,-2,-8,5,-7,1,1,4,0,2,-3,1,6,3,2,3
2,-1,-2,5,5,4,-2,4,-2,-1,4,5,4,-3,0,-2
0,-3,-6,-2,-1,-2,-4,-1,-11,-3,2,0,0,-2,-1,-4
2,0,-6,-2,3,-1,1,0,-1,5,7,2,0,10,-6,1
3,-2,-7,-4,-1,4,0,-2,-4,-1,1,1,-10,2,5,4
-1,-3,-7,4,-1,-4,-2,-2,-2,4,9,-3,-2,-1,-3,1
-4,-6,-3,-5,1,0,3,-9,2,1,5,2,2,2,-4,2
1,9,-4,1,0,-5,-1,-1,1,1,2,4,5,0,-1,-1
7,0,-7,-3,8,1,-7,1,-5,0,-4,3,-2,1,10,-8
10,2,2,-2,0,-5,6,0,3,5,-7,-13,3,-2,-1,2
-2,0,-6,-5,-2,-3,-4,0,2,-1,5,-4,5,3,-2,4
-2,1,-6,4,-2,1,-1,-2,1,2,2,1,-10,-4,-2,5
-3,-2,-4,1,-5,0,-2,7,2,-2,2,-7,1,3,-3,-5
10,5,-8,-7,4,1,-2,-2,-1,1,4,5,12,2,-5,-4
7,3,3,3,1,7,-1,1,-1,-3,-3,-2,2,-3,3,-4
3,0,0,2,-7,-1,2,-1,4,-2,4,0,9,-3,-5,-2
1,-9,-3,-8,-2,-1,1,4,-3,3,5,0,0,1,-5,2
4,3,-2,4,-5,4,-6,-4,3,2,2,-1,2,-2,-1,-7
4,-1,5,0,1,-1,1,-9,2,1,-1,-11,-2,-6,4,-3
-2,5,-6,-7,0,-4,-3,-2,8,0,0,1,2,2,9,1
5,-5,-4,1,2,3,-5,-1,-5,0,3,-2,2,5,0,-3
-3,4,8,-1,3,-3,-5,-3,5,0,-3,-2,6,-5,0,3
-1,-8,5,-2,6,2,-4,-5,-3,0,-3,1,0,-2,4,8
-1,-3,0,3,-6,3,7,-2,-4,2,0,0,1,-2,-3,6
0,2,2,-3,0,0,-5,3,1,-6,0,3,2,1,-1,1
-1,1,-3,3,6,-4,-3,6,2,0,-4,-4,3,-5,3,-4
4,-6,4,1,-1,-2,2,-4,4,-4,0,0,-6,2,-1,-4
-1,3,-7,3,1,5,-1,3,3,0,-4,3,2,7,2,3
-1,-1,0,8,-3,-2,-2,-2,1,3,2,4,-2,-8,5,-6
-3,-7,-4,5,0,-1,-2,-2,1,-5,0,6,3,0,0,4
-3,7,-3,1,4,4,0,3,-4,-3,10,-2,-4,4,4,2
3,-5,-1,1,3,3,1,-2,-4,-1,-2,1,6,0,3,1
-9,-2,-9,-1,3,-4,-3,3,3,3,1,6,-4,0,-1,-7
-3,-1,3,-1,2,-1,2,-6,-3,-2,-3,0,-2,-4,0,0
3,-6,4,4,0,-1,3,3,0,0,2,-4,0,6,1,2
0,2,-2,-4,-3,4,-1,0,7,0,-3,-5,-2,-8,4,-3
0,9,2,0,7,0,1,-2,-4,-1,-2,-5,3,1,-5,2
3,2,0,-2,3,-5,-3,7,4,5,-6,-4,-10,-1,-4,2
-6,3,7,-2,2,3,5,-2,3,4,7,-2,1,0,-4,-4
2,2,5,-3,-1,-3,0,-1,1,-2,3,-2,2,2,7,4
11,0,0,-1,8,-6,-3,-2,-5,10,-4,-9,2,5,-9,-4
-1,-2,0,-1,4,2,-1,0,-12,5,-1,4,0,3,1,4
3,-1,5,3,-10,-10,2,-5,-1,-3,4,-3,4,-7,-2,-3
3,-4,6,-5,4,-2,7,5,2,4,-2,4,-7,3,11,-1
-8,1,4,-3,-3,6,0,2,1,-10,-4,-1,-5,0,3,1
-3,0,3,5,-3,2,-7,2,-2,1,-7,6,-1,-1,-4,5
-3,2,-5,6,-9,3,3,-4,1,4,1,5,-1,2,-3,-4
1,-1,3,2,0,-1,1,-1,-2,2,-1,4,4,2,4,-6
-3,3,-9,-2,3,7,-7,1,-6,-4,-3,5,-4,2,-4,2
1,1,8,6,-4,-3,3,-8,1,-4,0,0,2,-3,1,-7
-6,2,5,3,-3,5,1,4,-1,2,3,-3,1,-3,1,3
0,-5,-1,-3,-1,-1,-5,-1,-9,8,-6,-2,-5,5,-4,-4
0,0,5,-6,-1,-4,6,0,-4,0,2,2,-4,0,-3,-2
-9,-3,-8,3,-7,2,-2,-2,0,-1,-7,-3,-3,-6,3,0
1,-2,6,7,-5,7,-1,-3,-6,-3,-8,5,2,2,0,-2
-3,5,-3,0,-4,-2,5,-2,-2,-4,2,-1,-3,-3,0,-5
5,-2,6,-1,9,5,1,4,-8,3,3,-3,-2,2,-1,10
-2,-2,-2,1,-1,-2,6,-3,-5,6,-2,0,2,-2,5,-1
-3,-1,-7,-3,-3,-3,6,2,0,-2,-2,5,-2,-9,-3,-10
8,-3,2,1,8,0,-3,8,2,-1,-3,-6,4,-1,1,-3
2,1,0,-1,-3,-5,7,-1,0,5,-9,-3,-4,-1,-1,1
5,-2,-3,0,8,1,-7,1,2,5,-2,-8,2,-1,2,-4
6,-4,3,-11,-3,5,-6,-4,-3,-3,-4,-1,-1,-2,-7,2
2,3,-1,5,-3,-5,2,3,2,0,4,-6,1,0,7,-3
-3,1,2,9,1,-6,3,-2,3,-3,1,3,1,2,4,1
-3,-1,-1,3,2,6,10,0,-1,5,-7,0,0,1,9,-1
-10,-6,-3,-3,-6,4,-3,4,2,3,1,-2,1,-4,-3,-3
0,9,-3,5,1,9,0,-6,2,-7,4,2,-4,4,3,-4
-2,-1,-3,-2,3,4,3,2,-2,2,-1,-1,0,-4,2,5
-6,5,1,2,-4,-1,0,-2,-5,0,3,-7,-4,4,8,-1
1,2,0,5,4,-2,-1,2,4,-1,2,2,0,1,-1,-5
6,0,-4,-2,-1,-3,-3,0,-7,-5,-2,-2,-3,2,1,2
-1,0,3,-3,2,0,-1,-4,4,5,0,0,6,0,2,-1
3,-1,-2,-3,3,-4,-5,1,-3,1,0,2,1,7,5,-3
-5,-6,-1,-5,-3,4,-1,-7,-7,7,6,-1,3,1,1,3
-5,-1,6,1,0,-5,-2,-3,2,3,-2,-5,1,1,-1,-8
-1,-9,1,-6,-2,3,1,4,4,0,-3,-3,-2,3,-3,-1
-2,-3,3,-1,0,-3,-2,5,1,0,-2,-3,3,0,4,-10
4,-10,4,-3,4,-1,3,-2,4,0,3,-2,-3,1,-3,-3
-3,-2,-10,0,-1,-4,3,3,4,-3,2,0,5,2,10,1
4,-1,-8,-4,7,1,3,0,-5,-2,-2,-3,2,5,1,3
1,-6,-1,4,-8,-4,3,-3,7,3,-6,0,-2,5,0,-3
-6,-4,-5,-6,-2,2,-4,0,-3,0,-4,0,0,-2,5,-1
-8,-3,1,3,2,1,1,2,1,-5,-1,-1,-2,6,-1,3
-7,3,8,3,2,0,-4,-6,8,5,-2,-1,-3,-2,-6,-5
5,3,11,3,2,-2,4,3,3,-1,0,1,4,2,2,-7
-7,-1,0,3,-2,-1,2,2,0,0,-9,5,4,7,-1,2
-2,5,0,-3,7,-7,3,-2,-6,-4,-3,2,0,-5,2,8
0,1,2,-6,-4,4,1,-6,1,-3,-5,-6,9,4,-1,3
-6,-7,-2,1,-2,4,-2,-4,-8,6,8,7,4,4,1,-5
-4,-3,3,-4,5,-4,-4,-4,-1,-5,-1,4,4,2,0,-2
8,3,5,-1,0,4,4,-2,1,-2,4,5,-4,-1,1,0
2,-2,5,4,1,-5,-2,-2,-2,-2,3,-7,-3,8,2,2
1,-4,-6,0,1,-2,0,-4,-9,-1,3,-3,1,-4,-1,-6
-1,-5,5,-5,-8,-7,-5,1,-8,-1,0,-1,-8,-5,-9,-5
0,1,-2,1,-5,-5,-2,8,-5,2,3,1,-5,0,-3,-2
1,5,1,-1,-2,2,-7,-3,5,-5,-2,3,1,-5,-10,3
5,-6,-3,-2,9,3,4,-1,5,-3,-1,0,-2,5,-1,-3
6,2,-1,-4,9,-1,-1,-2,2,7,-1,-2,-2,-2,6,4
3,7,4,0,-3,5,6,-6,-3,0,-1,-3,-2,7,4,2
7,5,-5,-2,-1,2,-1,2,1,-6,-4,2,-2,4,5,-5
0,2,7,3,-5,-3,4,6,-2,0,-1,-2,2,-3,0,0
1,1,1,3,1,-1,-4,-3,-3,0,1,-6,-6,10,1,4
0,2,-7,2,0,2,-3,-4,1,-6,-4,-5,-7,4,4,-2
2,4,-4,9,-3,-1,-5,-1,2,5,-3,2,-1,1,-1,2
4,-1,7,3,-2,1,0,-2,-5,1,-1,2,-1,-1,-9,6
-3,2,0,2,1,4,-1,8,0,-2,7,0,-2,-3,-4,0
-6,0,8,1,1,5,0,-1,5,-1,0,2,-3,6,-4,-3
-1,1,-5,2,-7,-1,-5,0,0,-4,0,0,0,-5,-6,1
-1,-6,3,-4,6,-1,3,-5,0,-1,5,1,3,3,-7,-2
-9,-1,-4,1,-1,-3,-2,-5,-4,-1,-2,6,1,4,-4,1
-2,5,-4,2,-5,0,1,1,2,3,1,4,-1,9,0,0
7,1,-1,6,-2,7,1,1,-6,7,-6,-8,-5,-4,-1,2
0,-1,-3,-2,4,0,8,-4,-1,2,4,-1,-1,1,6,2
-1,-8,0,0,1,-1,0,1,-6,-1,3,-2,-1,3,10,4
2,0,6,-6,4,-4,0,0,-7,-3,1,-3,1,-3,0,-1
-2,0,6,2,2,0,3,2,-3,-6,3,2,2,-2,-4,-2
0,-2,2,0,1,1,0,8,0,-1,4,2,5,-3,-2,-1
-3,2,3,2,0,-7,7,-7,4,-1,3,-2,2,8,1,5
-4,-4,-5,-2,-2,-1,-1,3,3,-8,-5,-3,0,1,-6,2
1,-9,1,-2,-2,4,0,-3,2,2,3,0,0,-4,-4,-1
-1,-2,2,1,-1,-1,0,7,-1,3,-3,2,1,4,2,1
2,2,8,4,2,-4,3,-2,2,7,-11,-1,-4,-3,0,-5
-2,6,4,-1,-6,-2,-2,4,-6,-1,-2,-6,3,6,-1,0
-2,0,3,1,-3,-7,-3,2,0,-3,1,2,2,5,3,4
3,-2,1,4,2,-3,3,-6,-2,1,-4,4,-3,1,2,-5
-4,-3,2,-8,0,5,0,1,-3,-3,4,8,0,-1,4,1
-5,-6,-4,-10,-1,7,4,-2,6,1,2,-1,4,1,0,6
-1,3,-6,1,-8,-2,-6,-1,-1,3,-8,3,1,0,7,-4
-6,2,-12,7,-2,-5,9,-4,-4,4,10,3,-2,0,-1,0
0,-6,-3,4,0,-3,-9,9,3,2,-1,3,7,-1,3,-4
-3,-4,4,-3,10,0,-4,-5,6,4,0,3,2,-1,0,3
-6,0,8,4,7,1,-10,5,4,2,3,5,-4,-5,0,3
-1,-3,0,2,-6,4,7,0,6,3,4,-1,1,3,-5,-2
-2,5,0,-3,-4,6,4,-2,4,3,-4,-1,8,0,-6,2
-4,0,-6,2,7,4,9,2,2,-1,3,-6,-6,-2,-3,-1
-6,-3,-1,7,4,-2,-4,2,9,5,5,1,-5,-4,-4,-11
0,3,-4,-5,-1,4,2,7,-5,-1,0,-4,4,-8,-1,2
3,7,7,-3,-8,3,1,-4,3,7,5,4,-1,4,3,-9
-6,-4,-3,-2,0,-4,0,0,0,4,3,-3,1,2,0,-2
-7,7,2,4,2,-4,-8,-3,-5,4,-2,-2,4,-1,2,-3
0,4,-3,1,1,-7,3,4,-4,0,-1,-7,4,2,3,-1
0,3,-3,3,-6,3,-3,2,0,1,1,-3,5,-2,3,-2
2,3,1,-3,1,-2,3,5,2,9,6,3,6,5,-4,-5
1,-1,-3,2,5,-8,4,1,7,2,-1,-3,1,-2,-3,2
4,1,2,4,1,-2,-2,-2,-2,3,2,-1,4,-8,-1,0
-1,2,1,-1,6,-2,-3,4,3,-9,3,-2,-4,-5,-1,6
-3,-9,2,-7,0,3,-2,1,0,3,-3,-3,6,-3,4,1
-1,7,3,-3,-1,-3,-6,2,2,3,3,1,-1,0,-3,-4
-3,1,3,-5,-1,-7,-3,5,0,2,0,-4,1,-5,8,-3
6,2,1,-6,-7,-2,6,-2,4,7,-2,3,-2,-1,-8,0
-3,0,-5,-5,1,6,-2,-9,-4,6,1,-2,-1,-3,-1,3
6,-6,-5,-4,1,-2,2,3,0,3,0,-3,-3,4,1,-4
6,-2,-2,-10,2,-1,-6,1,0,-6,0,3,1,3,-4,1
1,6,0,1,0,-1,3,5,5,-3,0,-9,0,-2,-2,7
-1,1,-6,1,3,2,-1,4,-7,-8,-3,-9,-6,2,8,1
2,-3,-1,-1,1,-3,5,2,6,-2,3,1,-9,5,-3,-6
6,8,5,-2,-6,0,0,2,1,-2,-4,-6,-5,0,-2,4
3,0,5,-1,-8,-4,1,0,3,2,2,2,-4,2,1,1
0,6,-2,2,-3,-4,4,0,3,0,-3,-5,-6,2,-3,2
-3,3,-2,1,-3,-2,5,-6,8,-4,-2,-4,-5,3,-4,-5
-2,0,-6,-2,-2,-3,-7,-8,4,-1,0,3,-2,6,4,-1
-7,-1,10,1,7,5,2,3,-2,-7,-1,-2,-4,8,0,2
2,-1,1,-3,6,-2,-3,4,0,-2,8,-1,6,6,-1,-3
7,0,-1,3,-1,2,1,-1,-4,-3,-3,-1,-5,9,12,5
-1,1,3,8,-5,7,-1,0,-3,2,1,-6,-2,-3,0,3
-1,4,1,-8,-2,-4,-4,-3,2,1,-4,-3,5,3,-1,2
2,-3,2,11,7,0,6,-1,5,4,-2,3,5,-1,-5,3
2,-3,1,-1,1,4,-2,0,3,1,2,0,-1,-1,-2,-6
-1,2,-9,4,-3,2,8,3,-7,5,-6,-1,8,3,-2,2
4,0,-9,6,0,-3,-1,5,2,-6,-1,3,3,3,10,-2
0,-5,-3,-1,9,1,-1,-2,6,1,-9,-11,4,-1,-9,5
2,-2,2,0,-1,-2,-8,-2,-1,5,-3,3,0,1,-6,7
1,3,-2,0,3,-4,0,-2,2,0,2,-4,2,1,2,-1
2,-13,-1,-1,0,1,0,-5,2,5,4,5,-3,2,-1,5
0,0,6,-5,-1,-1,6,-1,5,2,-3,-3,1,-2,-3,1
7,3,2,-3,8,4,-4,2,-3,-10,1,-2,2,-2,-1,3
-1,5,1,2,1,-2,5,-1,6,-1,-3,1,4,-4,-1,1
-5,-4,3,-1,-7,5,-6,0,-1,0,0,1,-6,0,-5,-1
-7,6,-2,7,-2,4,-4,5,0,6,-3,6,2,0,0,-2
-5,4,1,-2,2,1,6,7,-1,5,-3,-4,4,-1,-2,3
-3,0,4,1,-1,-3,10,-2,3,1,0,-3,4,3,-1,-4
6,3,-5,7,1,-2,-1,5,0,-3,-2,2,-3,-3,4,-3
5,0,-2,0,4,-6,1,4,0,1,-6,-8,-1,-1,1,0
3,2,-1,6,0,4,2,-7,-4,-2,0,-2,-4,-1,1,-1
-1,2,7,-2,-3,2,-2,0,1,-2,-2,-3,0,-7,2,-4
4,0,2,-1,1,-2,-2,3,-2,-3,5,-6,-2,1,8,-8
-8,-5,-5,-1,-1,11,-5,-2,-5,-1,-5,0,-5,1,2,1
3,0,0,3,1,-6,4,0,1,-7,-4,-2,4,-6,-3,-1
1,-4,-8,-1,-4,0,-2,-3,-4,-2,1,5,6,3,-1,3
-3,-7,0,-2,-2,-3,-4,4,-1,2,3,1,0,2,-4,-1
5,5,-5,-2,4,3,2,3,0,0,1,-4,0,10,-4,8
0,2,-5,1,7,-4,-2,0,-1,-2,-7,6,7,1,-7,1
1,-2,2,-6,-1,-3,3,-2,1,-2,1,-9,-3,3,5,3
4,-5,-14,-1,4,1,2,-6,7,4,-4,4,8,-5,-2,-7
-2,3,1,4,4,-2,1,3,2,-2,-2,5,0,-4,4,-3
4,-1,-2,2,-2,-1,-6,4,5,-4,2,-3,0,-1,1,-15
4,-4,1,-4,-3,-2,2,0,0,0,-2,6,-2,2,1,7
0,0,3,0,-4,-3,4,6,1,-1,7,3,3,2,6,0
0,3,2,0,4,3,-3,-2,-1,-3,-5,0,3,0,6,1
-5,-2,4,-2,-2,-8,-4,-3,4,-5,4,8,-1,9,-2,2
-4,4,-2,8,0,0,9,1,-2,2,-7,-8,-10,0,0,-5
-2,8,1,3,0,-8,-3,-2,5,6,-3,2,4,5,-6,0
-1,0,3,4,6,2,0,-1,-2,-7,-4,-3,-3,-1,1,0
-6,1,-5,2,6,3,3,2,5,1,5,3,-8,3,-5,2
9,1,0,0,-1,5,-4,0,4,-3,2,1,1,-2,1,-1
3,-5,5,-1,-10,-1,2,3,-1,0,7,5,-3,5,1,-1
-1,-5,-1,-3,2,1,-3,-2,1,-3,-4,1,-3,5,-8,0
-6,4,7,-2,-1,-4,0,2,6,2,-1,-3,-1,8,2,4
6,-3,0,1,-3,2,2,0,1,3,1,-3,-3,2,-1,-7
5,2,-3,1,1,1,5,10,-1,-6,-3,3,1,6,-4,1
4,-5,3,2,1,-4,2,0,8,-3,4,2,-6,0,2,-2
3,2,8,-1,-6,-5,-6,-2,-7,-2,5,0,-2,4,2,2
-2,-7,-1,3,-3,-2,8,-1,-14,1,-1,-3,-3,1,0,3
1,0,-1,-4,0,-2,4,1,6,-5,7,-4,1,5,0,-1
-3,5,4,2,4,-6,4,4,-3,-2,1,-3,-4,-4,-5,0
-7,-4,-1,1,-2,3,4,-3,-4,-1,-3,0,3,-2,-2,7
1,-2,-2,2,-4,-3,-3,-1,-3,-3,-1,6,-7,-12,-1,-9
5,2,-3,-2,5,3,-7,3,2,2,-2,0,-2,-2,2,-2
8,-5,-2,5,-7,-2,5,1,-1,-4,-1,7,-4,-3,6,1
-3,2,4,-4,5,-5,-1,-4,1,-3,0,1,0,6,3,-3
2,6,-2,-1,-4,-4,-2,3,0,-2,3,-2,6,8,0,1
-5,-4,-1,2,0,-2,-1,-4,-3,2,-1,4,6,-2,8,5
3,3,-3,-2,-1,-5,4,0,2,0,0,3,1,1,-1,1
5,-5,2,-12,-7,-4,6,2,-2,6,3,-1,-3,-4,-10,4
-3,-1,4,6,-1,-3,-4,-3,-5,0,1,0,-2,5,10,5
2,-1,6,-2,4,-1,0,0,4,2,-3,4,-7,3,-9,0
-1,-1,1,4,-7,-1,-1,8,4,2,-5,1,-2,1,1,2
0,-8,-2,5,2,-2,3,-1,0,-3,-8,3,-3,2,-1,1
3,0,-2,2,0,16,6,0,3,-4,3,-2,3,7,1,6
5,-8,0,-3,2,-2,-3,4,3,12,-3,-2,0,1,0,-3
-7,-7,2,-5,-1,3,0,0,3,-4,-11,-1,0,1,5,-2
-3,-6,-3,-4,-2,2,-2,-3,2,3,2,4,-1,-4,-3,-2
-2,-1,-2,-10,-1,1,-3,3,-4,2,-7,2,0,2,5,-1
2,2,5,-5,-3,1,-6,6,3,1,-3,2,-4,-1,-2,4
-4,4,-1,-1,0,-3,-2,12,7,7,-1,-3,2,-4,-2,-4
-7,4,0,1,1,0,4,3,-6,-9,-2,-3,-3,-3,-1,-1
2,-3,-6,0,-1,3,-2,2,-1,0,-1,4,3,1,7,0
-4,-2,-3,1,2,-3,-5,2,1,0,9,-7,2,1,-3,-2
0,-1,3,-2,-4,-2,5,-3,4,3,2,-2,-3,-2,-3,-2
1,2,-8,4,2,-2,0,4,3,0,4,3,6,-4,2,5
0,-2,-7,2,2,-2,5,-1,-3,-1,2,0,-1,4,2,-5
-5,3,4,1,0,-4,3,4,8,5,5,3,-2,-1,1,4
4,-1,3,5,-2,-5,-1,-8,-5,2,-3,-10,-3,-2,-7,2
1,0,-1,1,5,7,8,5,12,-9,2,-4,-9,-3,-6,-4
-1,0,3,-3,-4,5,-1,0,3,1,-1,-1,-5,5,4,-6
6,0,-9,0,-1,2,3,0,2,0,5,-9,0,6,0,0
3,-5,-3,-1,2,-1,3,8,5,1,-7,4,7,-8,0,4
-3,-6,3,0,-4,0,-2,-2,1,1,1,-1,-5,1,6,1
1,-3,4,2,-4,-7,-2,0,1,-3,-1,-1,-3,2,-1,7
5,-1,-1,2,-4,2,2,3,-2,1,-2,4,-3,-7,8,3
0,-1,5,3,-3,4,-2,-3,-4,-2,-2,-3,-4,1,3,-5
0,1,4,2,-1,-1,4,-1,2,0,-2,-2,4,2,-4,-5
1,1,5,-1,6,0,-6,4,-7,2,-4,5,-8,-1,0,-3
0,1,-5,0,-9,-8,-2,3,3,4,4,-2,12,-1,0,-2
1,-6,1,4,0,-4,1,-1,1,-6,2,5,1,-1,-7,2
0,3,8,-5,-5,-2,5,3,0,2,-1,-11,-3,5,-3,3
0,-1,-1,-1,-9,2,1,-3,3,1,0,3,0,-2,2,-3
10,1,4,2,3,0,1,6,-2,0,-4,3,0,2,4,-5
3,-4,4,1,-4,1,-8,-1,6,-1,-3,6,0,-9,-2,-6
-4,0,1,4,2,-3,3,-5,-1,-1,-1,1,-1,-5,4,0
0,7,3,1,-4,-2,2,-2,-4,4,1,-1,0,-2,-4,0
3,5,3,1,0,-5,-7,2,-6,4,2,-1,4,-6,1,2
5,-7,-1,8,4,-7,4,1,1,-5,-6,7,1,3,-6,10
1,-1,5,3,1,6,-7,0,3,3,2,2,6,0,-4,4
-3,5,6,0,5,-3,2,-1,0,3,-4,0,1,-6,-6,0
3,3,-2,3,-5,5,-2,-2,0,4,-2,4,-2,-1,8,-5
-4,3,-4,2,-9,6,-1,6,-8,-1,-4,-13,3,1,-4,4
8,-1,2,9,7,0,0,0,0,7,-3,0,-3,-1,4,7
-6,0,0,3,4,-1,-1,0,2,-4,4,-2,-2,2,-3,-1
0,-6,2,2,-1,0,-5,-1,1,-2,-3,-1,-3,1,-7,5
2,6,0,-3,0,0,2,-2,4,1,0,1,4,-4,6,-3
6,3,-4,-5,1,3,1,7,3,1,-4,-6,-4,-3,4,-10
1,0,2,2,-6,-3,-3,7,5,3,2,-6,0,6,-3,1
-4,4,2,4,1,0,2,4,10,3,5,-5,-4,9,2,0
0,1,-2,-1,-4,0,3,0,2,1,3,2,-5,-4,4,6
1,-4,1,-3,-3,-1,0,-1,1,5,0,-1,0,-2,-5,4
1,2,-3,-6,0,-2,-6,-4,1,-1,-1,7,-6,0,-5,-3
5,-6,9,0,0,-2,3,-5,0,-2,1,3,0,1,-4,-3
4,-1,0,-6,-4,3,7,-3,5,-4,7,3,3,2,-5,5
-4,-5,2,-3,-4,1,3,-1,4,1,-1,5,-1,5,3,-4
-6,3,0,1,5,0,4,3,0,2,-1,-1,-6,-2,-7,-10
1,-2,1,1,0,4,-1,-1,-4,2,6,-1,8,-1,0,-2
2,-8,-3,4,-7,-6,-1,5,3,0,6,-1,3,5,2,3
-6,0,-2,9,-1,1,2,-8,4,-1,5,2,-3,-3,2,3
-1,-2,-6,1,2,5,-7,-3,8,0,0,1,-1,11,0,1
3,3,5,0,-2,11,2,-2,-1,-7,-3,4,2,2,2,7
1,-5,-4,2,5,0,0,4,-2,6,0,2,-2,3,0,8
3,-2,4,-2,0,1,8,-4,4,4,3,2,2,1,6,-2
1,10,-7,-5,5,-1,1,2,1,4,1,2,1,-4,4,2
-6,5,7,9,0,0,-2,1,4,2,4,4,-4,-1,-2,-4
6,5,-6,-2,-5,3,1,1,-6,0,3,3,-1,-6,7,-8
-1,-4,2,-4,6,-2,5,-3,4,-1,-4,-3,1,-1,-1,-1
-1,-4,3,7,3,1,-1,0,9,-2,-4,7,-2,0,-3,2
3,-1,-6,3,-1,2,-2,5,5,3,-1,2,3,5,-1,3
1,-2,-5,2,2,-7,5,-4,-4,-7,0,-7,2,0,1,-5
4,3,-6,-4,5,2,4,2,-4,0,2,2,-6,6,-6,-2
5,-3,1,-1,3,3,0,1,3,-6,1,0,1,6,-2,1
-2,8,0,-7,-1,-3,0,-2,-6,0,3,1,-6,-1,2,-5
3,-2,1,4,5,2,5,-1,5,-5,-6,-6,0,-1,1,-4
-7,-4,-2,1,-1,-2,9,2,-1,1,-4,-3,-3,4,6,5
3,-5,2,3,0,0,-5,-2,1,3,-8,-1,3,3,0,3
-2,4,-8,-2,2,0,-1,4,5,-5,-2,-1,3,-2,-5,5
-1,3,-3,-2,2,-5,6,8,-4,-2,1,8,3,-2,-2,1
-2,-7,-7,-3,-1,1,-5,-9,2,-4,0,-6,1,-4,-10,-4
-4,0,-4,3,-2,-3,-4,4,1,-1,-1,1,2,0,-8,-2
-4,-3,-5,-2,-12,9,1,10,6,0,-1,0,-6,0,4,-7
-6,-4,-5,-4,-6,6,-6,-3,-1,3,-5,2,2,3,-1,-1
-1,2,-3,-3,1,2,-1,1,1,2,3,-3,-5,-2,-6,0
-10,-4,3,-5,-3,3,3,7,-4,2,-2,1,0,-6,-5,5
0,-6,2,7,0,-5,-2,-7,-5,-8,-1,-6,1,4,0,7
-3,-4,-2,-2,0,0,1,0,3,-3,-3,5,4,-1,-3,4
-2,2,2,-6,-5,6,-1,0,-4,3,-1,1,-5,1,8,4
2,-4,0,6,0,-1,-1,-4,5,3,-4,1,-1,-3,3,1
4,-6,8,-4,2,3,-3,-6,-1,-3,2,3,-1,-4,2,3
-1,-1,2,0,-1,5,-5,0,5,-5,0,6,-5,4,-4,3
-2,7,-2,0,-2,1,-3,-5,-1,-6,-4,-4,8,7,-7,0
2,1,-5,2,3,-2,-5,4,-3,0,-3,2,-2,-4,-5,-2
-7,4,-8,1,5,2,0,2,4,4,-2,-8,4,-1,1,-1
1,6,-3,5,-2,6,2,0,6,-6,-9,3,13,12,3,-1
2,0,4,1,2,2,6,0,1,1,4,1,4,2,0,3
-2,8,1,-6,-3,0,6,-4,-7,-5,0,3,-2,-2,-4,-6
6,7,4,-1,-7,3,3,-2,1,-1,1,5,-1,-1,-2,-6
1,0,-3,10,0,-4,4,-1,-6,5,7,2,-1,3,0,-4
-8,2,-2,-6,1,-4,3,0,5,0,-3,4,4,3,-1,-4
9,0,-1,1,-5,-4,2,-4,-4,6,-3,9,5,2,5,1
-2,5,-3,1,-2,6,-3,4,-3,2,-8,-6,-6,0,-4,5
-3,-4,2,0,-1,-1,-2,0,6,2,5,-3,1,6,-5,-4
2,1,0,-11,-8,-2,4,-3,-5,-2,-1,-2,1,0,-1,0
-2,-4,6,4,6,1,3,1,0,2,-1,-7,-3,-2,1,5
-1,3,0,-3,-6,3,4,-2,-2,-1,-4,-1,1,1,-4,2
-1,0,-3,-3,2,-4,-2,-4,7,-3,0,1,-4,4,-1,-2
-3,-7,4,-4,3,4,2,0,3,6,-4,-6,-1,-1,-1,-3
-2,2,1,7,2,1,2,-2,-1,-1,-2,5,7,-3,-5,-2
3,-6,0,1,-4,-3,2,4,-7,-4,5,5,-3,-2,3,0
-1,4,0,4,1,-9,1,1,4,-7,-3,7,-2,-2,0,6
-2,-8,-2,-2,-4,0,-2,-3,-1,-3,0,-1,3,-1,1,-2
-3,0,-5,3,-1,-2,-1,-1,2,-2,0,10,5,1,-6,0
3,0,-3,-3,4,-1,7,0,1,-3,4,0,-7,-2,0,-4
6,1,-4,7,0,1,-7,0,-1,-2,-1,-1,2,5,1,6
0,-1,2,-2,-2,1,0,1,5,4,-1,1,6,2,5,2
3,-4,0,6,6,-4,2,-3,-2,-1,2,3,3,1,6,-2
2,8,-3,2,7,7,2,4,-2,-6,5,-1,2,1,1,-8
-1,8,8,-1,1,-6,0,-1,-6,0,-2,-4,-1,0,-4,9
8,3,-2,5,-2,-1,-2,-3,6,-1,-5,2,4,-2,-2,0
-6,0,-3,-2,5,0,1,-5,-1,-5,0,3,3,2,-2,2
3,3,-5,0,2,5,-5,-3,0,-3,-3,1,-1,-3,4,3
2,-3,-4,-5,3,-1,3,3,-2,3,-2,-5,-2,0,4,-8
1,2,3,4,-5,2,-3,-2,5,-2,-6,-3,7,2,11,3
0,-3,-3,6,2,7,1,-4,-1,2,0,-5,1,4,4,2
-2,0,-2,-3,1,5,-2,5,0,2,3,-6,2,-2,6,-3
0,2,0,-1,4,5,4,4,2,-6,8,-5,4,-3,-1,6
-3,-1,-3,-4,4,-2,4,6,-4,1,-7,3,4,-2,0,-4
4,4,-1,-4,5,6,7,5,1,-4,-1,1,-2,-1,0,11
-2,5,3,0,7,-5,0,10,10,-1,1,-7,-2,-3,-2,-2
2,5,-5,3,2,4,-10,-4,-2,3,0,5,-5,-9,4,-5
-9,-3,2,-7,1,0,-1,4,6,0,1,4,-1,1,0,5
5,2,-3,0,-6,-3,1,-4,-1,-5,6,1,1,4,-1,1
1,-1,-9,-2,-8,5,2,-2,-1,8,0,2,7,-2,-1,-1
-5,7,1,6,8,-7,6,-1,-6,-7,-6,3,3,1,-3,6
1,-3,-3,-3,-2,-3,-3,7,-4,3,1,3,-5,-3,6,1
1,1,-7,-5,6,1,-4,-2,4,-7,0,-5,2,-1,3,3
2,1,-5,-1,-4,-5,5,-1,-8,-1,3,6,5,3,-2,2
2,-2,-3,1,-1,2,4,7,-2,0,8,-4,0,3,-2,6
1,0,-1,-3,10,7,-2,7,0,4,-6,-3,-3,-5,2,0
2,0,4,0,-1,2,-3,-5,4,1,-1,-3,0,3,-4,-4
6,5,-9,-3,4,-6,2,3,2,3,0,-1,1,5,4,2
2,2,-6,-2,2,-5,3,5,0,-2,9,-5,6,-2,-4,0
-5,3,-2,-2,-7,5,0,-8,4,2,7,9,-2,3,-2,8
-1,2,0,-2,-3,5,1,-8,-1,-3,3,-3,5,3,-1,3
3,3,-3,5,3,-3,-3,-11,0,-2,5,-1,4,4,4,-6
-2,1,-4,6,0,2,-4,-5,-2,3,5,0,-6,-4,-6,1
-1,2,7,-1,4,-3,3,-2,3,-1,0,2,-3,-4,0,7
1,-1,-7,2,0,4,-2,6,0,5,3,2,-3,1,-1,1
0,-4,-4,-2,-1,-3,-6,-9,0,-2,-2,-1,2,5,2,3
5,-2,8,-5,-3,5,3,3,2,3,-10,3,0,-7,-3,3
-1,-8,3,1,11,3,-3,1,6,4,3,-2,0,-9,-7,0
0,5,4,2,1,-4,5,8,4,-1,-4,1,5,1,-2,0
-1,-1,5,-5,4,1,7,-2,-2,-4,-3,-8,-1,0,0,3
7,-2,-1,4,3,1,-2,1,9,2,-2,-4,0,4,-5,6
2,-2,1,3,-2,-3,-2,-1,3,-2,-2,-8,3,-10,2,-3
-3,3,-3,-8,-2,-8,-6,1,-2,3,5,-3,-2,-1,1,-1
2,2,-2,-2,5,4,4,-2,-4,-8,2,0,-3,3,5,7
2,5,3,7,-4,3,-7,0,7,1,-12,0,1,0,4,-2
-5,2,2,5,-7,2,1,-2,8,5,2,-2,-1,-1,0,1
-3,-2,9,-10,6,4,2,-4,-10,-3,-2,-1,-6,-5,-2,2
1,-1,-1,1,7,-8,-3,-5,0,-3,0,1,-1,-1,-8,-2
0,-3,-6,4,2,3,3,-5,1,0,4,5,-8,2,6,3
-2,1,-3,5,0,2,-4,-3,7,2,2,0,2,2,-3,5
0,-7,8,-6,-3,-2,1,10,3,-2,-1,4,-2,0,-7,4
-2,2,5,6,0,-3,1,0,-5,4,6,-3,-5,5,-1,-1
-1,0,7,-3,2,8,-6,-8,3,3,2,-1,1,1,-5,-5
-4,6,7,-1,0,-1,-3,-1,-4,-7,1,3,1,-4,-3,3
1,7,3,7,0,3,3,6,-3,1,-2,-5,5,5,-3,8
6,2,8,-3,4,-2,0,2,-4,1,-7,-1,3,-4,2,0
-3,0,3,-1,-2,1,-2,-3,-5,3,-2,5,-2,-9,2,5
0,3,-4,0,3,5,-1,4,3,5,1,3,-1,2,-5,1
5,-1,-6,1,4,-10,-3,-1,-3,3,12,1,2,3,-4,1
6,-3,2,5,3,3,1,-6,-2,-3,-2,8,-3,2,3,-6
2,2,-4,-1,-3,4,6,7,0,2,6,2,3,-2,-2,6
-4,-3,5,8,-4,-1,7,-1,-3,-5,-4,-7,2,-4,8,-4
-3,-2,3,1,4,-6,3,1,1,2,2,1,2,0,2,2
-7,-2,11,-3,-1,-1,2,-2,1,-6,6,6,0,-4,-2,1
-2,-1,-6,1,-7,3,6,-2,6,-2,0,2,-6,-4,1,-3
4,4,-1,-4,-3,0,1,3,-2,-3,-3,-10,-1,1,2,3
-4,6,0,-7,1,3,0,2,4,2,-4,6,4,-1,-1,-1
1,6,-3,7,-6,-3,1,-3,2,-5,-3,-1,2,-1,-3,1
-6,-1,-3,5,-3,2,1,7,-3,-1,-3,1,-3,3,-1,2
4,2,1,7,-5,-1,5,3,0,3,2,-6,-5,1,2,4
-3,1,-4,5,8,3,7,1,7,-2,3,-2,2,0,5,2
7,9,-3,1,-6,-5,4,5,6,-2,1,1,-1,-4,-2,6
-1,5,0,1,0,2,3,4,-5,-2,3,3,-5,-1,2,7
2,2,1,6,0,0,0,-8,-3,4,2,-1,-4,-4,-1,3
6,0,-5,5,1,0,5,2,6,3,9,1,-6,-1,3,5
-6,3,1,-1,2,0,-1,2,-2,-6,-4,-3,0,-2,1,4
4,-2,5,5,0,3,-6,-6,3,5,-4,-2,4,-5,1,-3
-4,1,1,2,-4,-2,-1,2,2,1,-4,1,-2,-6,-1,4
-1,4,3,-1,2,2,-3,5,-4,1,0,-5,-4,3,-9,0
4,-2,4,0,5,4,4,0,-3,3,5,-8,1,7,-3,-7
3,-2,3,-5,-1,6,-2,0,2,1,0,-9,-1,-4,3,-2
10,3,3,0,4,4,0,2,-4,-3,-5,2,3,-5,-3,0
-6,2,-6,-1,0,-2,3,-1,0,5,-6,-1,4,5,5,2
4,2,1,-7,-1,2,-6,-3,2,6,0,-2,-3,2,3,3
-3,-9,-2,4,-6,2,-5,3,-1,0,7,3,-9,-1,-5,-1
-3,7,-3,-4,4,2,3,2,-3,2,-12,-1,2,-1,-1,13
-2,1,3,-5,-4,3,3,3,8,1,5,5,7,2,-1,-5
1,-2,2,-2,-4,5,1,2,5,0,-3,-2,2,2,-1,-1
1,1,-1,-1,-4,0,-5,1,-5,-6,4,-8,-4,2,4,-3
2,2,0,0,1,6,0,-3,-7,-6,8,-2,-2,-6,-3,4
-8,-3,2,1,-2,-6,-2,-2,-3,-3,-1,1,1,7,-4,4
4,-6,2,5,-6,1,0,-2,-5,-6,-6,-4,-1,-2,-1,-2
-1,4,-2,-2,8,-2,-1,-3,4,0,-2,5,-5,1,3,2
-5,-3,-5,-6,-2,1,-1,0,-3,3,-4,0,4,-3,-1,0
-6,-1,-2,-3,8,-1,7,-5,1,0,1,-2,-1,3,-2,-7
4,2,-2,-4,-4,8,-7,-1,-1,-4,-2,5,10,-2,-7,-2
-2,0,-4,0,-5,2,4,2,12,-3,12,4,-9,-3,3,3
-3,2,2,2,2,3,1,2,-7,-3,-6,-1,1,-3,0,-1
-4,2,-6,-6,0,3,8,-1,0,1,1,-8,2,2,5,-4
-2,1,1,1,-3,-2,-5,-3,-1,6,6,-6,1,2,-2,-4
-6,0,5,-5,0,-5,0,5,0,-2,7,2,-1,3,1,-2
3,-3,2,-7,3,8,-3,5,-9,6,3,-6,-3,2,-5,3
2,4,-6,1,4,-1,0,-1,2,-1,3,4,1,-4,3,2
-1,-1,4,1,-1,-4,-3,-1,-2,-6,0,-9,-2,0,-1,2
-1,1,-3,6,4,2,0,-3,-3,3,3,-2,5,-3,2,-2
11,1,2,0,3,-1,-3,-1,1,3,2,-11,3,-10,-3,-2
-7,-1,3,-5,3,4,9,10,1,3,1,-4,-1,-3,-2,3
3,6,-5,-6,1,7,1,10,2,5,-1,-3,4,-1,2,2
7,-4,-2,1,-6,-1,-2,-3,6,-5,0,2,4,2,7,6
3,5,4,-10,-4,-3,-1,3,-2,1,-2,-9,1,-1,-6,3
4,0,6,-5,1,-6,2,-3,-1,3,7,-2,3,1,-8,2
2,4,2,0,4,0,1,-6,4,-3,-1,-6,-7,-7,-5,0
-1,-2,1,5,5,3,0,-5,2,-2,-3,-1,6,-7,-3,-5
-6,-3,5,4,2,-5,1,-4,-2,-2,-1,1,3,-10,0,5
-1,5,-7,-3,-3,2,3,-8,-2,9,-5,4,-7,4,2,-1
0,-1,3,-3,2,4,-2,0,9,-3,2,-3,-3,-1,-3,5
-8,-1,-3,-2,4,1,-2,-6,0,4,-4,3,-3,5,3,3
-1,-9,-1,3,1,-7,0,0,-1,-3,-5,1,-6,3,-5,4
-2,-2,-4,-4,-5,6,2,1,0,-5,5,-1,0,-2,6,0
1,-3,-7,0,1,3,6,3,3,-4,-5,-8,-2,0,1,4
5,4,-2,-5,5,2,3,-7,-1,1,-2,-1,0,-5,-2,0
4,-11,7,2,-5,0,-6,1,0,3,-2,0,-2,1,-3,-6
-5,0,4,1,-3,-3,-2,3,0,-1,-3,3,6,4,-2,0
-1,-3,-3,-5,-5,-4,-3,1,-5,-3,-2,-10,-4,2,2,8
-2,-1,2,4,-5,-1,-4,0,6,-4,-7,-5,6,2,5,-4
4,1,-1,2,1,-1,2,-3,-7,7,3,-4,0,-4,-5,3
-2,-2,0,-3,-4,5,-2,3,-3,7,4,4,-6,2,-1,1
-4,1,3,-3,-1,2,1,2,1,1,-2,1,-4,0,-11,-2
4,-3,1,1,1,-3,-2,-1,-2,1,1,3,-2,1,-3,-6
-2,-1,-3,-7,-2,-2,-2,-5,-2,-2,-3,1,4,-3,-3,3
3,-2,3,-1,-1,1,1,6,-6,2,-3,3,-2,4,0,4
-2,-9,-5,-3,1,3,2,-6,-7,-9,-1,8,-1,2,-1,0
-7,1,-8,-6,2,-3,0,2,6,-4,1,-6,6,-6,0,3
2,5,3,9,7,1,2,1,-4,1,5,-5,-4,-7,5,-1
-2,6,-1,-3,-2,0,-4,2,-2,-1,0,4,6,1,1,5
1,-5,4,3,2,2,0,-1,6,-4,5,-1,-2,-9,-1,0
1,1,0,3,-2,3,0,-5,1,-2,-6,2,1,1,-3,-2
3,2,-3,-10,-1,-4,-1,3,-3,0,-2,5,7,6,-2,5
1,10,4,3,-3,9,-2,0,-5,7,-4,0,3,-2,-6,-3
-2,0,5,-6,-1,4,11,3,-2,2,-2,1,-5,0,3,5
-6,-2,-2,1,0,-6,1,-4,-9,2,-2,-1,2,-2,-2,1
-2,-5,0,5,0,-2,1,2,1,4,3,-7,-2,4,6,4
0,-2,-2,-5,-3,-1,-2,-5,1,4,-2,-3,-1,-3,-2,-5
0,0,-3,0,-11,0,3,1,-1,7,-1,-11,1,1,3,1
3,2,0,-1,-4,-2,1,-4,-7,8,2,-2,0,-5,-4,1
1,7,-2,-2,0,4,1,-2,-1,4,5,5,1,1,5,2
-1,3,-4,-1,-6,7,4,-7,-1,2,6,-4,4,-7,8,-3
-4,-1,0,2,-7,-5,-1,3,0,0,5,0,-3,-2,8,-6
-3,1,-1,-2,7,3,0,3,2,2,4,-2,6,0,-8,6
0,5,3,2,1,4,5,-1,-1,-2,6,3,5,-4,-5,8
-4,1,0,-2,-3,-2,-4,4,0,5,5,-1,-3,1,-1,-2
-1,0,1,-3,-6,1,1,8,2,-1,4,1,-1,1,3,-2
0,-4,-4,2,7,0,0,-1,-1,-1,4,1,-6,0,-5,6
2,3,-11,0,-4,1,2,2,6,-1,2,-4,3,-3,11,1
4,0,-3,-2,2,4,4,-5,-2,1,-1,1,2,-12,0,3
-6,-4,3,0,1,7,-2,-3,0,-3,-1,-1,-4,1,-6,5
0,-1,4,2,0,-9,4,-2,-2,-2,-3,4,3,1,-2,-8
1,-6,2,1,3,-3,1,8,-7,5,2,-4,0,0,-4,0
-8,1,-6,-7,-4,-7,0,1,-5,-1,1,-6,5,3,5,6
-2,4,3,1,-5,-3,2,-4,-4,-8,1,-8,3,-5,-1,2
6,-1,-1,-3,9,1,8,0,-3,-6,-2,-3,5,-1,4,-2
4,-1,-4,2,-4,6,-6,-2,-5,5,4,4,-5,4,0,-4
3,-7,2,1,6,3,-5,-5,1,-3,-1,1,3,-3,-1,-1
-1,0,-1,-10,1,-7,0,0,-4,7,5,-6,-5,0,3,-7
1,4,1,1,2,-5,0,1,-1,2,-1,-3,3,-3,-8,4
2,2,4,0,7,-6,1,-2,6,1,6,1,-1,-4,-2,-1
1,1,0,2,-4,-8,2,-4,-2,5,2,-6,2,7,7,5
3,3,4,-5,1,-4,-2,6,-3,-2,-4,8,-3,5,2,1
-1,2,-2,4,0,-1,-4,2,-3,-4,0,0,6,-2,1,-2
11,-2,-2,-6,-4,1,4,2,2,-1,-2,-1,-6,0,-2,3
-2,-5,2,-4,3,1,-3,11,-3,-5,2,-10,8,0,-4,0
-2,0,-1,1,0,-1,2,3,-3,-2,-4,3,1,0,1,4
6,-4,-1,-2,0,-2,-6,4,-5,1,3,3,-3,-4,3,2
1,4,6,1,-1,2,-5,3,-2,-1,5,-1,-6,-5,0,-5
-1,1,-5,-6,1,4,-3,-1,1,1,1,-5,0,2,-1,1
0,-6,-5,-3,1,2,6,8,-1,-1,-6,0,-2,5,-1,2
-5,-1,-4,-1,2,0,-1,8,2,3,5,-2,-7,8,1,-3
2,-8,-7,-1,6,-3,1,-1,0,2,1,2,-4,-1,-1,0
2,0,3,1,-1,4,7,0,-7,2,0,5,-2,0,1,-4
3,10,-2,0,2,0,-6,7,-7,-1,-4,3,0,-4,0,1
-6,-1,5,3,2,-1,1,5,-1,-5,1,2,-1,-1,-9,1
-4,2,-3,8,-1,-2,3,0,7,0,5,1,2,-4,5,6
5,1,2,1,2,2,-3,-8,4,3,-5,-1,-4,2,-4,5
1,-8,1,4,2,1,3,7,-2,-2,0,6,0,7,-6,-2
5,-3,1,0,12,5,2,1,-1,3,-1,7,-1,-3,2,-1
1,6,-4,-1,-5,-1,3,-1,8,-4,5,-1,-2,-5,-2,0
-4,3,3,-2,3,0,1,5,-7,1,5,0,-4,-6,0,3
5,-7,-2,4,4,-3,0,1,0,0,11,-5,-1,3,1,2
-3,4,4,-2,-3,-3,-2,-5,0,-3,-10,5,1,0,-4,6
-9,-1,8,-4,0,-6,5,4,2,-6,2,2,4,5,-6,4
2,-1,-8,-2,1,10,0,-6,-3,-3,0,-3,-1,-4,-1,-3
5,-2,1,2,-7,-1,-6,6,-4,3,0,-4,-6,-6,4,3
1,7,3,-3,3,3,-7,3,3,-5,-1,-1,2,0,-2,1
-1,0,3,4,-1,6,1,9,3,4,-6,-1,-2,5,-6,4
0,-3,-5,-2,4,-1,5,3,-2,2,2,-2,-3,4,-5,8
0,7,3,-1,0,2,-6,0,-2,-3,2,-5,-4,4,-8,4
3,-2,-2,2,2,1,-5,-4,-2,1,-3,0,0,2,-2,2
-3,4,-3,1,-1,-1,2,1,2,-2,-1,3,-4,-3,1,2
2,-4,3,1,1,-1,0,-3,-2,1,0,-3,1,3,-2,-1
-5,-5,7,-3,1,-6,-10,0,-6,-1,-2,2,-6,-3,2,-2
-1,3,-5,-4,4,-4,9,6,1,-1,1,7,3,0,4,4
-2,4,3,-1,-2,-2,-2,2,-3,-1,1,-3,-1,-3,3,-4
-4,0,1,4,4,0,0,1,0,3,9,-8,-1,2,-3,4
0,-10,1,3,3,-10,-6,-6,1,1,-2,5,0,-6,4,-4
-1,-1,3,-2,-4,-1,-5,5,-4,-2,9,-2,-3,0,1,4
-1,-3,2,7,3,-1,0,-3,-3,5,8,-2,-4,1,2,0
4,-1,0,-7,-9,-7,-1,8,-2,6,5,-1,-1,0,4,0
-4,-5,1,0,-4,9,-2,4,-3,0,4,-3,6,1,1,4
7,7,0,-2,-8,1,3,5,5,-1,4,1,-4,6,3,-2
-1,-7,4,2,-8,-2,-2,-2,1,-3,6,-1,-3,-2,-3,-2
-1,-1,-2,4,-1,-7,3,-7,-5,5,-5,-2,-2,-9,0,-1
3,4,3,2,1,-9,3,0,3,2,-3,-2,4,4,-1,-4
3,-1,0,-7,-2,2,-2,1,-2,6,-4,-4,0,5,5,-2
-2,3,1,-4,-5,0,0,-1,4,1,-8,-2,2,-6,8,5
-4,-3,2,-1,0,8,8,-3,2,2,6,5,0,0,2,-1
5,3,2,-2,-2,-2,-5,-1,3,0,4,-1,-6,-1,-1,-3
2,0,3,1,-7,1,0,0,3,-6,-2,-6,3,-3,6,6
-4,3,1,1,2,5,1,1,-8,3,-6,-1,1,2,-6,2
3,5,1,1,1,5,-3,4,2,-2,2,-3,-1,5,-4,-6
0,2,1,-1,-1,-3,0,-4,4,2,0,5,2,-3,-7,1
0,-3,0,-4,5,-4,-3,0,4,1,-4,-1,1,6,-4,-2
-4,-4,-7,-4,1,-2,3,-2,-6,5,-3,0,-4,-1,7,1
-1,-2,-1,3,-2,-1,-5,-6,-2,-3,4,1,-2,-1,-1,-10
-6,9,-1,1,4,0,-1,0,-8,0,0,3,6,0,0,-4
-1,3,4,-3,-3,1,-4,2,-3,4,-2,-8,-3,-2,-1,-1
-3,1,0,-2,-2,-1,-1,-1,3,5,6,-2,-3,-2,-2,6
-4,1,4,8,1,1,-4,-5,3,6,-4,0,-2,-3,-3,4
5,5,-3,1,-1,1,-6,2,1,-3,4,1,-6,9,6,-4
-2,2,-5,2,5,-5,2,2,-4,-2,-9,-2,1,-5,-2,-1
-2,-3,5,7,1,-2,4,-4,1,-2,0,0,-3,2,7,1
-3,-2,-2,0,0,3,-2,1,-3,0,-5,-4,4,3,5,4
-4,1,5,-2,-6,2,-2,-3,3,2,3,-2,2,-2,-1,-1
-2,1,0,3,1,-4,-5,1,3,0,5,-8,4,-1,0,4
-3,4,6,4,1,0,-3,-3,1,-9,2,-1,2,0,2,2
1,2,3,1,2,-1,4,-3,-8,-1,0,0,6,0,7,4
-3,-1,5,7,-2,-3,2,2,3,1,-5,-2,7,2,-2,9
0,-1,1,1,2,7,-1,2,1,-1,-3,6,-3,-2,1,-3
2,0,-4,-4,-5,1,-1,1,1,0,-1,0,-3,5,4,3
-4,5,2,7,0,5,-10,-1,-1,-4,1,0,8,4,6,8
1,4,0,-3,-4,-4,-12,3,-1,-3,1,4,1,-2,1,1
0,-2,2,3,1,-3,-7,-5,2,2,-4,-4,-7,-1,-1,3
-1,-1,-3,-5,-1,-1,8,-1,6,3,0,-4,-3,5,-6,0
2,5,5,-5,-4,-4,-4,0,3,-3,3,7,7,-2,4,3
-1,-2,0,0,-4,2,5,-5,-7,-4,7,0,2,5,-1,2
4,1,-2,0,0,4,3,-3,-6,-3,-5,0,-2,1,1,2
-6,-4,-1,-3,-1,-3,-4,-2,-8,0,-5,-1,6,-1,-1,-6
0,4,6,1,-2,1,-4,4,-3,5,7,0,2,-1,-2,-2
-2,-2,-4,5,-1,1,2,8,-5,3,-1,2,5,2,4,-3
0,-8,0,1,-4,-1,0,1,0,-7,4,-7,2,-2,0,2
-8,-5,1,2,1,3,2,2,0,0,10,-5,2,0,2,-1
-5,2,-1,0,-3,-4,-2,2,-3,3,0,-8,1,4,6,1
3,8,0,3,-1,0,-3,3,5,7,6,-5,3,6,3,2
-4,2,3,-1,5,6,1,-4,-1,-3,-3,3,-2,0,-4,-7
-6,-4,0,1,1,1,5,-6,-10,-5,3,-5,4,1,6,1
4,0,5,0,5,-6,5,-1,-1,-1,2,3,1,1,-1,3
4,3,-4,0,3,0,-1,-10,-4,2,4,4,4,-3,6,7
8,-1,2,-9,-1,-1,-2,5,-5,5,-1,-4,-1,6,3,-10
-3,-3,1,-4,-2,-4,-4,3,1,-3,-3,5,-3,3,-1,-4
-1,-5,2,0,4,2,4,-9,-3,0,3,-4,-3,3,2,1
3,4,6,1,0,-2,-2,-5,3,-7,3,0,-5,-1,-9,-6
0,-2,-2,4,-1,-11,2,1,1,1,3,-5,5,1,4,-5
1,7,3,0,2,-2,3,-5,-2,0,-1,-1,3,0,0,-2
4,-7,6,-3,5,4,0,-7,5,2,2,3,-1,4,1,-5
9,-2,-7,-2,2,8,-2,-6,1,9,4,-2,1,0,-8,-6
0,1,-6,2,-1,-1,1,-1,7,3,-1,0,-3,-1,-5,3
7,0,3,-2,3,3,-2,-2,5,-5,-3,3,6,-3,3,1
-5,7,2,2,-5,-2,-4,-5,-8,4,-6,2,0,-9,-3,1
-5,2,0,1,-1,2,0,-6,-2,3,0,-3,2,-2,1,9
6,-2,6,-1,2,5,2,6,-1,0,-2,1,7,4,-3,3
2,-2,-1,-6,0,-2,4,-6,3,2,-2,-1,-5,4,-2,-3
8,5,6,-5,0,-10,5,0,-9,-5,4,-3,-7,1,4,-2
8,0,3,-3,10,-3,1,-4,-4,0,-2,5,10,-4,2,-4
-3,1,1,0,3,6,2,4,5,-2,0,-2,4,2,1,1
-7,-3,5,3,-3,5,-6,-2,-2,-2,8,-5,4,0,2,-3
3,4,3,1,-5,-6,-1,6,0,1,-2,5,0,4,2,-8
2,-2,3,1,6,-10,2,3,-7,-1,-1,0,-1,5,5,-2
3,11,3,0,-1,2,2,-6,0,-1,-3,7,-3,-4,8,3
-4,-2,-9,-3,7,0,4,-2,1,0,2,0,2,-3,2,-3
0,2,2,-7,1,0,0,6,5,-5,5,8,3,-6,2,1
-6,5,-3,-2,-3,5,3,-2,-1,-7,4,6,0,0,2,2
0,-4,-2,-3,-1,-5,4,4,-2,-2,6,2,2,8,0,-7
2,7,0,-7,-1,2,6,3,-4,8,-2,1,1,0,1,1
7,3,3,5,-5,5,5,4,0,-7,8,-2,5,2,2,1
-4,-4,5,-1,-1,1,3,2,2,1,-1,-1,-1,-6,-7,4
3,-7,2,-4,3,9,-4,3,-1,-2,-2,-1,5,1,0,-4
4,8,1,-2,-8,2,-5,-4,2,-1,2,8,-6,-3,-2,2
6,-8,4,6,1,-4,0,4,-3,2,-5,-2,-3,-1,-8,-1
-2,-6,1,-1,-8,-8,3,0,-4,1,2,1,2,4,3,5
-2,1,-2,1,6,6,-3,0,-4,5,3,-3,6,-2,2,4
7,1,0,3,4,-5,-2,3,-1,0,1,-2,0,-1,1,11
1,2,1,-6,5,2,-3,-5,2,0,-5,5,-1,-1,-3,4
-1,2,8,1,3,8,-4,-6,0,2,2,-1,-2,7,5,3
-2,-1,0,1,0,-5,2,-2,-2,-6,4,0,0,5,-1,2
2,-1,2,2,0,2,1,-5,-1,-3,2,2,2,1,-1,9
-9,3,-3,2,0,4,-9,-6,1,-3,-4,2,2,-8,1,4
3,-3,4,3,7,3,-4,-2,5,-5,-1,-4,-4,-2,2,-3
2,-5,-4,3,2,2,10,1,4,6,5,-3,-2,6,5,5
1,-1,2,-4,-2,4,3,0,3,0,-1,6,1,0,1,5
2,-8,-4,1,0,3,5,3,-4,5,-1,3,8,1,-3,1
4,-14,7,8,3,5,3,-3,0,-3,-1,3,-5,-1,-2,3
-1,-3,-5,-3,-3,-1,-1,7,0,1,2,-2,6,-1,-2,2
-3,1,-1,-2,-1,-2,-2,2,-1,3,0,2,4,4,-1,1
-4,2,-6,-5,4,5,3,2,-4,-5,-5,6,3,0,2,1
-5,-3,4,-4,4,-6,7,-5,-2,5,4,-4,2,5,-1,-6
-1,2,-1,2,1,1,-3,0,3,3,7,0,6,0,-6,-2
-1,5,-6,5,3,3,-1,4,1,-2,9,-2,-3,-14,0,-5
3,5,-3,4,1,2,-3,-1,3,3,3,-3,0,3,-1,5
5,-2,-3,0,6,-3,2,0,-6,-4,-1,4,-1,5,-7,-8
-10,-5,-7,-6,1,-3,2,1,-5,0,0,4,5,1,6,-7
3,2,-1,2,-2,-1,-5,4,-4,-3,1,2,-5,0,-1,-2
1,6,11,2,-5,2,-2,1,8,6,-1,2,4,-2,0,-1
-3,4,6,7,5,5,-3,-2,-4,0,1,1,-1,2,-5,-1
-6,-1,1,5,2,4,4,-4,1,-3,-1,3,-4,-5,-3,6
1,0,1,0,-3,5,4,-4,3,0,-3,-3,2,-4,-2,1
5,0,5,-4,2,-1,4,1,-4,-6,-1,0,8,0,-3,4
0,-7,-2,0,4,2,6,-1,1,1,-2,2,5,-4,-3,7
4,5,-5,0,9,1,-4,-3,4,-5,-2,1,3,4,5,-4
8,-1,-5,1,4,0,0,3,0,-1,-2,2,-3,3,0,2
0,1,0,3,-2,3,-4,-3,2,-9,-6,-2,-5,1,-2,-2
-10,6,2,3,1,7,-1,-3,5,2,-2,-2,-5,3,10,2
-7,-6,-2,-3,-3,1,-6,4,-2,3,8,3,0,6,4,-2
0,3,0,8,1,-1,6,-12,6,2,0,-1,-2,1,2,2
1,-3,6,-3,-2,-2,-4,-2,-1,-2,-2,-1,6,-2,8,3
1,-2,2,4,-6,1,5,-2,0,0,-1,-5,5,-4,2,0
-8,-4,-4,-1,6,-7,-4,-5,-9,-2,-6,-2,-7,5,-4,2
-3,-7,5,3,1,5,4,3,1,-3,-4,-5,-5,-9,-3,-5
-2,9,1,2,0,5,-3,-6,0,-5,-3,1,1,2,-9,2
-3,1,-2,2,-3,-4,-2,-4,-1,-6,-2,5,0,-7,4,0
-3,-3,-1,0,-3,2,-3,1,-8,2,-3,-2,4,8,-2,4
-5,0,0,-5,3,1,2,-5,-5,-2,-7,-2,1,1,3,2
0,-1,-7,-9,-3,2,4,-1,2,1,8,-2,-5,-1,1,2
-8,-1,-1,1,0,3,3,2,-1,3,0,-5,2,2,1,-4
5,-5,3,-10,-1,1,-2,5,1,0,8,1,-2,1,1,6
-4,-3,0,0,-2,-2,1,-2,2,0,-5,-4,-5,-5,3,1
-1,5,-3,-6,-1,2,9,6,7,-4,4,1,2,-1,-1,-2
9,-3,5,2,5,4,-5,0,-1,4,3,1,-1,-3,1,0
4,2,-2,0,-5,2,3,-3,-1,5,7,1,6,-5,-4,6
3,0,-12,0,3,-2,0,1,0,4,0,0,5,4,1,1
0,-5,-4,1,0,-3,3,-3,2,-5,3,4,6,1,6,-1
-1,-1,8,2,4,-1,5,-4,-6,5,6,6,4,1,2,-3
6,1,8,-4,-1,-8,-4,3,3,-4,5,6,1,0,-2,-2
-4,-1,2,-2,-5,2,2,-6,2,-7,6,1,0,-6,1,-4
0,-2,-2,-3,3,-5,0,7,1,-4,2,5,-3,-1,-2,7
-4,-3,2,5,-6,-1,-4,-5,1,4,7,-6,0,6,-10,-5
2,-6,-1,5,-6,0,0,2,-4,2,-3,-4,-10,0,-1,-2
0,3,2,-9,2,-2,-2,-2,-4,-3,-5,9,0,-2,1,-6
-3,3,-7,5,-1,-1,1,-5,0,6,-4,-3,-2,-2,-4,-6
-5,-7,-6,5,-2,1,5,2,-4,7,0,3,2,-1,5,-3
3,6,-4,-1,4,6,6,4,-1,6,-2,1,-4,-2,4,5
4,0,0,1,-1,8,-14,0,-3,6,0,-11,-3,9,-5,-1
6,2,-8,1,0,1,4,1,-3,-7,5,-3,1,3,2,-3
-4,-1,-2,1,0,-7,0,-3,4,2,-5,-1,-3,-9,-5,2
-5,0,-7,-2,1,0,-3,0,2,3,3,-5,3,-4,0,-4
-5,5,-3,2,-1,5,-4,-1,1,2,-10,-1,-5,2,-6,2
-7,-1,-4,4,5,-5,0,-1,-4,3,5,0,0,9,2,-3
-3,-2,5,-5,1,7,-1,-1,-6,-1,1,0,1,3,0,7
-2,-2,0,1,7,0,8,-1,5,-1,4,-6,1,3,3,3
-5,3,0,5,-1,-2,3,-9,-3,-1,2,3,1,9,-8,-4
0,-4,0,-8,2,2,1,1,1,-6,0,-2,-4,-3,-5,-1
3,1,0,-3,0,2,6,3,-1,-2,-2,0,5,-3,4,1
-5,-1,-9,2,-4,1,0,4,-7,-2,-1,1,-5,6,1,1
-3,1,2,-5,3,-7,0,-1,6,3,1,0,4,2,-1,-1
1,2,2,9,1,1,-3,-1,0,-3,1,3,-2,7,1,2
-1,1,-4,4,3,-4,-3,6,-1,-7,5,2,-3,-2,1,6
-1,-2,2,4,0,6,-3,1,6,1,2,0,-3,5,-1,1
4,1,-2,2,6,-1,-3,-4,5,-6,-2,6,1,3,-3,0
0,-5,-4,2,0,-1,-3,-2,1,-4,1,-5,6,-4,1,-3
4,1,-4,-1,-9,-4,0,-3,-3,1,-8,1,3,-12,-6,5
-3,3,-8,0,0,-5,-6,3,-6,3,5,2,-1,-1,9,-3
-1,-3,5,-5,0,0,-5,-2,3,-9,-6,-1,0,7,1,-3
6,4,6,-3,1,-1,2,-4,-3,2,-1,5,2,2,2,-2
-5,1,3,-6,-1,-1,3,8,3,4,-5,6,0,1,4,-5
-6,2,3,-1,1,8,-5,3,1,-5,-3,5,1,5,-1,-2
-8,-5,-1,-4,1,-1,0,1,-4,9,1,3,0,5,0,1
-7,1,0,-3,-1,-1,0,-2,0,9,0,2,6,-3,-5,-3
1,-2,-2,3,0,7,0,2,5,-1,-3,-5,0,7,4,0
-9,-3,3,-1,9,-1,-2,1,1,5,1,6,3,-3,0,5
2,5,-1,-1,-1,11,3,2,-3,-6,5,-1,4,5,5,-1
7,1,-2,2,-4,5,-1,-8,-1,2,-4,2,0,0,5,-6
-1,4,-6,-1,4,-2,2,-4,-3,1,-3,-1,-11,-3,2,3
2,5,-1,0,-9,5,-2,4,3,0,-1,-4,2,-4,-5,-4
0,-9,2,-4,1,3,2,2,-1,1,4,0,2,5,-10,2
-1,1,0,-2,1,3,5,-7,-4,2,-2,2,1,1,-1,0
5,2,-1,4,1,3,0,-3,-7,8,3,4,-2,7,-6,4
-4,-3,1,0,-1,2,-2,0,-1,2,-3,-5,-4,10,2,0
5,-9,-5,-1,2,2,0,3,3,5,2,-5,1,-3,-1,-2
0,2,0,-4,-4,0,10,-7,1,-1,-2,5,3,-3,-6,1
3,4,1,4,0,-1,-1,-5,3,3,1,-1,0,4,-1,-1
3,1,4,3,0,-2,-4,0,4,-7,4,-2,-4,-5,-4,4
7,9,-1,-1,3,2,-3,1,1,-4,0,3,-1,-3,-1,4
-4,0,0,8,0,5,0,2,3,0,4,-4,-2,-1,2,3
1,-6,-7,-2,2,4,-1,0,-4,-2,2,-2,-4,-3,2,4
1,-1,1,5,3,1,-1,1,6,-5,-4,-2,8,4,2,2
4,6,-8,-9,-3,-2,4,3,3,-1,-3,-7,2,1,3,-1
-27,49,-29,93,-99,30,-68,-27,-56,-60,-17,-84,85,-65,148,19
35,0,82,20,-58,-113,-119,-5,-69,123,48,10,119,-173,40,-92
84,-80,111,-86,-16,-193,-58,7,19,239,75,108,-9,-169,-125,-150
65,-102,30,-121,38,-145,75,-3,98,175,35,131,-100,-36,-157,-53
18,-99,-69,-79,83,-71,164,-62,113,40,-20,123,-93,99,-58,62
-2,-139,-116,-38,58,-116,183,-172,164,-20,40,159,-27,182,-70,120
-41,-211,-186,-66,-66,-248,140,-309,279,-33,234,232,31,260,-171,179
-111,-250,-295,-98,-209,-317,80,-345,395,-99,376,181,66,285,-220,278
-160,-192,-301,-136,-236,-267,37,-209,339,-105,339,14,35,189,-182,290
-135,-48,-135,-118,-162,-118,-66,-9,146,-37,198,-85,5,4,-89,116
-114,131,73,132,-155,129,-301,61,-156,-102,79,-204,133,-200,125,-94
-218,334,167,552,-299,467,-654,9,-488,-414,45,-473,447,-377,525,-148
-290,452,191,791,-377,687,-823,32,-687,-596,-14,-702,616,-481,787,-106
-132,421,302,560,-171,620,-613,218,-615,-335,-169,-558,334,-474,593,-208
128,291,455,140,177,372,-212,367,-394,142,-347,-132,-141,-358,157,-438
190,192,429,36,275,246,-21,279,-235,237,-358,102,-277,-187,16,-470
-5,136,126,223,24,205,-87,-10,-161,-91,-150,-18,-3,-77,206,-156
-167,68,-129,284,-198,134,-166,-159,-78,-292,50,-195,230,-19,294,144
-80,57,-51,123,-119,78,-121,7,-80,-108,12,-181,135,-111,186,62
56,151,185,68,25,187,-114,236,-213,90,-198,-170,-29,-280,164,-184
-5,181,127,179,-71,264,-174,170,-247,-62,-173,-234,57,-252,277,-115
-173,-8,-248,167,-286,6,-109,-179,51,-287,160,-199,250,60,195,286
-164,-244,-451,-106,-303,-394,76,-375,386,-194,438,37,237,328,-131,478
13,-232,-212,-311,-74,-424,156,-158,336,113,297,183,1,228,-343,227
133,-58,138,-261,126,-116,74,169,72,250,12,125,-189,-15,-295,-122
98,-25,177,-185,145,13,39,128,32,135,0,139,-191,49,-256,-138
26,-132,-15,-170,96,-174,89,-163,190,8,206,277,-76,293,-313,6
-20,-112,-44,-38,22,-201,8,-263,134,-44,242,271,78,251,-192,-3
-46,48,61,153,-89,57,-162,-99,-80,-80,62,-8,121,-44,81,-88
-52,44,-18,92,-148,124,-76,28,17,-95,-11,-112,-15,-41,79,14
-21,-151,-232,-206,-93,-170,222,-78,322,-19,125,87,-101,255,-199,239
-46,-177,-317,-173,-90,-324,179,-236,275,-69,241,108,118,311,-158,325
-236,34,-264,339,-327,-42,-301,-334,-108,-401,308,-255,575,43,319,330
-430,96,-359,585,-573,110,-535,-479,-125,-724,449,-469,758,46,517,488
-339,-196,-520,94,-398,-234,-60,-559,373,-541,558,-47,367,483,18,621
-13,-413,-378,-524,96,-600,475,-358,621,42,382,488,-123,664,-524,382
163,-264,-84,-477,292,-486,396,-91,287,315,105,435,-150,302,-418,42
-58,-89,-184,-7,-91,-229,-7,-229,88,-72,220,53,214,123,-25,189
-345,-224,-612,154,-544,-327,-75,-641,458,-526,632,-39,401,468,-15,654
-290,-277,-563,0,-486,-354,70,-558,601,-390,575,76,150,505,-181,600
9,94,187,113,-80,195,-143,190,-84,66,-119,-155,-126,-276,79,-128
123,486,716,463,58,775,-561,683,-793,163,-567,-570,-42,-956,532,-608
-83,306,268,427,-180,464,-515,234,-468,-160,-123,-495,221,-506,415,-144
-222,-241,-442,-79,-263,-337,26,-449,374,-326,520,63,271,448,-161,518
-62,-340,-372,-364,22,-501,318,-359,468,-46,385,316,31,534,-368,396
151,43,249,-152,275,77,82,278,-166,259,-272,36,-183,-184,-1,-243
114,188,335,16,163,288,-86,401,-321,216,-375,-158,-151,-420,187,-355
-63,-181,-277,-249,-116,-283,169,-128,308,2,194,120,-21,187,-172,170
-116,-455,-583,-474,-144,-657,411,-428,673,-17,498,358,9,552,-456,480
-15,-167,-154,-132,54,-156,172,-98,160,38,91,108,-10,120,-136,157
23,225,232,340,102,465,-168,221,-402,-69,-315,-258,25,-306,320,-162
-60,150,-8,278,-55,260,-88,5,-175,-199,-130,-202,95,-37,247,47
-85,-206,-392,-196,-120,-404,248,-295,371,-78,260,165,66,403,-185,364
25,-231,-243,-338,-11,-457,251,-167,342,121,247,219,-3,283,-289,255
56,126,228,67,54,181,-176,195,-230,46,-101,-154,53,-225,98,-122
-45,405,417,497,-68,680,-555,321,-621,-212,-249,-515,205,-510,490,-251
-136,332,196,494,-202,539,-529,182,-499,-301,-129,-546,296,-437,530,-89
-144,130,-77,276,-230,117,-272,-24,-203,-187,31,-345,304,-234,352,112
-142,-33,-275,161,-224,-180,-82,-255,10,-169,174,-114,334,21,194,240
-137,-107,-356,105,-202,-285,11,-430,157,-244,305,69,340,277,57,303
-36,-155,-193,-59,-57,-298,63,-327,195,-88,276,212,180,292,-121,156
126,-84,132,-177,144,-173,84,-11,65,195,35,245,-83,55,-211,-123
127,10,166,-46,119,2,34,53,-17,131,-74,143,-103,9,-93,-143
-100,-35,-241,92,-155,-11,40,-255,163,-290,176,31,121,324,-1,238
-193,-223,-551,-130,-228,-253,220,-405,451,-363,379,100,132,577,-160,500
70,-278,-230,-528,157,-353,431,36,398,208,77,237,-253,291,-386,197
351,-16,415,-485,548,21,333,618,-117,654,-501,151,-537,-310,-237,-398
248,383,648,141,400,591,-153,701,-661,325,-703,-284,-270,-642,310,-580
-83,523,348,655,-70,807,-531,373,-732,-285,-433,-651,216,-558,698,-259
-204,285,-17,499,-282,459,-395,89,-356,-376,-93,-540,296,-281,505,78
-95,-66,-177,24,-178,-71,6,-66,99,-67,94,-124,87,-30,67,219
-136,-202,-284,-25,-203,-257,56,-281,259,-105,261,21,149,141,-8,343
-341,-47,-361,319,-433,-52,-273,-401,78,-495,386,-262,473,113,289,464
-341,119,-216,391,-414,176,-423,-199,-138,-506,256,-479,474,-74,410,349
-39,44,30,-10,-9,65,-75,118,-86,-28,-16,-170,35,-82,71,67
170,-217,-46,-444,265,-343,424,-1,292,276,-8,367,-258,296,-394,43
61,-455,-475,-529,104,-687,617,-456,675,82,352,615,-113,756,-560,382
-137,-455,-760,-336,-169,-704,487,-680,719,-215,557,442,163,825,-401,638
-180,-234,-566,-61,-235,-392,188,-467,376,-272,380,97,266,430,-68,502
-155,19,-214,230,-226,-51,-139,-231,-28,-253,150,-168,320,33,243,250
-160,67,-94,328,-242,14,-279,-230,-125,-253,169,-199,365,-73,295,137
-34,-93,-129,-21,-68,-228,6,-194,103,4,200,99,119,93,-89,97
226,-269,-79,-529,340,-444,503,19,333,413,7,470,-341,275,-545,-25
266,-213,-27,-515,439,-282,574,103,262,386,-148,456,-423,293,-489,-66
-46,-12,-116,68,4,56,68,-107,35,-155,26,3,36,158,34,128
-305,39,-259,410,-385,106,-302,-324,-13,-465,262,-275,370,41,316,284
-121,-115,-189,53,-169,-193,-30,-240,174,-83,230,40,99,78,-36,164
214,-240,33,-425,291,-384,400,-1,278,403,-17,459,-320,217,-442,-90
264,-114,194,-351,367,-164,328,126,114,362,-165,389,-337,163,-341,-195
111,98,247,30,128,194,-43,184,-166,89,-191,6,-100,-132,47,-230
43,132,232,114,49,223,-127,238,-222,128,-228,-118,-105,-336,140,-289
17,1,49,-51,68,-19,32,101,-18,152,-88,15,-123,-148,-38,-127
-206,-122,-357,65,-248,-192,-21,-355,231,-296,353,-17,237,283,-22,367
-498,-137,-712,371,-649,-175,-226,-757,335,-819,696,-220,649,520,207,803
-416,-100,-604,335,-531,-95,-139,-597,249,-666,457,-211,493,369,290,627
-57,-1,-113,-1,9,40,125,16,21,-30,-149,-64,-44,-12,180,62
116,150,272,-100,239,282,32,449,-277,204,-402,-175,-191,-312,178,-234
-27,251,244,162,-28,441,-317,373,-383,-100,-185,-476,109,-367,316,-55
-85,162,41,233,-160,275,-294,119,-219,-193,8,-363,190,-204,238,72
144,-18,75,-110,194,-31,213,115,27,235,-202,181,-242,-18,-131,-177
399,-62,320,-434,548,-66,490,353,52,610,-467,475,-632,-25,-368,-495
349,80,478,-313,474,194,213,503,-153,472,-439,204,-493,-191,-233,-489
120,177,368,12,161,327,-167,382,-285,101,-220,-193,-109,-272,40,-226
-43,105,73,114,-3,122,-152,91,-167,-76,-27,-194,77,-110,126,23
-77,-19,-164,3,-31,-107,51,-105,67,-80,75,-17,62,114,27,139
-53,-72,-154,-98,-15,-97,106,-59,145,-56,76,38,-48,167,-77,125
85,-24,59,-158,142,18,118,114,46,111,-68,77,-169,60,-155,-39
239,-63,186,-240,381,-86,291,146,8,344,-220,304,-299,52,-256,-220
213,-210,-17,-335,385,-374,482,-110,245,344,-81,559,-295,308,-388,-134
-10,-370,-407,-376,73,-588,480,-450,583,72,311,579,-160,612,-481,203
-137,-396,-558,-344,-163,-586,392,-510,710,-100,496,442,-89,657,-487,389
-32,-242,-247,-274,-35,-359,281,-231,437,75,229,307,-159,329,-352,166
162,0,243,-109,226,13,90,184,-48,273,-191,128,-212,-125,-91,-223
220,222,561,39,339,409,-123,481,-446,263,-431,-120,-194,-393,110,-434
223,316,617,69,407,591,-155,614,-551,212,-511,-207,-247,-425,111,-481
269,259,503,-56,485,416,60,579,-428,322,-574,-44,-367,-318,23,-489
232,132,287,-97,364,129,193,373,-230,370,-483,63,-310,-242,40,-341
40,55,32,41,-14,15,7,125,-118,140,-184,-110,0,-252,186,-72
-106,107,-19,215,-209,147,-253,66,-176,-105,-2,-325,194,-311,272,59
-1,181,155,153,37,238,-210,187,-307,-2,-119,-225,66,-282,146,-160
160,97,212,-94,350,47,80,177,-199,196,-199,148,-148,-41,-113,-301
89,-111,-68,-221,226,-271,253,-141,153,106,72,341,-79,311,-261,-25
-149,-201,-371,-90,-168,-318,102,-390,350,-212,380,154,155,420,-156,346
-251,-37,-262,178,-345,19,-185,-262,133,-366,310,-171,228,121,120,299
-144,150,68,248,-247,268,-329,65,-132,-204,31,-289,87,-222,217,-41
-39,53,106,27,-166,81,-198,84,11,-14,73,-108,-39,-123,-27,-63
-52,-204,-181,-193,-178,-339,37,-213,344,-21,375,131,28,252,-292,247
-109,-213,-278,-78,-137,-367,35,-360,274,-131,398,125,210,319,-187,362
-126,42,-85,260,-115,20,-211,-186,-161,-219,132,-154,338,-24,216,149
-191,176,-25,432,-265,234,-416,-58,-301,-305,68,-401,385,-238,404,87
-307,34,-268,322,-488,22,-374,-259,-2,-407,358,-357,438,-48,250,327
-328,-67,-334,279,-519,-174,-355,-415,120,-411,512,-237,498,67,183,418
-234,108,11,439,-360,61,-535,-236,-236,-297,274,-305,507,-233,366,96
-121,258,297,465,-235,319,-627,73,-463,-162,27,-398,377,-482,424,-177
-32,92,100,105,-142,127,-245,71,-130,-67,58,-174,133,-159,73,-36
52,-145,-195,-257,94,-208,291,-101,261,14,105,237,-93,359,-303,146
154,-80,-25,-228,373,-153,380,-70,99,94,-88,384,-157,398,-247,-42
174,122,299,8,370,107,63,86,-232,113,-233,187,-90,57,-5,-277
65,18,132,-18,78,4,-31,-4,-24,39,18,97,-20,58,-88,-83
-51,-289,-358,-278,-107,-410,286,-313,501,-34,331,282,-58,431,-364,309
-30,-304,-411,-288,9,-441,445,-359,523,0,222,411,-131,494,-327,246
76,8,74,9,162,6,148,-43,-8,82,-166,207,-143,68,6,-183
47,190,310,207,37,257,-209,140,-246,24,-165,-91,-17,-221,172,-248
-125,-6,-56,136,-277,-28,-225,-138,69,-193,253,-150,170,26,30,216
-260,-178,-411,60,-423,-272,-109,-418,347,-354,514,-96,309,288,-31,539
-192,-31,-196,154,-314,-25,-188,-208,104,-282,253,-170,220,57,144,272
-21,233,268,256,-98,375,-310,256,-305,-45,-200,-333,3,-383,298,-180
71,303,358,240,25,433,-277,411,-431,76,-349,-351,-52,-497,303,-298
6,212,118,244,5,245,-177,175,-351,-31,-213,-277,127,-289,301,-102
-61,132,-41,276,-56,117,-165,-48,-271,-161,-57,-211,295,-133,330,36
-12,27,-17,107,-60,-6,-88,-60,-98,-63,21,-68,181,-48,137,36
130,-155,-16,-271,86,-269,228,7,207,245,20,221,-148,89,-240,-4
231,-265,-62,-542,329,-445,552,60,339,482,-109,469,-386,198,-435,-69
263,-179,16,-449,481,-294,569,135,130,492,-317,437,-394,97,-273,-225
223,-20,156,-234,437,-39,328,236,-108,380,-387,235,-273,-85,-57,-294
179,32,216,-167,318,46,169,269,-131,286,-304,95,-216,-125,-54,-233
210,84,277,-197,310,96,148,354,-130,307,-296,50,-276,-131,-119,-243
293,205,468,-135,465,316,123,552,-330,387,-533,12,-397,-292,-44,-463
312,280,592,-74,559,459,82,649,-485,417,-668,-20,-421,-411,48,-620
245,130,389,-166,432,198,113,408,-271,345,-398,92,-305,-213,-80,-423
149,-135,78,-333,239,-231,221,28,143,234,29,302,-175,175,-324,-76
144,-194,24,-404,176,-289,279,-40,316,209,115,379,-244,319,-434,3
171,-72,141,-319,222,-41,285,155,202,224,-124,274,-403,168,-310,-143
70,-33,15,-171,125,29,221,116,125,112,-158,107,-300,68,-117,-74
-161,-110,-328,2,-160,-177,84,-222,189,-151,168,-21,111,142,48,258
-278,-64,-366,191,-330,-153,-182,-376,84,-381,358,-175,420,142,205,391
-161,196,30,395,-217,268,-397,-87,-279,-362,85,-351,376,-104,369,116
-35,393,312,532,-33,628,-415,197,-544,-278,-307,-425,178,-317,517,-190
-85,332,129,548,-84,513,-304,75,-455,-288,-285,-355,192,-275,550,-145
-176,150,-130,439,-260,199,-260,-176,-212,-332,-4,-270,341,-125,435,62
-101,129,7,312,-249,186,-344,-32,-232,-226,70,-304,329,-216,304,43
63,244,372,257,-57,442,-427,336,-455,-44,-151,-395,189,-434,276,-158
76,253,389,236,9,463,-367,347,-467,-29,-217,-383,140,-415,288,-171
-82,23,-3,149,-142,97,-189,-52,-105,-173,76,-178,228,-73,193,106
-187,-185,-302,-6,-278,-228,-35,-353,265,-245,368,18,254,230,-7,352
-109,-166,-182,-52,-179,-143,-5,-202,209,-148,271,-5,143,158,-51,280
38,50,98,47,31,183,-46,147,-129,0,-115,-139,16,-130,93,6
107,139,191,68,176,267,33,268,-233,110,-341,-96,-130,-207,144,-183
115,15,82,-119,190,22,228,129,19,180,-235,164,-266,23,-79,-178
127,-129,13,-271,169,-220,289,-35,252,204,-6,352,-272,234,-321,-79
130,-129,77,-244,161,-238,166,-76,177,174,112,326,-128,224,-337,-33
165,-102,115,-233,242,-188,144,-40,95,169,89,301,-82,218,-336,-46
175,-191,-45,-416,297,-290,378,-38,266,209,65,417,-247,385,-484,-4
89,-247,-262,-490,178,-364,485,-83,446,145,113,383,-288,481,-480,153
-81,-81,-259,-83,-133,-101,94,-89,185,-125,127,-46,42,154,-28,234
-148,208,69,415,-286,347,-449,66,-336,-273,-2,-491,352,-367,457,70
23,277,439,376,-66,483,-490,289,-488,-52,-193,-388,147,-517,380,-252
212,84,455,-113,278,200,-29,341,-160,294,-257,94,-315,-222,-134,-394
161,-54,204,-281,270,-41,190,196,73,297,-154,246,-358,-11,-251,-259
-28,96,54,97,13,102,-99,60,-183,-6,-113,-87,54,-191,184,-160
-27,289,197,443,-6,370,-337,121,-545,-116,-259,-312,272,-433,495,-277
127,246,322,272,228,300,-137,175,-452,79,-342,-68,18,-260,233,-353
113,43,134,2,217,20,123,6,-13,106,-122,201,-177,134,-141,-147
-128,-26,-155,148,-189,-25,-69,-248,155,-248,222,9,76,222,-33,200
-312,139,-179,525,-502,254,-470,-257,-117,-549,261,-406,440,-63,398,248
-188,286,102,577,-329,436,-555,-9,-412,-374,-10,-475,412,-348,534,-36
26,219,292,234,25,284,-254,196,-331,20,-216,-177,27,-327,245,-269
105,45,224,-115,145,45,53,221,-11,242,-183,89,-294,-117,-117,-257
93,-63,73,-262,121,-56,191,148,196,222,-66,193,-361,60,-300,-134
110,-129,-24,-312,168,-164,284,19,221,172,5,303,-239,225,-327,-71
101,-214,-168,-323,232,-372,365,-180,254,146,102,417,-77,371,-335,49
21,-256,-265,-285,117,-452,320,-286,307,90,203,347,21,372,-271,202
-35,-97,-144,-98,-25,-138,109,-75,154,-14,95,32,9,134,-69,186
-5,190,118,154,-25,309,-145,231,-231,-82,-171,-301,32,-199,216,-13
-46,311,186,356,-19,401,-324,201,-474,-192,-207,-425,238,-303,428,-74
-192,180,-44,378,-190,119,-391,-133,-322,-309,109,-356,477,-162,422,129
-234,47,-168,240,-297,-32,-316,-204,-77,-311,271,-274,403,-40,247,254
-56,84,48,47,-102,203,-138,170,-76,-97,-41,-273,-9,-146,124,68
128,151,243,-88,194,371,80,473,-173,135,-399,-193,-313,-210,84,-145
108,-73,7,-219,237,-13,325,157,95,167,-229,105,-286,67,-76,6
-6,-442,-423,-445,80,-662,550,-411,640,144,277,524,-168,556,-432,348
-10,-578,-529,-595,34,-848,624,-532,850,152,480,669,-191,738,-661,436
40,-324,-319,-411,54,-442,405,-227,501,82,253,373,-165,476,-454,277
-74,-56,-242,-24,-81,-36,85,-72,133,-145,117,-69,50,174,-65,258
-252,-36,-420,172,-311,-49,-68,-247,131,-358,265,-231,253,162,98,432
-293,-84,-422,136,-334,-105,-89,-300,194,-368,345,-185,253,191,69,421
-175,84,-81,173,-179,171,-231,-25,-86,-274,117,-262,175,-49,175,122
-91,263,210,311,-86,433,-400,199,-405,-228,-107,-420,217,-284,359,-75
-50,149,73,227,-74,232,-221,67,-245,-151,-47,-258,201,-146,236,21
33,-153,-183,-140,61,-252,231,-162,200,63,81,205,-7,218,-166,138
102,-250,-176,-341,188,-351,437,-146,320,217,21,411,-200,294,-299,34
19,-70,-18,-82,109,-56,165,-55,66,48,-90,163,-86,83,19,-51
-104,21,-34,170,-75,65,-85,-183,-22,-209,28,-17,143,81,223,57
-42,-145,-144,-36,7,-229,116,-361,219,-132,204,276,113,392,-94,172
168,-250,-71,-370,320,-419,418,-249,323,181,136,593,-146,520,-462,6
170,-73,111,-214,311,-154,232,-14,55,216,-60,350,-157,191,-274,-163
-123,152,45,337,-175,172,-313,-67,-202,-178,30,-237,237,-188,293,4
-405,139,-214,647,-635,131,-605,-382,-148,-572,366,-497,628,-173,545,343
-325,24,-213,475,-526,-46,-490,-456,-41,-491,456,-314,605,-24,377,374
-9,106,181,196,-43,122,-285,13,-247,-67,35,-150,235,-176,180,-35
234,318,604,165,291,498,-234,553,-589,247,-497,-245,-105,-562,251,-486
252,384,623,190,274,569,-204,643,-617,309,-640,-277,-223,-656,302,-571
164,139,321,-19,189,161,-21,317,-225,261,-321,-22,-212,-287,49,-337
132,-183,-11,-401,198,-313,279,21,258,279,77,314,-253,196,-413,-27
153,-296,-119,-559,237,-432,429,28,410,323,151,365,-306,333,-599,137
177,-113,32,-342,229,-102,293,233,123,304,-117,123,-288,22,-318,-3
163,179,341,62,176,336,-71,408,-334,214,-398,-166,-170,-411,154,-337
84,280,449,249,103,466,-325,359,-488,76,-342,-235,-22,-497,307,-467
-22,43,145,29,-19,110,-195,54,-113,-50,54,-59,54,-85,30,-100
-90,-269,-307,-264,-98,-348,150,-264,375,-92,376,161,77,369,-279,355
-45,-241,-285,-214,-63,-344,210,-206,313,14,215,151,39,242,-174,280
95,154,286,138,83,165,-131,236,-305,217,-302,-100,-45,-439,240,-365
173,458,761,389,210,608,-450,600,-798,337,-628,-301,-121,-923,459,-836
163,377,632,289,233,517,-372,519,-669,261,-482,-231,-92,-711,280,-671
81,138,231,83,185,184,-93,204,-283,103,-188,-77,-29,-221,57,-215
40,115,108,75,102,151,-53,132,-189,8,-137,-118,11,-99,95,-61
25,301,279,243,20,443,-244,340,-387,-18,-297,-335,-20,-356,271,-217
34,376,344,319,1,573,-340,435,-485,-32,-349,-432,-25,-475,312,-296
56,225,256,179,55,349,-210,262,-336,-5,-204,-206,9,-268,159,-224
101,14,169,-69,138,7,-10,68,-78,105,-51,103,-16,-20,-58,-155
101,-111,56,-270,122,-231,128,2,142,179,60,212,-102,113,-202,-39
-5,-150,-179,-277,-25,-273,156,-33,271,85,155,90,-80,168,-212,192
-70,-84,-260,-125,-99,-129,124,-11,178,-45,87,-80,-10,98,-68,257
81,82,95,21,102,201,69,240,-121,94,-274,-112,-150,-183,94,-93
276,236,528,3,360,450,18,584,-384,372,-627,-73,-408,-473,120,-540
193,239,452,57,250,396,-82,531,-393,291,-493,-172,-278,-493,154,-459
-164,168,-86,340,-232,180,-344,15,-299,-234,36,-432,364,-279,380,110
-375,152,-331,578,-495,104,-526,-314,-306,-590,295,-582,794,-164,622,419
-145,144,-56,330,-175,127,-303,-70,-289,-260,23,-340,411,-172,446,129
149,-38,121,-269,243,-67,221,202,47,255,-186,142,-275,9,-134,-144
47,-324,-266,-517,90,-455,468,-132,542,191,173,411,-330,431,-500,174
-295,-413,-727,-158,-423,-609,216,-706,729,-314,690,271,186,645,-317,629
-325,-226,-556,203,-528,-296,-83,-640,418,-457,558,14,369,359,19,510
-2,41,42,109,-67,159,-38,66,-34,-9,-85,-73,-65,-126,68,-61
188,137,304,-144,259,297,108,529,-199,301,-437,-104,-381,-324,-34,-323
8,59,17,-61,25,131,-3,229,-94,49,-109,-172,-71,-146,19,-31
-208,-44,-279,147,-286,-98,-156,-260,77,-288,280,-146,315,98,110,305
-102,-97,-234,28,-109,-201,47,-276,153,-150,217,53,187,221,-11,259
145,-99,-61,-275,290,-154,382,56,121,199,-140,229,-216,199,-206,9
164,-37,-3,-291,340,-35,393,226,32,250,-284,142,-310,62,-152,-80
33,20,-4,-75,91,57,117,136,-13,93,-158,-9,-131,-51,-23,-56
60,-20,98,-64,37,13,28,70,43,110,-31,66,-150,-47,-107,-99
204,-44,233,-269,267,-44,177,179,69,300,-118,251,-320,33,-316,-221
254,61,340,-256,397,93,183,354,-97,316,-281,177,-355,-32,-224,-313
171,250,423,41,250,404,-87,447,-376,137,-408,-162,-179,-282,146,-330
70,295,394,250,42,514,-296,405,-440,-19,-341,-380,-5,-419,356,-221
4,137,168,168,-78,237,-195,174,-202,-61,-119,-277,82,-210,224,25
-64,-27,-124,112,-154,-53,-45,-123,35,-135,98,-109,154,27,106,210
-112,77,-106,313,-212,70,-145,-151,-86,-197,14,-164,206,-82,289,83
-47,367,260,569,-149,493,-396,181,-501,-129,-345,-404,137,-504,581,-282
76,516,598,526,44,721,-488,538,-743,45,-578,-506,-13,-761,608,-534
180,351,641,167,270,507,-266,591,-564,257,-514,-265,-205,-573,264,-533
288,65,478,-224,459,108,145,415,-162,468,-383,205,-446,-194,-207,-456
385,-96,355,-409,539,-147,455,276,101,633,-353,531,-630,15,-464,-460
283,-80,219,-250,333,-160,342,169,116,481,-261,398,-464,-6,-333,-329
-49,7,-51,104,-142,-20,-78,-61,9,-46,52,-68,79,-56,59,57
-344,54,-294,378,-541,94,-422,-275,-13,-532,368,-429,503,-12,324,396
-325,19,-327,292,-515,100,-367,-293,54,-555,424,-358,460,110,215,425
-138,-62,-260,-1,-212,-73,-61,-230,158,-288,332,-42,216,287,-100,279
-117,-148,-365,-119,-105,-329,102,-347,266,-211,385,142,221,457,-218,329
-272,-192,-551,28,-312,-446,5,-594,319,-404,550,58,465,499,-3,561
-377,-106,-515,325,-518,-220,-235,-603,184,-569,524,-199,612,274,289,599
-316,135,-167,558,-517,241,-522,-265,-187,-536,260,-483,564,-175,495,312
-198,362,193,692,-374,596,-701,97,-539,-402,-12,-639,452,-513,594,-53
-97,379,268,556,-185,537,-549,188,-544,-223,-171,-480,270,-497,502,-235
31,176,167,144,49,168,-104,146,-236,55,-221,-84,-34,-219,188,-249
148,-3,112,-224,224,-94,187,173,8,275,-190,153,-230,-43,-109,-186
81,37,171,-125,135,8,-29,204,-97,170,-59,-41,-76,-129,-79,-85
-113,170,136,267,-175,218,-435,66,-282,-191,120,-364,283,-252,223,40
-222,155,-31,436,-338,215,-455,-135,-239,-368,152,-384,421,-196,395,120
-69,63,-59,189,-137,115,-112,-36,-112,-135,-57,-160,160,-117,289,7
226,121,324,-141,307,271,138,470,-256,297,-496,-44,-295,-300,84,-361
432,276,754,-238,644,557,113,920,-499,576,-805,-63,-619,-544,-28,-709
376,175,643,-213,601,410,154,690,-338,499,-617,89,-570,-335,-165,-595
95,-201,-63,-224,190,-237,309,-152,270,134,84,373,-191,317,-350,31
-175,-371,-541,-137,-211,-606,218,-685,567,-240,599,383,227,663,-321,496
-122,-64,-134,95,-161,-159,-144,-302,88,-201,308,13,262,190,-8,184
183,335,617,181,233,488,-298,502,-532,200,-437,-214,-140,-499,213,-522
336,285,687,-20,436,472,-26,671,-456,443,-648,-31,-443,-502,34,-683
145,-63,75,-191,170,-75,208,86,104,211,-87,216,-229,90,-251,-108
-83,-151,-231,-79,-140,-282,39,-269,256,-113,331,110,135,293,-197,275
9,98,160,70,24,42,-195,93,-186,42,-2,-112,91,-167,57,-77
222,135,455,-83,336,138,-20,427,-327,431,-390,3,-234,-425,35,-452
155,-187,-10,-361,213,-319,347,26,239,381,-71,352,-287,62,-305,-104
-99,-396,-531,-305,-174,-623,374,-518,676,-42,473,421,-22,573,-440,427
-90,-55,-166,77,-123,-133,23,-257,179,-145,200,98,56,253,-94,172
232,418,657,306,357,571,-223,507,-646,232,-610,-158,-190,-540,295,-622
303,378,734,194,463,512,-161,588,-668,408,-688,-81,-260,-639,257,-756
-54,-87,-104,-8,-106,-197,-34,-199,133,-14,224,112,83,81,-101,57
-360,-361,-704,-56,-561,-600,-12,-754,675,-442,879,139,372,623,-298,729
-190,-186,-363,-82,-263,-285,1,-337,373,-238,472,39,148,358,-231,423
202,91,278,-169,303,172,110,388,-157,280,-312,4,-290,-178,-99,-261
254,131,381,-115,333,258,116,455,-224,335,-451,16,-354,-267,-37,-369
-21,49,39,132,-78,118,-65,-4,-11,-65,-32,-55,-41,-39,58,-15
-169,59,-108,335,-272,105,-224,-234,-7,-300,163,-135,196,38,172,145
-58,138,43,276,-79,163,-199,-33,-205,-143,-30,-140,153,-116,190,-67
47,137,137,131,47,143,-115,130,-234,30,-138,-93,33,-183,128,-178
-20,78,73,118,-72,63,-128,31,-86,-14,-32,-79,36,-103,82,-75
-58,78,72,181,-87,86,-138,-41,-70,-68,-24,-52,32,-81,142,-69
53,134,238,133,165,153,-64,112,-253,96,-257,10,-55,-195,199,-288
187,185,384,41,349,206,5,293,-373,269,-439,43,-149,-289,171,-468
126,158,276,40,189,199,-41,257,-266,155,-298,-40,-100,-232,106,-297
-105,52,-57,125,-198,102,-151,-29,8,-189,111,-183,102,15,64,139
-339,-84,-464,181,-511,-88,-183,-375,266,-500,493,-247,350,269,45,556
-404,-144,-665,180,-564,-273,-112,-547,351,-550,576,-191,458,347,104,654
-272,-88,-518,137,-391,-238,2,-385,229,-317,285,-106,305,205,161,415
-30,-9,-179,-7,-76,-102,152,-44,111,25,-74,-1,-55,23,59,70
97,-65,-32,-219,116,-90,289,134,160,212,-150,111,-287,19,-160,-24
8,-142,-129,-215,-1,-160,173,-2,217,82,74,83,-115,102,-175,143
-179,-8,-189,187,-289,-54,-198,-207,14,-235,223,-180,319,-19,200,236
-255,208,-95,615,-424,217,-517,-233,-309,-449,126,-434,555,-239,589,138
-187,230,-19,555,-285,280,-402,-149,-317,-368,2,-350,399,-199,522,43
-88,-41,-168,68,-120,-25,8,-157,95,-157,104,-27,81,117,41,149
-97,-266,-383,-261,-131,-343,252,-237,434,-40,267,172,-59,298,-234,291
-196,-202,-447,-102,-262,-286,139,-250,348,-113,242,11,69,150,-33,311
-222,21,-334,226,-316,17,-69,-177,36,-275,65,-241,213,-53,313,230
-108,142,-111,293,-164,224,-126,-36,-161,-262,-96,-263,182,-77,356,92
95,126,199,74,135,204,-20,170,-194,49,-232,-43,-81,-93,112,-147
273,42,395,-198,350,45,143,332,-110,416,-335,187,-376,-174,-160,-383
214,-97,179,-327,269,-189,276,211,130,476,-200,278,-409,-87,-291,-255
-67,-206,-327,-226,-106,-347,247,-166,380,46,160,145,-93,216,-189,238
-325,-151,-608,104,-442,-232,11,-452,346,-456,410,-142,321,364,96,601
-324,7,-419,332,-411,44,-173,-368,84,-551,294,-288,404,197,288,479
-114,-9,-166,143,-97,60,-5,-138,39,-215,81,-81,101,122,53,195
83,-192,-151,-315,193,-243,379,-65,293,153,47,321,-250,313,-390,82
188,-242,-68,-507,347,-380,494,-5,326,323,4,479,-344,363,-511,-26
272,-15,300,-309,441,-61,253,259,-82,410,-294,300,-305,-33,-213,-360
352,135,557,-169,526,237,134,525,-343,509,-564,142,-397,-364,-51,-588
281,-41,230,-365,430,65,380,401,42,452,-381,243,-540,-67,-308,-302
61,-283,-305,-490,146,-276,573,-41,531,157,44,348,-442,441,-499,192
-104,-170,-374,-171,-56,-235,309,-249,398,-105,161,209,-135,410,-217,242
-51,110,14,209,37,78,-60,-70,-139,-59,-93,-5,39,-65,170,-120
125,155,238,118,240,109,-39,164,-307,190,-257,-7,-34,-242,90,-263
212,-38,101,-266,345,-98,253,211,-31,312,-164,125,-186,0,-242,-68
184,-69,45,-360,298,-62,309,242,59,234,-162,104,-242,95,-239,23
142,133,252,-84,249,278,74,375,-208,146,-378,-90,-230,-173,89,-229
109,246,392,129,170,438,-155,414,-398,110,-410,-208,-141,-421,263,-385
29,155,234,125,-25,267,-264,261,-313,36,-127,-277,82,-380,193,-159
-28,109,113,117,-136,150,-350,186,-291,-45,49,-371,280,-355,206,24
27,229,250,147,9,317,-295,350,-426,30,-214,-387,137,-454,294,-167
171,249,364,29,323,400,13,486,-399,228,-542,-133,-273,-368,195,-434
212,71,210,-154,422,181,333,295,-80,260,-455,192,-460,6,-102,-341
109,-62,-25,-125,233,-39,293,-45,110,54,-109,262,-203,269,-181,-27
24,29,9,62,55,84,15,-48,-40,-97,-14,29,60,131,-5,44
99,173,247,105,122,313,-90,253,-244,20,-230,-125,-84,-156,81,-186
178,141,319,-60,247,254,51,356,-160,217,-320,20,-321,-166,-78,-328
77,-62,49,-124,116,-102,140,-16,124,138,-13,246,-193,112,-211,-148
-143,-196,-350,11,-203,-391,73,-513,329,-179,378,267,193,378,-118,213
-250,-160,-494,129,-392,-316,-6,-543,326,-354,434,69,334,362,21,377
-99,38,-141,95,-223,86,-56,-25,76,-187,71,-168,58,34,63,169
138,213,392,24,135,415,-134,470,-267,133,-297,-232,-223,-312,36,-233
226,177,513,-22,301,293,-109,410,-318,261,-307,-22,-219,-287,-54,-379
64,-73,12,-101,142,-164,107,-98,65,94,54,228,-22,133,-163,-47
-172,-219,-522,-97,-227,-413,203,-439,407,-183,356,157,157,399,-123,385
-265,-62,-426,101,-410,-151,-79,-250,212,-292,286,-190,243,88,122,356
-92,199,142,271,-222,270,-366,158,-246,-72,-55,-344,114,-402,293,-122
120,199,417,136,120,303,-198,317,-333,210,-300,-92,-150,-439,133,-444
114,55,161,-1,176,124,87,135,-89,166,-242,95,-204,-107,-9,-260
-142,136,-114,317,-163,217,-140,-89,-132,-270,-42,-213,163,-54,296,72
-319,355,-18,798,-480,505,-672,-136,-464,-597,48,-633,559,-357,737,83
-179,336,180,686,-339,429,-638,-52,-487,-355,-15,-453,435,-435,586,-141
148,-11,163,-39,146,-55,80,67,-37,264,-130,183,-161,-116,-117,-256
326,-243,23,-550,461,-381,604,145,281,594,-185,550,-511,154,-559,-225
184,-166,-34,-375,303,-268,398,58,203,332,-62,362,-301,162,-389,-79
-76,-62,-117,4,-109,-88,-28,-192,134,-161,222,50,95,209,-80,137
-200,-99,-245,92,-354,-80,-149,-332,245,-361,404,-35,218,289,-24,315
-110,-18,-101,96,-274,29,-145,-125,102,-204,180,-95,116,40,61,150
55,217,313,261,4,346,-234,263,-357,80,-282,-220,-16,-440,280,-304
140,286,457,295,201,372,-180,315,-477,190,-449,-111,-115,-473,281,-507
55,10,52,-32,129,-48,105,-13,13,83,-96,169,-122,74,-62,-144
-125,-245,-386,-264,-163,-360,196,-272,422,-128,334,155,41,411,-235,336
-228,-140,-338,-60,-362,-162,-101,-195,230,-261,380,-183,242,123,9,383
-179,-1,-92,139,-317,70,-268,-61,3,-210,209,-255,214,-134,139,175
-78,-200,-203,-108,-188,-211,102,-242,372,-65,272,160,-53,250,-233,219
-67,-470,-531,-439,-167,-638,482,-487,836,-18,486,497,-179,702,-596,469
-117,-359,-491,-329,-200,-507,320,-395,598,-83,418,287,-4,498,-359,421
-59,-26,-103,-6,-38,-34,-34,-47,-51,-68,54,-75,169,-25,88,81
108,35,120,-45,230,50,27,88,-207,89,-131,40,62,-59,47,-110
202,-162,29,-335,323,-272,331,-43,153,227,-12,391,-147,300,-337,-30
152,-183,-22,-333,166,-334,308,-97,302,218,91,401,-211,305,-411,1
31,12,59,-88,-15,-53,17,75,90,125,0,78,-166,-27,-142,-113
-17,-9,-45,-103,-72,-2,28,96,100,53,14,-48,-139,-36,-91,4
-9,-259,-339,-369,-49,-323,292,-99,412,24,262,125,-77,314,-346,355
-9,-306,-336,-382,-28,-406,269,-166,390,22,314,151,39,351,-350,420
12,50,87,11,29,50,-114,107,-155,26,-11,-129,100,-147,68,-32
10,319,352,279,57,414,-370,331,-512,11,-266,-327,69,-474,334,-342
-81,125,64,143,-135,165,-256,73,-151,-136,37,-233,107,-163,138,-30
-212,-213,-369,-65,-386,-244,-85,-346,377,-298,536,-34,234,300,-163,465
-208,-198,-298,-12,-343,-208,-121,-351,324,-296,509,-18,237,265,-128,410
-19,86,144,116,38,194,-161,60,-165,-79,-38,-92,48,-103,115,-93
145,225,361,92,318,366,-52,335,-406,107,-404,-86,-107,-244,193,-367
112,93,155,-20,213,172,59,194,-195,69,-234,-19,-65,-55,73,-135
-55,-40,-113,-40,-40,19,60,-22,83,-86,42,-44,-11,100,-24,141
-112,-29,-142,-39,-92,73,48,32,119,-121,36,-117,-80,70,-16,162
-31,-9,-61,-143,49,82,104,154,63,-6,-77,-90,-159,18,-34,70
56,-66,-3,-208,121,-56,163,82,81,78,-35,54,-92,100,-107,67
54,-84,28,-76,99,-100,106,-96,69,26,28,160,-5,166,-77,44
-38,73,69,208,50,112,-58,-98,-108,-99,-80,29,45,45,144,-60
-160,288,54,489,-104,411,-305,55,-391,-289,-193,-387,212,-269,501,-57
-322,365,-104,674,-449,497,-616,55,-528,-513,-43,-806,565,-487,779,167
-482,268,-317,752,-777,322,-787,-206,-367,-730,335,-884,848,-375,763,457
-513,67,-496,609,-792,43,-586,-553,16,-782,601,-521,765,53,458,590
-367,-135,-522,251,-487,-210,-145,-615,325,-547,567,-48,401,407,49,510
-79,-160,-248,-96,-111,-216,147,-257,298,-99,225,155,22,293,-148,230
169,10,223,-144,140,97,91,304,-56,271,-245,-16,-229,-222,-53,-168
196,251,461,71,153,428,-139,561,-399,281,-478,-265,-224,-576,207,-405
-19,241,179,295,-66,326,-264,206,-348,-17,-216,-297,69,-407,323,-215
-225,-16,-329,284,-314,-135,-197,-375,20,-316,293,-119,408,57,205,234
-242,-161,-466,135,-386,-306,-80,-498,260,-312,451,-25,382,238,50,409
-114,-24,-121,86,-239,80,-91,-51,108,-163,100,-144,32,-20,79,146
-56,156,162,161,-126,440,-179,253,-114,-107,-193,-281,-158,-252,204,-113
-91,27,-12,153,-127,152,-105,-54,0,-151,14,-92,32,-25,133,30
-80,-247,-329,-48,-79,-431,166,-502,324,-125,335,312,191,423,-137,289
49,-278,-240,-211,139,-461,348,-395,334,44,198,460,11,496,-274,180
190,-29,195,-196,335,23,234,147,8,226,-219,260,-290,84,-169,-227
256,44,441,-231,369,181,99,429,-157,392,-351,137,-401,-239,-157,-452
269,-194,243,-438,307,-259,253,192,141,523,-79,372,-338,-71,-402,-288
162,-351,-97,-502,203,-553,414,-116,396,397,129,483,-208,244,-469,26
-90,-97,-228,-72,-57,-122,111,-112,123,-93,72,-25,71,127,51,223
-305,285,-119,497,-346,477,-440,68,-374,-500,-68,-688,386,-312,664,201
-202,323,100,478,-232,476,-472,206,-466,-269,-186,-621,282,-503,612,-28
165,53,269,-104,254,22,127,241,-101,343,-316,117,-285,-213,-34,-318
312,-133,240,-449,488,-193,502,179,223,508,-277,539,-598,178,-448,-331
25,-99,-9,-217,70,-55,171,-32,254,3,82,199,-220,288,-285,59
-243,-54,-199,80,-395,13,-263,-178,179,-377,424,-240,244,148,-1,390
-94,-45,-76,-12,-241,-53,-158,-28,100,-75,215,-152,102,-59,-19,163
190,35,191,-126,243,17,170,239,-80,344,-295,142,-267,-196,-68,-312
133,142,180,74,247,181,83,149,-243,145,-348,95,-136,-161,115,-365
-188,89,-125,320,-210,109,-269,-243,-109,-363,186,-145,333,43,207,99
-273,-67,-275,152,-441,-136,-303,-348,185,-394,541,-152,356,189,-24,378
-82,-93,-86,-131,-237,-127,-102,-38,244,-44,299,-52,-10,62,-202,180
-37,54,67,33,-134,126,-154,126,-40,-29,0,-178,-3,-187,80,-28
-236,162,-59,456,-352,234,-461,-149,-262,-373,111,-394,459,-251,498,79
-261,134,-72,509,-332,115,-484,-282,-273,-376,186,-310,533,-211,497,77
105,174,382,148,170,185,-182,238,-355,220,-282,-53,-63,-402,198,-393
428,340,867,-38,592,518,-47,851,-629,672,-835,-64,-529,-776,109,-854
284,373,720,174,338,607,-242,740,-700,387,-693,-334,-233,-807,317,-616
-137,162,47,388,-225,248,-414,20,-338,-230,19,-449,382,-339,421,96
-329,-55,-390,287,-424,-101,-285,-392,45,-487,433,-301,546,104,250,507
-183,-30,-236,93,-159,8,-114,-135,-7,-290,209,-225,278,117,101,322
-6,181,107,115,70,337,-166,261,-335,-133,-153,-346,141,-181,206,36
-12,274,166,285,8,406,-291,292,-486,-145,-214,-477,241,-345,376,-18
-80,168,30,277,-126,186,-253,75,-297,-132,-60,-339,255,-275,332,31
-38,-16,-51,33,-89,-66,-44,-36,14,32,44,-30,34,-95,31,-16
86,-116,23,-225,88,-193,143,5,162,210,39,239,-172,45,-257,-111
173,-42,199,-233,237,-107,119,146,3,292,-85,224,-203,-24,-251,-226
188,180,396,4,238,185,-108,342,-326,286,-287,-31,-134,-333,23,-392
118,272,439,168,113,358,-243,429,-416,222,-367,-214,-126,-519,189,-436
31,36,97,-27,-30,105,-23,137,17,87,-69,-46,-141,-140,-64,-95
-90,-338,-460,-319,-155,-418,329,-371,612,-139,429,285,-25,591,-424,476
-225,-383,-711,-243,-252,-562,313,-656,658,-402,651,265,253,845,-338,753
-299,-23,-391,224,-328,-107,-194,-410,72,-510,407,-197,500,287,200,485
-174,288,114,471,-228,366,-535,57,-473,-311,-14,-497,420,-377,519,-33
77,236,319,165,85,323,-235,327,-408,95,-291,-236,7,-430,259,-317
191,29,134,-197,265,16,235,231,-33,263,-280,150,-265,-39,-114,-226
-1,-32,-167,-42,-34,-129,146,-96,136,-21,23,88,-29,169,-66,74
-284,27,-313,357,-530,-93,-342,-397,107,-429,431,-225,431,87,189,333
-274,-8,-212,345,-587,-100,-462,-396,95,-403,511,-229,480,14,150,323
45,-36,92,-28,-49,-57,-70,11,14,77,63,36,13,-57,-57,-29
259,92,352,-181,400,197,190,461,-229,393,-492,53,-374,-282,7,-407
105,268,328,120,215,456,-65,486,-418,168,-530,-233,-222,-476,297,-414
-187,229,25,421,-303,345,-416,13,-257,-307,-9,-395,223,-287,402,-50
-310,14,-287,409,-521,-12,-393,-468,64,-525,452,-206,493,139,228,316
-222,-115,-367,213,-345,-191,-116,-520,201,-437,435,-14,444,349,94,422
-167,-88,-338,122,-201,-105,2,-309,143,-324,235,-88,285,259,115,394
-239,-63,-365,109,-299,-41,-52,-227,156,-356,258,-215,236,185,107,419
-284,-120,-420,49,-423,-164,-111,-339,315,-389,457,-129,236,286,-43,462
-201,-184,-356,-69,-326,-285,-21,-363,390,-251,489,66,157,356,-207,348
0,-161,-106,-218,-43,-233,106,-128,284,58,234,206,-89,222,-312,92
171,-127,128,-323,203,-128,233,160,187,314,-38,249,-334,72,-381,-106
143,-158,105,-327,188,-141,259,81,245,250,-3,289,-335,157,-388,-45
-112,-235,-269,-138,-93,-280,162,-359,393,-145,332,244,-1,430,-268,286
-381,-271,-651,90,-436,-325,5,-691,467,-554,621,47,380,552,-20,642
-443,-144,-632,224,-558,-138,-152,-531,304,-643,534,-257,473,346,212,680
-308,35,-289,222,-425,122,-256,-150,41,-473,259,-414,343,44,289,435
-167,1,-151,101,-243,32,-168,-131,57,-282,215,-204,219,90,123,280
-108,-303,-402,-184,-79,-504,233,-516,440,-129,444,345,137,536,-285,366
15,-520,-562,-498,120,-893,657,-672,762,114,469,780,-65,842,-645,384
185,-319,-216,-478,315,-591,613,-253,463,315,84,652,-272,523,-532,50
199,117,270,-80,267,146,88,267,-180,220,-309,76,-206,-98,-23,-283
19,285,294,246,28,493,-272,326,-420,-98,-266,-339,37,-319,319,-192
-79,110,-17,115,-39,283,-113,120,-138,-219,-56,-272,85,-27,162,120
4,-7,-101,-114,84,92,141,81,32,-107,-31,-80,-49,166,-66,169
-11,80,-14,37,-25,159,-44,80,-75,-156,-12,-164,56,63,43,111
-249,34,-230,313,-444,28,-342,-288,25,-449,366,-278,415,76,199,339
-351,-294,-621,99,-604,-459,-115,-712,518,-471,752,40,455,456,-89,631
-35,-484,-482,-428,-117,-705,426,-525,739,35,510,529,-49,620,-546,390
320,-176,175,-475,407,-245,428,144,205,469,-152,492,-430,167,-480,-263
182,276,502,169,207,382,-236,407,-482,213,-359,-133,-90,-435,158,-480
-226,345,144,648,-420,416,-707,44,-510,-333,19,-610,484,-556,601,-73
-278,60,-220,373,-478,8,-393,-205,-92,-300,243,-368,427,-244,371,206
116,-141,-3,-281,155,-214,233,75,133,279,-62,196,-203,2,-196,-76
365,-71,343,-480,575,-79,421,357,26,546,-338,398,-510,31,-405,-372
142,62,196,-90,250,99,83,186,-121,131,-183,75,-152,-3,-79,-175
-179,120,-174,317,-236,152,-197,-137,-154,-312,47,-250,308,-58,336,124
-164,79,-266,285,-249,36,-118,-200,-95,-256,34,-193,326,-46,333,124
-25,-104,-226,-43,-16,-226,129,-193,104,-11,116,124,126,150,-57,118
-1,-262,-289,-265,-8,-452,221,-293,352,4,373,257,84,408,-391,353
5,-153,-118,-177,-17,-222,88,-86,213,-3,246,43,41,229,-262,305
224,224,473,-22,289,401,-35,548,-354,267,-468,-178,-278,-363,87,-334
423,381,834,-66,608,674,50,898,-590,533,-910,-72,-627,-604,114,-840
308,84,431,-281,480,187,267,436,-91,438,-458,265,-567,-101,-244,-520
60,-238,-173,-340,92,-373,335,-200,413,136,176,404,-219,386,-423,78
61,-110,-93,-161,33,-220,209,-97,203,126,18,229,-115,140,-165,-2
267,197,383,-12,319,298,115,445,-314,332,-564,8,-305,-346,122,-463
239,215,359,-31,369,383,136,493,-316,268,-582,-47,-340,-285,113,-408
-28,42,-29,38,40,124,13,57,-35,-74,-58,-98,-30,5,48,59
-101,153,81,326,-148,207,-318,-13,-237,-195,27,-281,242,-206,279,29
116,433,649,477,98,605,-512,426,-739,87,-459,-375,85,-709,507,-532
240,368,659,210,311,582,-217,558,-607,248,-606,-188,-221,-569,304,-635
26,-43,-115,-188,108,49,257,62,142,-22,-93,102,-222,215,-128,7
-197,-301,-669,-260,-193,-344,372,-421,582,-336,388,195,23,662,-265,539
-120,-188,-378,-62,-172,-221,150,-342,331,-225,289,131,102,388,-134,322
55,-1,93,21,55,-17,11,-23,-6,50,-5,109,-39,24,-76,-84
48,24,116,5,103,74,9,70,-54,75,-76,40,-99,-30,-63,-109
-50,84,42,114,26,223,-55,113,-143,-66,-142,-150,-17,-129,161,-46
76,224,319,178,188,445,-123,367,-441,91,-453,-241,-84,-436,349,-323
365,221,669,-105,533,393,64,657,-449,554,-705,39,-466,-539,65,-692
503,25,633,-557,707,11,416,665,-86,858,-602,430,-813,-246,-465,-726
384,-61,384,-590,545,-161,449,451,136,697,-367,470,-739,-27,-545,-517
120,94,248,-98,197,74,56,244,-98,235,-254,93,-268,-141,-37,-332
-143,259,128,440,-197,341,-394,31,-340,-242,-106,-351,238,-298,479,-107
-344,264,-66,662,-524,373,-624,-142,-327,-527,133,-588,509,-302,621,170
-332,275,-35,635,-533,388,-634,-77,-293,-482,147,-611,436,-354,544,152
-81,294,285,434,-136,421,-438,172,-386,-137,-137,-360,96,-403,323,-205
177,99,345,5,280,134,25,160,-154,227,-212,177,-225,-81,-124,-346
122,-329,-181,-395,209,-484,484,-303,492,205,204,621,-265,534,-572,88
-146,-512,-726,-349,-243,-788,477,-726,848,-107,628,545,43,769,-536,565
-280,-269,-649,93,-458,-484,49,-671,452,-331,550,116,378,378,-24,532
-207,8,-247,327,-284,-78,-226,-365,-69,-319,242,-146,480,27,311,255
-124,-45,-191,89,-87,-121,-89,-291,-7,-273,247,-34,361,211,118,276
-129,-236,-388,-218,-115,-313,140,-352,354,-272,422,127,202,521,-202,456
-53,-173,-245,-206,-88,-210,141,-203,311,-141,285,117,37,372,-224,298
142,64,186,-28,169,115,41,139,-90,98,-146,78,-132,-1,-81,-150
205,159,335,38,302,230,37,244,-260,180,-316,68,-169,-106,-22,-316
38,58,15,39,48,114,24,75,-78,-25,-103,-45,-32,7,31,-26
-173,-33,-310,78,-314,-52,-52,-120,116,-216,159,-213,171,28,137,292
-195,-132,-404,2,-328,-241,-25,-217,200,-186,282,-170,263,80,79,397
-104,-312,-503,-281,-108,-569,240,-386,391,-78,419,168,235,426,-236,486
-102,-504,-718,-474,-48,-789,494,-619,680,-144,607,442,209,831,-493,677
-216,-439,-753,-280,-255,-626,369,-684,695,-333,624,302,237,812,-322,737
-306,-131,-496,184,-451,-158,-51,-455,298,-472,369,-144,329,311,184,541
-276,161,-182,456,-400,257,-376,-107,-196,-435,74,-505,405,-200,529,263
-119,189,-10,263,-92,311,-253,168,-363,-202,-140,-471,261,-312,421,64
127,21,98,-208,315,92,177,307,-164,180,-264,-31,-131,-84,-33,-114
336,-102,229,-529,611,-135,499,306,55,484,-322,432,-471,146,-408,-291
344,-68,348,-418,632,-116,383,211,-17,472,-288,509,-420,152,-393,-411
221,88,377,-70,460,102,60,164,-269,241,-252,247,-134,-49,-93,-403
168,98,293,-12,342,174,20,192,-283,167,-239,78,-79,-114,-14,-304
189,-132,45,-359,334,-150,347,115,146,274,-108,310,-295,172,-334,-81
131,-385,-243,-627,234,-565,600,-176,583,258,200,567,-328,573,-618,195
-33,-383,-397,-430,-13,-598,391,-423,609,-4,438,453,-41,641,-488,380
-133,-224,-349,-96,-178,-374,105,-407,360,-160,401,170,170,389,-177,348
-107,-230,-343,-140,-171,-393,148,-312,380,-53,326,140,63,284,-202,339
-138,-360,-525,-295,-236,-616,318,-414,632,8,428,263,-27,406,-350,453
-248,-262,-557,-84,-435,-487,115,-487,536,-191,474,111,134,331,-137,441
-192,70,-176,313,-334,78,-216,-201,-6,-265,130,-169,221,-62,249,74
106,210,301,221,150,370,-101,221,-316,68,-345,-76,-118,-272,190,-337
290,-30,292,-247,487,31,348,243,-6,409,-345,351,-475,23,-274,-333
85,-241,-98,-311,182,-321,373,-145,365,202,82,432,-283,326,-395,21
-223,-66,-278,211,-368,-102,-149,-375,210,-302,319,-26,212,153,76,215
-238,204,-59,522,-443,304,-467,-156,-203,-437,123,-393,368,-181,423,92
-15,134,107,166,-34,218,-186,85,-200,-119,-42,-190,111,-106,148,-31
111,-140,27,-316,261,-189,210,31,125,163,63,219,-123,210,-311,26
123,-188,20,-382,257,-274,246,7,179,239,76,306,-186,188,-374,-53
200,23,318,-207,305,35,103,303,-115,378,-264,159,-303,-203,-149,-376
326,150,531,-144,425,223,88,525,-318,513,-533,89,-404,-417,-32,-590
191,80,282,-20,222,109,37,250,-211,281,-313,49,-144,-256,41,-317
-185,13,-183,327,-322,3,-246,-278,-43,-287,201,-173,366,-47,271,178
-403,51,-354,531,-660,75,-460,-425,6,-605,390,-407,575,-26,445,403
-276,75,-205,304,-448,157,-323,-157,-1,-399,212,-359,280,-64,292,253
-77,15,-63,-20,-79,102,-41,43,39,-123,46,-120,-11,28,4,85
-87,-35,-143,7,-50,5,35,-105,89,-153,98,17,25,162,-32,108
-200,-21,-293,189,-225,-39,-35,-302,120,-312,195,-56,180,203,96,235
-165,12,-250,150,-187,-69,-36,-207,85,-228,134,-95,146,128,103,205
23,46,27,-42,99,-57,36,59,-60,89,-50,8,-12,-32,-19,-49
228,63,323,-120,353,38,67,238,-220,315,-235,147,-146,-158,-105,-327
272,50,380,-119,348,79,106,249,-159,350,-278,216,-248,-122,-166,-379
191,4,210,-179,169,26,164,214,79,266,-175,158,-352,-20,-231,-183
60,52,108,-133,6,88,49,287,69,150,-120,-87,-290,-129,-123,-66
13,222,269,123,-31,364,-231,407,-278,71,-244,-350,-107,-436,185,-204
37,303,382,300,-22,537,-343,406,-468,13,-348,-397,-9,-560,386,-316
-45,123,66,162,-165,288,-156,159,-131,-112,-145,-270,18,-235,261,-23
-251,-104,-453,-10,-433,-55,-19,-162,307,-347,286,-256,149,163,83,484
-349,-87,-525,76,-522,-65,-153,-237,267,-474,419,-375,316,166,133,572
-168,67,-109,170,-248,133,-260,-43,-80,-269,146,-298,237,-85,205,147
48,56,163,-11,65,56,-89,65,-109,52,-45,22,-3,-83,40,-169
-7,-121,-73,-173,-2,-235,66,-137,163,15,161,167,32,167,-127,42
-211,-136,-323,20,-287,-219,-98,-318,189,-279,384,-86,315,205,50,383
-172,84,-85,295,-249,133,-296,-94,-152,-294,127,-332,345,-105,308,217
146,199,348,129,159,275,-111,318,-341,154,-348,-147,-75,-317,196,-271
345,23,381,-315,456,-38,291,386,-91,553,-438,293,-462,-142,-202,-459
278,-244,47,-562,393,-441,533,58,314,526,-115,577,-439,233,-494,-207
211,-382,-157,-584,336,-539,634,-176,533,366,83,688,-397,513,-625,22
273,-390,-102,-689,463,-449,771,-71,590,405,-14,756,-609,605,-752,-14
261,-291,-22,-695,441,-348,696,92,509,423,-102,619,-658,482,-677,-78
39,-95,-46,-245,76,-174,179,10,182,117,21,166,-169,141,-199,-27
-134,85,22,322,-250,49,-370,-177,-184,-204,163,-176,371,-151,283,9
-63,41,106,328,-163,25,-315,-241,-129,-148,160,-23,298,-83,181,-41
21,-175,-61,-122,9,-263,137,-247,281,37,213,324,-73,295,-275,62
-150,-260,-429,-257,-160,-404,227,-348,497,-154,403,210,21,494,-309,398
-349,-112,-555,112,-461,-208,-141,-432,246,-513,523,-225,470,334,94,607
-237,9,-244,245,-324,-38,-254,-269,-13,-362,309,-249,435,73,191,353
176,-61,198,-215,227,-135,152,118,59,320,-94,245,-253,-12,-246,-193
397,-97,408,-572,606,-157,480,413,113,725,-392,533,-736,-47,-530,-541
245,86,330,-262,468,148,232,402,-143,396,-413,199,-453,-131,-193,-436
14,216,112,200,130,359,-85,166,-323,-136,-222,-188,55,-91,185,-114
5,35,-59,60,56,80,46,-42,-37,-120,-6,0,47,149,-2,82
171,-222,-30,-430,245,-317,387,-5,314,317,9,412,-324,246,-437,-51
249,-135,245,-460,352,-196,281,240,129,500,-160,369,-419,-57,-345,-340
118,239,479,111,125,350,-283,385,-412,184,-301,-176,-84,-470,208,-447
-112,442,385,591,-246,660,-653,290,-580,-271,-198,-606,220,-559,565,-241
-189,321,148,540,-385,518,-550,130,-317,-359,-33,-552,206,-367,443,-4
-23,179,185,230,-123,322,-252,190,-214,-66,-131,-276,8,-301,223,-104
244,237,522,99,290,368,-148,437,-493,285,-457,-115,-92,-479,212,-486
323,352,727,162,426,457,-227,563,-710,389,-605,-114,-98,-638,270,-714
167,313,525,181,225,372,-262,422,-530,254,-413,-142,-100,-535,208,-590
15,135,217,70,3,223,-179,206,-157,73,-132,-95,-135,-260,51,-282
13,-15,84,-88,39,96,6,91,57,12,-3,29,-156,29,-128,-56
76,-55,52,-152,114,16,126,8,91,-8,21,137,-112,217,-188,27
26,-14,-26,8,24,6,43,-81,37,-91,35,67,42,191,-45,76
-109,105,-34,292,-177,145,-198,-110,-125,-245,34,-171,228,-35,259,82
-132,161,62,410,-230,290,-360,-54,-252,-279,13,-319,299,-206,392,44
-51,45,96,164,-102,141,-207,-28,-101,-119,56,-121,130,-79,126,16
93,-143,10,-257,113,-228,190,-29,237,183,97,270,-197,182,-355,0
241,-206,54,-488,368,-367,462,102,287,494,-77,486,-453,189,-551,-171
342,-21,342,-358,515,-103,347,352,-55,597,-383,353,-476,-136,-321,-435
270,181,516,-4,355,290,-28,453,-375,379,-464,8,-262,-418,46,-503
-12,246,273,296,-76,399,-313,224,-330,-52,-191,-279,42,-354,261,-233
-211,177,-88,373,-338,256,-308,-69,-97,-332,75,-321,173,-120,286,82
-111,81,-100,201,-131,97,-63,-85,-17,-182,0,-96,54,33,150,63
165,42,201,-41,282,43,156,100,-108,187,-261,171,-166,-11,4,-232
254,74,375,-86,382,100,125,229,-198,308,-362,203,-227,-119,-21,-378
113,129,300,41,210,252,-52,219,-245,105,-280,-10,-114,-182,105,-280
75,145,246,35,157,309,-85,244,-243,12,-198,-95,-91,-139,73,-206
227,36,343,-214,324,142,76,306,-120,240,-183,120,-246,-49,-216,-278
280,-76,329,-374,310,-68,162,249,52,382,-94,290,-313,5,-384,-262
11,-34,75,-100,-38,-53,-35,45,69,73,61,19,-64,-43,-87,-33
-282,100,-200,283,-363,145,-306,-117,-59,-370,156,-381,272,-107,341,223
-244,95,-207,216,-272,150,-224,-82,-59,-335,110,-336,235,-57,292,209
70,-84,-21,-202,99,-92,148,82,95,136,-10,100,-133,36,-175,-26
240,-109,146,-367,310,-138,300,207,105,403,-150,280,-335,-1,-340,-193
126,64,189,-65,186,111,49,233,-159,176,-239,-19,-134,-174,30,-169
-35,207,160,244,-9,317,-242,187,-342,-105,-202,-322,137,-281,367,-81
-22,180,183,208,-99,251,-281,160,-269,-86,-98,-285,128,-275,268,-87
49,145,236,167,-81,226,-251,187,-209,38,-82,-188,23,-285,90,-164
13,226,246,334,-78,363,-323,177,-334,-68,-137,-273,83,-334,214,-160
-86,213,108,429,-74,357,-306,36,-348,-212,-93,-297,216,-212,331,-45
-111,30,-91,172,-75,49,-108,-122,-70,-178,85,-99,181,7,138,91
-126,-80,-191,-16,-185,-139,-67,-147,115,-118,235,-53,156,72,-19,182
-202,73,-129,204,-332,75,-334,-85,-75,-291,230,-328,331,-93,200,195
-195,197,7,406,-274,265,-458,-76,-294,-386,146,-407,432,-155,362,136
51,38,158,107,142,47,-44,-45,-144,24,-50,84,59,-3,33,-112
391,-99,408,-338,581,-132,411,224,17,627,-371,536,-509,-33,-378,-480
422,129,617,-215,553,174,220,562,-250,675,-621,255,-588,-399,-179,-681
88,394,471,298,53,547,-343,504,-536,103,-441,-379,-93,-588,337,-437
-221,255,-16,415,-343,340,-431,25,-260,-360,30,-449,269,-218,386,43
-174,-54,-288,69,-258,-122,-11,-276,205,-229,222,28,105,192,16,170
23,22,-18,-14,57,-7,130,-14,52,90,-135,156,-163,-4,-16,-189
83,363,395,320,127,488,-244,380,-515,115,-469,-228,-105,-513,332,-504
10,328,327,328,-58,404,-378,314,-458,16,-242,-352,66,-510,308,-308
-29,-205,-224,-256,-135,-383,112,-153,339,86,301,151,-4,174,-306,199
16,-556,-575,-683,1,-885,628,-464,846,181,516,632,-154,727,-718,449
43,-364,-401,-442,123,-582,513,-386,545,60,289,523,-91,641,-487,289
78,-39,2,-92,151,-74,127,-105,54,-14,51,204,-11,264,-154,6
158,5,233,-146,151,58,1,175,-43,147,-33,80,-114,-15,-181,-140
152,-16,234,-229,81,74,-43,316,-32,229,-54,-50,-144,-190,-181,-124
-54,115,112,96,-153,223,-308,208,-230,-81,8,-371,173,-332,198,-15
-240,172,-71,408,-308,225,-452,-74,-294,-369,143,-453,450,-238,415,148
-76,-27,-103,74,-81,-113,-59,-162,28,-75,147,-5,154,41,12,117
272,-217,95,-506,384,-284,464,148,252,468,-120,452,-448,150,-482,-173
352,-80,297,-504,530,-16,433,418,35,526,-377,349,-546,-14,-378,-397
137,115,198,-39,248,189,40,225,-228,124,-265,31,-115,-116,37,-294
41,46,22,113,64,-40,-28,-83,-126,17,-35,83,102,-17,67,-128
248,-75,195,-175,319,-198,228,92,-26,429,-196,332,-209,-82,-194,-283
403,89,605,-236,537,176,161,561,-306,629,-562,181,-458,-418,-137,-609
213,343,683,128,305,610,-287,644,-608,233,-520,-273,-203,-595,224,-558
-73,287,357,343,-74,463,-497,237,-435,-183,-103,-398,155,-369,330,-171
-52,49,131,85,-43,26,-182,19,-84,-21,50,-87,56,-104,70,-15
149,-49,204,-257,268,-82,183,236,23,361,-214,149,-305,-114,-128,-192
127,-51,137,-316,243,62,267,324,74,268,-271,79,-392,-64,-141,-143
-107,-192,-317,-242,-171,-65,220,-67,402,-159,182,2,-142,309,-204,357
-216,-331,-629,-216,-414,-356,227,-423,657,-327,521,66,84,572,-294,677
-97,-185,-368,-116,-228,-286,133,-230,330,-119,285,19,118,255,-140,405
-21,131,58,101,-3,105,-132,157,-249,9,-127,-261,129,-241,247,-14
-136,249,76,289,-127,324,-333,178,-377,-193,-131,-472,236,-337,449,19
-258,155,-164,357,-342,251,-309,-63,-153,-417,83,-448,313,-108,401,257
-188,150,-157,339,-268,236,-207,-61,-137,-345,-7,-340,228,-82,369,170
-21,242,76,295,2,320,-125,157,-325,-85,-297,-249,61,-269,365,-138
18,166,108,106,100,213,-33,207,-234,48,-286,-143,-67,-233,218,-195
-31,-17,-60,-77,-22,-29,39,34,65,22,-1,-20,-76,-13,-19,22
-13,-38,0,-56,-25,-30,-20,28,50,52,24,-21,-54,-54,-31,3
157,161,352,65,221,211,-91,301,-324,242,-316,-45,-127,-371,102,-377
310,272,569,62,446,303,-49,498,-533,455,-585,7,-234,-519,135,-641
277,189,410,11,355,166,40,362,-370,385,-475,74,-215,-359,79,-510
62,107,89,119,46,93,0,94,-159,94,-235,-44,-27,-194,185,-179
-62,93,-78,210,-117,146,-59,38,-131,-87,-162,-202,88,-197,314,8
7,68,-34,15,-26,119,45,196,-87,62,-215,-198,-51,-220,178,4
171,9,126,-224,143,20,141,356,-40,298,-234,-78,-231,-210,-75,-84
193,70,279,-145,172,105,13,357,-153,264,-224,-50,-166,-224,-61,-195
116,146,255,81,162,211,-76,198,-250,73,-235,-55,-46,-154,115,-208
70,-27,6,-86,205,2,215,4,38,46,-156,159,-153,162,-31,-42
70,-284,-265,-456,195,-346,553,-119,484,135,37,398,-327,477,-409,193
-11,-276,-301,-369,-48,-348,341,-155,484,46,218,252,-174,388,-372,271
-140,19,-113,125,-269,-8,-194,-120,35,-185,203,-151,182,-10,73,122
-95,128,26,251,-136,126,-244,-16,-193,-134,7,-194,191,-158,221,-45
114,-51,44,-193,254,-105,243,96,37,219,-149,183,-194,57,-142,-88
192,-144,57,-362,359,-194,390,121,138,330,-148,310,-309,149,-310,-75
-14,108,119,216,-9,139,-202,4,-247,-52,-52,-115,181,-170,191,-86
-234,384,172,813,-374,444,-775,-98,-657,-426,-7,-574,681,-544,791,-108
-198,364,162,691,-319,407,-656,4,-626,-327,-104,-565,572,-559,795,-132
-42,191,112,225,-46,267,-200,174,-316,-70,-224,-292,146,-322,397,-100
-38,117,6,114,13,284,-46,142,-181,-129,-173,-217,27,-111,224,-10
-167,87,-152,272,-143,239,-138,-121,-117,-354,42,-211,220,40,246,150
-195,-47,-244,196,-227,-46,-103,-335,85,-325,247,-46,289,198,132,268
-125,-176,-217,-5,-206,-291,-27,-364,244,-144,344,109,200,227,-67,265
-154,-74,-157,99,-267,-178,-174,-280,119,-182,341,-20,256,80,25,199
-199,67,-128,300,-300,60,-334,-213,-104,-332,245,-229,376,-40,232,149
-47,22,-40,106,-42,34,-80,-96,-69,-133,69,-33,175,37,79,54
274,-155,142,-369,360,-206,355,65,151,331,-92,405,-266,218,-360,-126
357,-190,259,-469,458,-253,423,132,204,506,-141,529,-436,189,-511,-233
119,-1,185,-22,122,16,6,73,-39,157,-65,100,-105,-67,-115,-144
-169,189,29,406,-241,271,-403,15,-294,-239,9,-387,288,-325,398,13
-246,207,-37,460,-362,259,-477,-41,-297,-345,73,-490,389,-305,503,96
-225,101,-104,402,-371,103,-384,-233,-108,-358,217,-273,381,-77,321,147
-275,42,-234,485,-458,62,-370,-434,-13,-479,346,-175,463,55,261,234
-255,116,-174,531,-426,242,-408,-284,-167,-478,202,-326,459,-103,406,170
-63,217,165,279,-109,428,-325,221,-365,-167,-171,-406,154,-362,388,-102
164,156,402,-146,228,319,-66,506,-251,191,-300,-156,-239,-256,9,-276
158,-139,76,-434,220,-159,250,130,237,213,63,262,-298,250,-460,-7
-34,-426,-497,-429,-86,-626,391,-469,680,-47,559,451,-9,700,-623,465
-166,-439,-671,-266,-277,-676,276,-638,659,-225,670,320,233,689,-428,632
-135,-219,-334,-138,-181,-347,68,-353,335,-174,426,119,191,376,-195,382
-51,-50,-9,-67,-2,-57,-55,-79,67,-95,176,28,53,158,-105,110
-37,6,36,31,-27,64,-75,-39,-12,-118,85,-35,61,85,3,51
-61,46,-33,120,-149,109,-113,-10,-50,-148,13,-149,121,-34,162,79
-36,42,-20,48,-146,104,-63,63,-19,-71,-47,-150,38,-93,147,46
35,-86,-19,-205,54,-68,156,79,151,111,-29,68,-186,57,-125,9
152,-194,6,-429,303,-264,378,75,228,314,-57,331,-304,188,-355,-49
240,-85,154,-337,427,-203,323,157,-15,414,-214,325,-234,20,-226,-217
208,98,272,-33,310,0,67,189,-269,283,-300,103,-55,-170,56,-298
-3,94,46,163,-15,30,-101,-61,-142,-50,-37,-30,146,-38,144,-37
-254,-11,-318,241,-361,-97,-192,-374,136,-402,365,-133,355,209,111,366
-312,98,-244,404,-490,67,-441,-294,-76,-501,370,-374,515,-3,301,321
-118,420,320,566,-264,512,-715,187,-629,-266,-81,-573,427,-549,561,-230
116,516,678,456,76,674,-601,504,-804,50,-432,-442,120,-706,482,-605
144,213,388,92,195,327,-141,316,-355,134,-306,-87,-98,-289,117,-378
-7,-70,-109,-94,41,-57,99,-29,63,-21,28,22,9,87,-32,119
-112,-47,-188,17,-147,-60,-52,-96,58,-159,139,-141,185,35,103,233
-47,62,13,64,-97,92,-146,35,-71,-93,18,-138,85,-83,117,11
76,4,78,-105,84,16,95,47,54,66,-70,137,-162,72,-112,-130
86,-77,-68,-175,115,-135,252,-67,183,91,-32,272,-176,230,-187,-61
-11,-8,-104,35,-40,-64,44,-106,30,-68,11,42,68,94,45,38
-105,90,-29,230,-206,114,-237,-60,-119,-204,77,-223,231,-88,226,92
-156,32,-96,210,-299,111,-261,-125,-5,-277,198,-240,234,-28,161,199
-227,-18,-210,245,-405,42,-264,-247,75,-376,289,-235,303,32,189,279
-228,125,-94,427,-397,171,-419,-157,-173,-354,149,-355,389,-207,425,115
-9,265,280,329,-39,355,-335,233,-424,1,-263,-322,97,-481,406,-283
351,134,536,-198,524,282,202,597,-284,552,-618,134,-559,-399,-89,-614
483,-116,432,-575,697,-14,619,509,113,772,-571,540,-864,-50,-517,-565
197,-166,67,-337,252,-204,384,63,272,355,-118,405,-423,152,-379,-167
-184,-69,-248,103,-337,-175,-140,-278,196,-214,330,-56,200,119,6,240
-222,-70,-270,80,-377,-99,-192,-200,152,-283,353,-203,257,77,54,335
60,-125,-60,-252,67,-60,199,78,169,97,-9,94,-160,94,-192,56
253,-101,110,-339,397,-84,436,142,111,345,-254,394,-388,156,-311,-234
136,-96,8,-180,267,-200,315,-98,134,202,-74,421,-208,252,-271,-169
-54,-213,-272,-191,-35,-384,220,-315,372,2,282,313,-41,375,-304,164
-55,-329,-351,-396,-94,-437,319,-225,558,53,309,282,-164,382,-403,290
119,-222,-65,-440,134,-209,420,63,389,263,-39,306,-410,216,-373,9
235,-30,223,-289,356,70,353,258,94,337,-332,312,-517,62,-266,-311
161,28,214,-162,304,114,229,192,35,203,-240,226,-402,81,-245,-251
-18,-19,-10,-44,1,13,36,-20,111,-30,59,40,-97,109,-135,47
-139,35,-85,224,-247,4,-226,-186,-11,-224,203,-141,242,12,136,155
-81,149,70,351,-108,79,-294,-182,-221,-192,78,-96,295,-57,256,-36
125,79,224,0,326,44,71,46,-156,141,-173,207,-112,25,-52,-274
289,-89,228,-475,597,-27,505,323,90,462,-366,416,-599,97,-402,-344
229,-102,131,-447,414,24,498,362,155,436,-399,286,-633,-9,-290,-265
62,28,44,-15,47,46,131,84,34,138,-223,67,-207,-97,69,-159
-12,-8,-26,103,-54,-163,-4,-203,55,0,49,138,67,78,56,-32
70,-204,-77,-220,116,-430,206,-233,259,167,188,364,-37,290,-298,87
136,-243,-85,-371,187,-351,336,-34,292,276,72,311,-198,202,-377,83
63,-20,-11,-47,15,78,98,117,21,75,-115,-21,-118,-83,-26,-19
-28,176,82,270,-133,372,-189,112,-196,-164,-139,-234,46,-190,236,-95
-26,140,137,200,-147,290,-248,53,-131,-184,7,-184,73,-79,125,-53
-51,1,54,69,-219,88,-229,-17,33,-130,185,-133,110,-30,-11,93
-189,-31,-156,165,-427,-3,-285,-144,99,-242,302,-265,259,-71,112,265
-283,-40,-352,240,-516,-84,-246,-299,145,-347,340,-248,331,4,214,331
-175,-164,-370,-23,-301,-298,23,-356,308,-178,317,69,155,227,-21,260
14,-310,-257,-350,-21,-537,301,-289,446,127,270,387,-69,347,-333,167
32,-293,-210,-315,22,-508,262,-242,361,155,242,329,-12,270,-301,176
-156,-97,-247,56,-186,-200,-57,-230,96,-144,238,-77,250,79,69,279
-266,92,-176,352,-328,138,-353,-143,-161,-381,183,-399,395,-134,366,256
-133,174,110,333,-221,267,-396,83,-304,-185,-7,-387,255,-348,352,-17
115,139,350,89,55,144,-217,270,-296,223,-183,-133,-1,-429,122,-287
192,25,310,-107,177,-63,-34,223,-169,368,-151,71,-67,-283,-58,-274
10,-4,81,-8,5,-93,-118,-13,-89,56,75,-8,158,-89,29,-22
-221,128,-1,354,-312,170,-462,-133,-230,-357,196,-344,432,-155,349,112
-216,345,179,589,-368,487,-673,82,-469,-381,1,-577,416,-449,554,-68
23,352,356,333,-39,492,-369,376,-484,-9,-316,-405,32,-527,337,-318
215,77,219,-210,319,99,177,365,-125,304,-309,65,-298,-141,-147,-267
103,-253,-202,-472,258,-374,466,-94,349,164,87,385,-193,453,-415,135
-142,-339,-558,-296,-106,-538,334,-528,553,-237,481,314,152,721,-306,529
-249,-201,-533,-53,-332,-323,83,-459,399,-406,458,3,298,506,-43,585
-151,-2,-210,35,-230,65,-71,-2,60,-257,126,-295,160,48,126,344
-30,121,62,79,-71,283,-162,266,-186,-83,-97,-386,62,-240,188,107
26,82,89,76,45,155,-79,124,-157,-11,-77,-152,37,-128,80,-4
139,-88,13,-164,261,-167,249,-58,86,171,-48,317,-136,203,-236,-85
275,-193,48,-464,453,-313,513,0,242,374,-98,571,-389,359,-497,-172
181,-73,103,-292,265,-115,262,107,107,238,-97,284,-261,154,-287,-149
-108,181,69,309,-222,221,-363,-10,-202,-228,57,-274,221,-167,250,-27
-218,285,53,608,-380,332,-558,-95,-327,-369,71,-411,360,-293,461,-48
46,183,222,214,37,218,-128,141,-215,81,-216,-53,-114,-265,131,-323
302,102,442,-213,409,213,175,513,-185,481,-505,132,-504,-315,-129,-529
144,232,402,68,128,429,-163,483,-358,169,-387,-262,-157,-451,189,-316
-230,317,70,635,-421,538,-624,56,-452,-486,7,-688,496,-388,618,142
-313,147,-219,569,-449,279,-446,-274,-189,-615,240,-473,555,-17,475,386
-62,-175,-223,-98,-2,-109,173,-209,229,-145,174,108,35,321,-140,288
170,-292,-33,-554,304,-239,449,79,354,252,17,363,-361,319,-488,75
200,-139,170,-431,264,-74,243,242,162,297,-66,215,-326,71,-377,-100
213,-2,316,-216,248,42,102,263,-30,332,-186,180,-311,-105,-229,-314
311,6,374,-220,403,29,242,319,-57,490,-377,308,-456,-144,-243,-465
292,43,365,-173,403,142,239,420,-151,471,-472,139,-443,-268,-117,-390
120,198,367,70,186,434,-104,536,-391,186,-416,-339,-176,-486,197,-207
67,260,383,93,101,506,-272,582,-434,81,-338,-475,-72,-517,230,-182
160,55,303,-242,267,91,67,384,-107,289,-209,10,-275,-151,-178,-213
156,-217,-21,-418,253,-400,371,-60,304,320,49,435,-276,292,-443,-28
-138,-235,-365,-28,-179,-409,133,-459,345,-124,343,219,175,350,-117,318
-367,-19,-378,477,-565,-58,-379,-541,57,-537,445,-263,578,67,370,421
-295,75,-162,474,-505,79,-469,-360,-83,-441,339,-273,499,-73,356,203
-82,-31,-97,112,-196,-124,-125,-251,74,-148,229,58,196,106,6,58
-94,-77,-248,14,-119,-149,50,-247,138,-178,173,59,168,225,9,187
-225,95,-252,306,-240,236,-129,-124,-105,-413,11,-328,280,12,400,244
-166,291,27,437,-189,570,-270,168,-350,-348,-265,-489,132,-303,563,-34
76,227,268,158,104,390,-66,329,-265,99,-395,-152,-223,-316,184,-331
273,20,254,-213,363,-45,257,278,-46,455,-311,260,-392,-115,-275,-353
309,-74,216,-357,468,-187,350,227,-2,502,-232,348,-336,3,-362,-254
256,-40,245,-341,445,-60,281,274,-38,384,-253,222,-317,-8,-231,-231
135,-31,117,-293,260,-28,246,183,82,201,-165,168,-308,93,-183,-111
-52,-81,-209,-109,-64,-135,144,-124,225,-84,123,73,-42,249,-120,183
-204,-9,-283,207,-286,-79,-152,-300,84,-332,304,-124,314,166,90,313
-113,147,64,367,-165,185,-368,-127,-248,-257,117,-200,327,-99,229,14
101,187,367,190,138,261,-196,133,-290,49,-154,6,-22,-178,77,-348
180,55,212,-57,229,85,133,122,-71,181,-213,216,-227,15,-115,-301
110,-9,-54,-74,168,-43,233,-1,5,91,-156,170,-85,88,-41,-85
190,67,143,-60,337,72,173,179,-235,184,-335,82,-60,-75,109,-215
472,141,614,-360,818,202,323,627,-394,614,-723,252,-481,-231,-97,-646
703,73,826,-734,1106,174,615,912,-256,954,-884,500,-957,-164,-495,-836
564,14,602,-682,852,160,585,802,-69,780,-685,389,-900,-74,-543,-586
205,49,299,-247,279,236,161,455,-58,274,-328,7,-423,-143,-169,-234
-63,35,49,7,-111,159,-85,143,27,-44,-29,-165,-114,-123,57,13
-100,-132,-207,-198,-152,-164,120,-49,325,-33,154,10,-137,165,-137,203
-24,-267,-341,-457,-15,-382,378,-100,490,58,210,201,-196,396,-389,320
74,-175,-132,-346,137,-252,284,10,239,123,92,164,-113,250,-303,198
139,-15,189,-112,209,-31,56,115,-82,187,-87,77,-60,-42,-85,-82
91,9,155,-17,112,-38,6,46,-45,164,-76,106,-68,-70,-54,-150
-102,-57,-179,40,-191,-143,-9,-178,177,-64,162,42,37,62,-48,84
-281,-9,-340,262,-464,-24,-238,-256,100,-349,310,-255,306,2,157,289
-228,129,-98,354,-378,206,-404,-53,-172,-328,144,-438,351,-229,342,187
65,130,224,73,60,235,-116,257,-238,83,-218,-183,-35,-272,168,-140
314,21,345,-306,461,50,332,377,-79,472,-460,248,-461,-98,-166,-380
289,-2,327,-287,471,-13,308,267,-70,431,-367,332,-388,-35,-193,-394
54,103,251,73,129,56,-157,67,-232,82,-65,14,72,-147,79,-212
-152,126,79,289,-222,96,-460,-75,-250,-215,217,-297,394,-198,238,65
-201,84,-87,232,-341,91,-360,-53,-85,-263,228,-360,298,-151,198,200
-128,179,53,246,-218,293,-278,127,-175,-179,-56,-367,89,-269,281,5
-15,422,476,453,-11,643,-473,383,-612,-98,-394,-471,60,-574,544,-360
50,525,676,516,96,739,-594,462,-801,-60,-463,-485,125,-657,619,-506
6,244,293,220,-30,328,-339,194,-350,-71,-130,-258,100,-272,255,-211
-120,-176,-333,-153,-238,-318,97,-291,404,-100,366,128,26,300,-246,271
-151,-421,-576,-279,-238,-649,339,-578,733,-69,535,416,-32,578,-452,450
-7,-315,-319,-234,65,-521,399,-386,449,123,217,446,-111,393,-329,201
159,-50,31,-148,340,-125,315,40,-13,249,-241,258,-191,50,-69,-149
113,132,139,10,238,198,104,223,-224,107,-349,-21,-122,-124,141,-233
-29,93,1,115,-55,176,-75,30,-90,-133,-59,-108,35,-25,138,-33
-10,-142,-128,-102,-29,-188,110,-184,230,-35,189,181,-17,245,-197,131
208,-346,-77,-540,327,-493,540,-74,444,409,71,555,-390,369,-602,41
297,-240,105,-606,463,-317,564,260,300,602,-207,452,-592,105,-559,-154
123,136,279,-64,116,252,-25,473,-178,256,-333,-200,-293,-380,30,-218
-56,388,364,414,-162,593,-522,445,-551,-122,-281,-663,127,-625,492,-163
61,242,316,187,147,326,-224,326,-439,46,-279,-294,56,-335,254,-163
298,-101,169,-410,632,-199,465,193,-4,448,-280,424,-359,155,-335,-239
211,-233,-33,-510,481,-328,543,33,252,360,-107,509,-378,324,-458,-89
-159,-36,-182,15,-202,50,-93,-54,76,-225,178,-195,134,47,53,246
-310,210,-78,407,-514,450,-617,97,-285,-511,190,-756,454,-342,470,286
-17,248,317,195,-48,446,-401,401,-428,-32,-176,-450,84,-492,275,-179
381,119,641,-227,553,159,120,545,-289,640,-501,258,-512,-394,-217,-714
445,7,590,-335,597,-13,299,407,-90,736,-474,520,-641,-221,-395,-754
197,-2,221,-159,199,18,124,198,-17,302,-204,190,-266,-103,-168,-307
-16,19,-72,-38,-79,74,-5,93,-11,-47,-22,-137,36,-51,53,62
-6,-3,-44,-66,-12,14,47,63,9,4,-32,-68,-3,-11,18,37
133,-19,151,-110,198,-78,168,65,44,233,-155,244,-239,4,-128,-224
235,9,285,-152,385,-58,259,124,-10,378,-301,390,-384,16,-201,-412
249,92,283,-160,491,100,287,256,-165,330,-419,281,-351,-7,-127,-413
173,180,234,-33,411,256,133,290,-314,137,-403,31,-165,-71,50,-302
42,258,261,254,139,377,-187,206,-412,-72,-274,-205,68,-220,284,-197
-42,302,321,471,-95,424,-472,128,-465,-169,-138,-351,237,-379,405,-179
-58,230,241,345,-160,285,-491,103,-396,-144,17,-358,316,-351,308,-94
-100,-4,-89,9,-154,-85,-251,-51,-90,-136,279,-207,356,-45,32,187
-138,-243,-424,-216,-174,-424,61,-295,284,-137,482,31,306,288,-232,450
-49,-248,-372,-189,-88,-407,221,-302,364,-12,319,198,65,309,-290,323
124,-34,40,-41,139,-74,186,-11,74,179,-109,207,-191,49,-153,-101
168,91,219,-17,229,84,68,156,-133,186,-212,111,-173,-56,-82,-239
29,-77,-83,-186,74,-189,75,-89,90,-18,170,122,68,241,-203,115
-34,-264,-352,-343,0,-490,237,-324,392,-70,435,275,129,544,-389,373
142,-90,-55,-261,251,-258,279,-50,121,142,17,304,-96,300,-281,-5
319,315,475,37,523,324,87,481,-529,333,-639,13,-229,-293,140,-560
210,379,390,198,356,463,-85,506,-654,170,-617,-266,-39,-456,372,-441
-63,-85,-332,-36,-100,-119,113,-134,89,-130,113,-94,198,123,34,300
-192,-519,-786,-331,-317,-671,408,-647,799,-232,646,324,144,710,-427,740
-56,-332,-373,-241,-133,-437,292,-409,539,-71,359,341,-23,499,-334,355
153,215,418,112,155,269,-162,307,-342,155,-314,-100,-80,-288,166,-332
254,383,715,159,301,533,-310,665,-685,305,-567,-315,-105,-665,313,-556
217,38,347,-162,269,93,22,333,-175,318,-213,39,-185,-218,-121,-257
29,-281,-179,-240,53,-345,238,-274,344,46,267,361,-39,362,-359,158
-235,-154,-381,207,-294,-246,-76,-582,209,-377,432,102,392,355,79,341
-335,68,-306,547,-459,31,-383,-453,-133,-508,266,-294,618,-39,534,272
-139,-13,-163,203,-233,-31,-149,-148,-55,-129,75,-168,252,-162,274,107
105,-195,-58,-346,123,-285,287,22,269,281,38,275,-223,99,-342,-14
145,-96,76,-325,208,-200,217,85,170,245,28,271,-248,174,-387,-96
45,227,298,165,107,257,-224,183,-325,-8,-144,-128,46,-166,120,-225
36,373,459,383,98,531,-398,328,-585,-36,-348,-322,52,-453,398,-374
44,185,323,158,139,310,-154,235,-282,70,-258,-116,-105,-264,153,-261
-66,-98,-91,-70,-42,-123,48,-115,179,-45,142,65,-29,163,-111,167
-146,-221,-358,-125,-192,-363,106,-362,369,-168,379,105,158,388,-133,431
43,-248,-207,-267,73,-397,340,-225,321,123,121,335,-57,310,-229,165
327,-292,68,-539,542,-378,664,14,310,546,-225,702,-513,272,-498,-270
257,-281,2,-533,478,-363,628,-45,382,412,-90,679,-488,407,-555,-164
-100,-230,-322,-200,-87,-317,196,-344,422,-173,359,245,35,495,-285,329
-175,-155,-337,-50,-325,-216,-29,-347,342,-321,442,-7,223,386,-124,444
135,-67,80,-216,88,-82,163,75,161,158,-11,169,-210,123,-240,-40
314,80,360,-262,426,105,263,401,-95,433,-413,220,-468,-91,-232,-389
57,196,122,107,79,277,-59,235,-242,-21,-226,-192,-38,-152,140,-107
-291,179,-259,432,-463,274,-418,-119,-175,-526,212,-542,472,-106,405,337
-221,58,-224,256,-412,119,-300,-113,-29,-354,243,-375,330,-95,202,272
93,1,87,-151,115,31,63,223,-27,197,-118,-9,-172,-157,-105,-111
184,38,213,-239,340,67,176,383,-130,347,-319,23,-301,-205,-90,-223
4,66,43,-8,70,112,-22,180,-141,40,-132,-173,-8,-159,108,10
-120,41,-84,211,-235,95,-210,-62,-72,-188,109,-257,228,-111,186,187
-72,65,-4,281,-236,114,-248,-69,-109,-150,84,-216,213,-139,192,89
-10,102,63,244,-92,132,-165,1,-168,-95,-44,-146,155,-120,191,15
-14,-8,-52,62,-41,-38,13,-118,36,-115,55,2,95,150,32,144
-16,-221,-217,-204,-41,-277,211,-272,396,-81,275,253,-35,460,-301,282
15,-209,-152,-228,-26,-194,187,-153,358,-9,228,222,-129,339,-354,185
40,137,143,127,17,319,-74,242,-194,-3,-227,-179,-90,-220,141,-156
62,459,408,428,125,750,-268,539,-673,-11,-671,-478,-85,-618,581,-458
100,396,420,314,215,628,-137,443,-535,32,-621,-267,-207,-405,432,-476
78,110,193,8,183,184,45,131,-86,12,-199,72,-202,72,-25,-200
-7,-27,-4,-105,67,-54,27,-50,61,-66,113,73,15,215,-122,75
14,-4,33,-85,85,-14,-37,58,-109,-8,21,-72,144,0,49,67
150,-8,185,-209,281,7,109,256,-166,258,-240,40,-96,-158,11,-185
244,-37,231,-337,378,-21,283,349,-35,448,-340,207,-381,-144,-181,-340
124,45,142,-166,203,84,156,325,-65,295,-299,30,-326,-195,-85,-256
-21,198,120,123,46,304,-111,304,-278,33,-282,-286,-88,-336,235,-176
24,237,265,136,155,333,-166,322,-381,39,-318,-238,-35,-338,275,-256
139,140,343,-45,250,166,-56,259,-241,170,-234,9,-129,-165,20,-309
34,105,184,65,19,104,-143,114,-143,42,-49,-69,1,-138,29,-131
-219,204,-55,439,-397,252,-441,-3,-237,-289,61,-475,317,-339,403,95
-321,224,-153,555,-529,316,-482,-49,-255,-388,29,-597,379,-428,610,142
-167,68,-141,215,-264,86,-116,-54,-9,-139,-42,-190,70,-179,296,34
22,-130,-180,-179,12,-229,313,-103,305,133,-32,270,-247,181,-161,-2
60,-186,-238,-265,52,-354,389,-153,370,151,54,344,-228,295,-321,82
-31,-97,-187,-84,-59,-221,105,-162,197,8,166,113,2,169,-172,129
-132,21,-85,132,-153,-12,-180,-151,-2,-171,213,-85,185,29,30,105
-194,80,-119,251,-175,130,-207,-189,-53,-341,159,-148,222,66,190,125
-182,42,-247,217,-128,98,-21,-232,14,-363,63,-89,164,192,210,179
-87,-26,-227,35,-5,-32,110,-160,63,-179,30,22,82,206,62,156
30,-58,2,-152,91,-131,14,11,-1,58,91,47,59,40,-117,18
83,-72,118,-213,76,-142,-68,83,-29,169,132,48,58,-82,-191,-41
117,-218,-93,-338,115,-319,256,-48,247,214,111,263,-110,150,-311,64
179,-471,-437,-682,313,-659,882,-241,702,351,63,708,-441,634,-631,201
227,-553,-529,-905,480,-816,1131,-252,845,446,29,900,-608,828,-808,202
145,-289,-263,-566,348,-458,640,-61,407,306,-19,481,-353,408,-460,70
6,101,58,98,22,116,-67,117,-176,20,-123,-148,40,-182,143,-81
0,236,183,362,-93,303,-274,134,-345,-58,-203,-265,125,-352,334,-165
138,116,193,93,133,94,-9,98,-177,132,-197,60,-79,-110,32,-251
181,17,178,-147,284,-63,121,120,-77,244,-124,220,-145,22,-189,-260
29,25,76,-10,69,-3,-74,36,-114,31,17,-1,71,-55,-4,-78
-179,-24,-148,205,-283,12,-229,-186,-17,-251,195,-210,306,-58,228,211
-158,-44,-173,179,-295,-37,-149,-207,65,-213,172,-136,234,-15,202,200
128,120,253,31,123,146,-38,224,-214,184,-261,-16,-93,-257,118,-309
400,343,794,-16,556,514,-60,769,-650,561,-768,-47,-399,-674,134,-875
379,297,762,-16,509,524,-69,743,-584,528,-717,-52,-422,-655,98,-782
35,-45,64,-73,17,10,16,72,40,98,-10,18,-94,-58,-84,-26
-285,-265,-572,-22,-455,-418,5,-510,461,-339,587,2,319,400,-117,616
-311,-142,-503,135,-476,-318,-138,-460,269,-361,490,-146,421,218,98,500
-93,56,-10,156,-136,20,-148,-33,-90,-50,0,-134,114,-168,205,-26
98,46,233,-63,167,59,54,189,-58,251,-237,96,-257,-184,-12,-297
139,-86,115,-264,231,-90,251,125,146,277,-152,268,-370,42,-250,-197
143,-80,65,-258,212,-82,270,115,133,248,-141,249,-310,72,-225,-164
215,16,274,-189,241,68,170,267,-45,323,-294,174,-325,-130,-111,-333
255,64,487,-201,254,176,29,399,-125,381,-338,121,-368,-267,-79,-438
184,126,533,-112,175,274,-150,425,-220,268,-262,-50,-238,-349,-11,-386
95,256,483,158,95,463,-326,428,-434,88,-277,-278,-54,-464,217,-349
43,321,362,327,76,493,-287,328,-491,-2,-355,-306,4,-449,350,-327
14,166,130,176,73,215,-49,114,-208,-1,-239,-94,-50,-154,196,-178
3,5,-35,-39,71,-34,106,-12,45,17,-63,73,-82,79,-3,-22
103,80,147,-60,200,96,82,183,-128,123,-215,30,-129,-66,26,-157
276,236,483,12,394,350,35,459,-385,307,-539,-4,-290,-317,104,-489
308,162,459,-53,401,233,144,373,-225,365,-506,164,-388,-197,-19,-488
116,-93,39,-173,146,-173,251,-61,208,161,-55,323,-250,197,-197,-93
-35,-201,-219,-171,15,-336,240,-285,332,14,183,306,-79,317,-207,139
100,-82,27,-141,241,-149,234,-21,69,202,-105,256,-194,71,-120,-130
331,56,418,-215,514,80,299,363,-134,488,-490,301,-481,-143,-149,-482
319,74,428,-232,405,136,217,407,-92,415,-421,204,-464,-114,-175,-409
30,82,114,28,-35,174,-104,133,-65,-41,-18,-129,-11,-48,9,-8
-244,75,-197,372,-414,207,-408,-190,-104,-501,311,-431,481,-4,263,374
-355,23,-412,459,-578,108,-395,-412,8,-670,466,-419,631,120,327,560
-352,-83,-517,307,-565,-60,-200,-482,229,-602,468,-259,467,268,223,581
-264,-83,-393,168,-466,-91,-113,-320,256,-370,333,-176,251,160,125,409
-84,-17,-85,82,-215,-13,-140,-61,58,-85,138,-114,84,-55,37,87
57,-21,81,-45,5,-56,-58,3,-6,82,74,69,9,-22,-128,-80
36,-125,-88,-130,-8,-219,79,-179,169,-5,204,201,53,240,-210,68
-115,-154,-330,-31,-178,-259,93,-339,245,-216,285,100,204,347,-53,304
-184,-80,-334,138,-220,-152,-36,-304,88,-263,224,-86,306,132,176,309
-109,-75,-185,85,-96,-205,-64,-228,-5,-97,182,-34,290,30,110,176
6,-172,-124,-179,78,-387,107,-227,135,70,225,244,130,216,-191,101
108,-188,-56,-348,240,-352,286,-122,221,167,112,383,-100,345,-338,19
173,-17,149,-230,337,-3,257,143,4,204,-205,240,-251,124,-172,-176
143,158,290,52,225,260,22,271,-246,157,-357,-27,-170,-182,102,-273
-8,179,173,266,-78,242,-227,98,-249,-34,-146,-190,89,-274,262,-161
-141,119,10,313,-265,138,-310,-55,-163,-146,36,-230,205,-267,287,-46
-65,113,113,209,-86,183,-203,98,-197,9,-114,-185,33,-339,210,-152
136,114,294,5,236,207,1,337,-255,260,-345,-75,-203,-344,81,-292
190,64,243,-148,306,94,153,314,-137,292,-316,52,-252,-146,-68,-217
112,-1,71,-147,135,-10,166,135,29,153,-142,83,-182,37,-101,-55
91,7,98,-116,105,24,111,160,33,180,-146,72,-228,-64,-112,-134
244,23,321,-238,307,34,161,370,-56,459,-303,165,-408,-246,-229,-381
394,-57,402,-472,512,-132,337,432,2,700,-353,378,-545,-178,-431,-466
383,-130,294,-543,511,-237,444,313,120,625,-260,452,-503,23,-481,-339
206,-44,179,-251,279,-52,210,160,23,264,-153,228,-236,47,-230,-164
-45,155,100,255,-78,232,-248,12,-224,-180,9,-188,196,-108,181,-23
-202,240,-30,575,-317,277,-511,-195,-350,-449,149,-378,536,-154,432,89
-146,175,-92,456,-192,123,-309,-241,-274,-317,74,-192,440,-72,383,27
53,104,75,143,160,72,31,-16,-216,50,-220,59,26,-94,197,-206
72,139,244,59,198,197,-56,215,-282,122,-267,-63,-63,-250,183,-269
-211,187,60,321,-292,266,-539,33,-314,-340,193,-496,430,-275,350,131
-440,141,-265,513,-702,136,-753,-316,-176,-723,615,-666,835,-76,424,537
-201,23,-191,238,-346,-22,-320,-230,-16,-360,359,-266,423,54,162,329
266,-48,273,-280,391,-25,302,258,1,403,-308,294,-400,-42,-221,-305
420,-24,499,-420,612,61,381,457,-76,650,-527,419,-629,-176,-300,-598
111,14,180,-48,144,67,1,97,-97,140,-121,95,-79,-103,-24,-239
-242,8,-247,309,-320,-20,-268,-341,-29,-397,309,-183,434,89,237,271
-285,-33,-369,299,-346,-57,-189,-384,54,-429,302,-202,406,119,264,392
-229,-31,-303,186,-285,10,-98,-200,77,-296,151,-209,214,24,217,283
-251,-6,-327,186,-372,102,-159,-160,81,-379,198,-297,225,11,186,301
-207,-80,-365,61,-312,-18,-60,-224,215,-363,327,-149,179,244,-54,387
46,-293,-282,-384,116,-411,391,-254,493,43,307,400,-162,581,-564,302
264,-477,-183,-745,443,-741,762,-244,685,431,223,857,-450,751,-909,136
187,-353,-152,-506,274,-552,570,-218,509,325,141,655,-328,516,-616,52
-55,43,-49,156,-100,101,-51,-47,-23,-90,-23,-55,24,-38,91,-20
-167,347,183,558,-215,599,-471,199,-482,-276,-230,-537,177,-492,559,-160
-137,312,207,488,-160,460,-452,166,-462,-189,-197,-453,181,-476,503,-195
-184,63,-144,300,-287,-15,-238,-216,-70,-203,139,-166,285,-97,259,88
-259,-83,-442,253,-440,-196,-127,-437,175,-374,375,-138,406,169,159,405
-178,10,-266,185,-256,67,-101,-127,4,-315,155,-269,259,47,165,327
52,111,143,-43,173,238,9,309,-213,47,-234,-191,-81,-151,91,-76
136,-2,126,-244,285,-49,182,188,-34,237,-182,152,-204,-5,-106,-200
-89,-301,-379,-261,-134,-567,259,-439,511,-7,395,375,22,460,-331,255
-359,-497,-817,-164,-605,-800,158,-867,908,-359,933,297,278,744,-430,786
-388,-404,-721,-48,-662,-557,-15,-712,762,-424,882,65,287,537,-305,789
-250,-102,-292,176,-414,-109,-156,-332,250,-272,359,-99,191,94,43,315
-190,164,-36,505,-291,225,-326,-188,-198,-306,-4,-243,276,-182,442,-9
-298,238,-76,685,-383,322,-510,-274,-317,-541,120,-413,516,-142,587,148
-313,162,-116,506,-396,229,-522,-249,-207,-574,314,-449,540,-37,386,325
-63,46,56,57,-94,85,-205,37,-76,-99,116,-172,127,-77,46,74
263,-24,288,-309,305,-48,229,324,-13,483,-314,218,-384,-194,-172,-361
279,-69,210,-342,312,-155,322,288,41,540,-351,280,-402,-184,-176,-353
-59,-71,-147,-77,-124,-196,-4,-66,72,21,143,-46,129,-24,0,130
-339,-44,-413,223,-494,-143,-337,-357,79,-446,521,-329,557,76,159,502
-230,2,-283,226,-372,-26,-240,-251,50,-328,328,-225,336,24,125,293
71,26,71,-26,54,44,78,91,27,125,-121,59,-190,-55,-76,-123
170,11,217,-173,234,7,130,217,-7,285,-188,145,-287,-65,-162,-220
-25,8,36,33,-7,-68,-104,-69,-43,-11,99,10,90,-7,-5,-7
-200,-20,-261,293,-248,-131,-155,-418,40,-295,279,-21,341,142,145,188
-134,-161,-436,112,-145,-310,224,-505,311,-196,214,247,117,404,-30,272
67,-376,-478,-440,176,-601,667,-381,605,92,175,543,-204,708,-474,371
136,-455,-398,-715,329,-736,714,-270,613,215,292,576,-174,765,-676,441
69,-273,-220,-401,191,-466,323,-191,291,86,269,294,54,443,-392,307
-5,30,6,103,-4,34,-90,-39,-100,-60,29,-59,138,-25,56,42
8,222,212,253,-24,338,-209,217,-297,-36,-232,-257,7,-286,267,-161
116,231,365,55,147,338,-124,427,-320,136,-350,-233,-161,-338,176,-259
184,143,376,-139,272,175,-6,438,-259,279,-330,-78,-209,-286,27,-304
142,-45,159,-233,212,-108,138,168,17,281,-120,147,-218,-43,-162,-153
67,-319,-235,-429,121,-495,420,-219,492,183,237,458,-226,451,-514,166
129,-494,-363,-690,269,-732,686,-369,735,205,370,751,-293,850,-816,295
317,-320,-13,-673,563,-466,662,-73,395,387,28,727,-386,611,-697,-38
339,40,371,-240,543,97,289,323,-183,407,-448,300,-349,-42,-153,-438
63,217,241,201,94,371,-103,307,-344,93,-411,-189,-97,-401,308,-347
-228,78,-224,246,-291,155,-140,-51,-21,-233,0,-274,108,-165,299,85
-151,-76,-303,-25,-112,-76,128,-135,186,-136,75,5,-32,135,-4,149
186,4,122,-200,357,74,319,213,-12,251,-330,225,-371,50,-152,-239
268,120,383,-116,433,264,235,387,-190,316,-517,140,-426,-126,-28,-393
4,48,46,82,-5,128,17,18,-16,-70,-87,-38,-43,29,96,11
-259,-125,-384,146,-412,-138,-131,-403,257,-404,423,-126,329,257,76,452
-227,-156,-373,73,-412,-164,-106,-322,259,-296,425,-123,297,141,-7,417
-26,-119,-117,-116,-165,-83,17,27,153,51,107,-77,-6,-81,-89,137
122,-150,1,-354,96,-172,246,177,208,300,-59,128,-253,-34,-235,-6
213,-212,24,-481,308,-280,458,111,290,403,-110,383,-399,180,-406,-74
232,-133,141,-312,343,-163,369,92,167,367,-173,397,-382,124,-333,-210
36,4,93,51,-12,32,-6,-5,41,83,-30,100,-125,-47,-68,-132
-248,-43,-224,250,-471,-81,-267,-344,205,-296,378,-110,217,57,64,234
-248,-167,-397,60,-403,-315,-64,-466,405,-282,489,63,196,313,-113,369
130,-124,-39,-283,254,-251,345,-42,217,234,-34,367,-281,246,-340,-70
361,43,325,-330,615,32,457,411,-88,552,-539,368,-590,-66,-276,-488
36,87,31,44,94,119,99,107,-46,74,-220,10,-190,-87,58,-143
-485,28,-514,538,-718,42,-408,-539,130,-726,477,-399,543,129,419,519
-515,180,-354,780,-760,276,-697,-482,-157,-844,454,-610,758,-66,633,454
-10,471,446,627,-37,711,-578,313,-756,-184,-361,-532,265,-620,615,-353
355,453,768,235,507,656,-159,726,-801,417,-822,-187,-269,-726,324,-804
219,48,185,-131,330,18,223,230,-118,330,-318,178,-282,-102,-112,-308
-119,-280,-456,-222,-135,-446,233,-375,446,-116,398,216,72,439,-302,400
-245,-185,-436,-38,-354,-277,-85,-365,294,-346,517,-98,348,297,-61,527
-208,49,-147,226,-317,54,-322,-164,-80,-346,254,-313,407,-14,250,276
-202,37,-222,328,-295,30,-198,-338,-17,-407,201,-145,357,143,270,237
-230,-70,-454,296,-283,-115,43,-585,232,-475,279,95,262,462,109,339
-170,-1,-316,246,-173,24,31,-345,120,-366,123,18,153,292,117,220
-58,106,14,188,-74,176,-137,52,-186,-108,-96,-204,106,-164,243,-25
26,-7,74,3,-17,-73,-106,48,-99,98,9,-86,113,-185,82,0
103,-258,-66,-303,83,-481,197,-176,286,242,238,332,-20,207,-359,123
260,-242,64,-493,366,-427,422,-15,312,414,55,543,-341,328,-602,-66
344,82,469,-305,525,140,248,477,-136,485,-451,247,-526,-115,-272,-496
173,411,624,175,251,659,-249,677,-608,199,-632,-329,-257,-616,363,-611
-135,453,382,599,-247,723,-690,362,-681,-265,-287,-714,290,-701,737,-253
-263,221,24,545,-427,372,-631,-44,-365,-460,163,-584,537,-342,539,159
-113,-128,-188,27,-129,-174,-62,-280,116,-197,323,22,263,221,-56,290
57,-408,-367,-469,210,-627,535,-409,539,118,312,596,-102,657,-524,271
30,-389,-420,-424,143,-587,550,-420,554,71,273,561,-119,651,-464,270
-114,-49,-199,60,-115,-71,-27,-207,74,-206,184,-27,186,169,45,197
-180,247,112,432,-229,393,-512,41,-393,-357,53,-464,391,-260,422,31
-150,201,130,384,-186,319,-454,-27,-324,-332,70,-320,351,-169,357,-3
-145,-36,-151,162,-227,-38,-152,-296,77,-298,269,-19,274,183,87,190
-168,-87,-263,122,-327,-108,-108,-300,186,-278,319,-45,244,177,24,280
-112,72,-23,183,-254,118,-265,-19,-78,-155,121,-224,172,-156,131,53
-25,119,189,145,-65,158,-272,90,-217,-22,2,-141,88,-240,117,-161
-86,-28,-28,85,-31,-93,-122,-197,-2,-96,176,80,155,69,-2,14
-208,-112,-358,159,-196,-223,-26,-454,157,-291,342,60,314,272,43,321
-171,-45,-315,205,-175,-107,-1,-301,63,-216,133,-52,242,94,159,247
77,24,49,9,129,-12,130,70,-66,167,-212,76,-118,-115,54,-158
250,-15,289,-226,370,-52,238,213,-39,414,-292,321,-360,-87,-178,-389
175,-16,225,-179,274,-23,126,127,-36,249,-146,229,-205,1,-184,-260
31,103,161,71,80,151,-114,121,-192,10,-96,-88,32,-129,94,-105
31,198,253,175,62,254,-195,226,-313,47,-217,-200,3,-315,227,-210
57,141,292,111,39,162,-180,200,-227,133,-177,-103,-55,-321,159,-251
-80,19,33,132,-214,-11,-238,-67,-33,-60,128,-114,164,-151,117,16
-243,-40,-322,220,-425,-137,-241,-325,92,-326,371,-200,409,34,168,335
-185,-95,-381,110,-254,-209,-18,-343,158,-236,291,-53,274,179,55,318
9,-108,-96,-112,61,-193,142,-153,169,25,109,197,-52,195,-169,68
18,-31,116,-32,61,-11,-63,-46,17,-3,111,108,-17,93,-133,-31
-153,95,36,257,-196,171,-375,-112,-163,-306,198,-234,309,-40,192,96
-185,87,-120,270,-210,136,-249,-117,-146,-320,89,-271,323,-64,337,147
33,-2,-5,-91,85,14,137,103,-14,85,-193,4,-108,-55,108,-64
197,40,305,-251,243,115,127,408,-75,342,-333,40,-366,-235,-61,-319
65,230,415,93,16,405,-327,448,-362,108,-223,-318,-79,-487,178,-317
-181,325,196,493,-268,489,-610,168,-497,-300,-49,-562,343,-485,505,-117
-235,231,-48,524,-303,310,-431,-87,-353,-365,-3,-424,399,-287,548,18
-139,148,11,370,-190,218,-275,-60,-221,-216,-66,-254,212,-223,417,-31
-119,211,195,397,-205,320,-420,35,-289,-190,-50,-302,190,-319,387,-110
-179,199,147,471,-258,265,-502,-88,-268,-290,113,-299,297,-230,335,-44
-197,11,-130,252,-239,-63,-235,-328,32,-290,295,-36,265,124,84,138
-143,-144,-300,-33,-184,-254,52,-317,284,-165,320,123,92,300,-145,226
-103,-61,-185,-43,-213,-60,-9,-77,191,-109,166,-56,-2,92,-74,164
-108,85,-50,112,-232,159,-156,97,-30,-124,7,-259,28,-151,138,49
-48,33,-50,56,-121,64,-55,50,-14,-36,-35,-124,8,-96,97,15
95,-92,11,-214,122,-144,173,45,92,184,-58,159,-111,44,-136,-44
216,-40,247,-248,333,-90,157,195,-78,325,-182,187,-152,-59,-146,-211
161,188,386,87,269,210,-124,258,-412,177,-301,-41,25,-292,163,-342
-101,278,129,521,-124,302,-389,-44,-457,-219,-126,-291,363,-303,506,-152
-392,126,-380,643,-622,87,-459,-469,-97,-588,320,-378,626,-68,540,294
-422,-142,-621,320,-745,-225,-257,-596,342,-555,609,-207,496,197,181,551
-98,-314,-365,-271,-252,-433,179,-333,535,-51,438,243,-1,361,-352,332
297,-315,86,-652,388,-424,526,62,405,481,0,584,-458,328,-628,-107
348,-85,331,-445,480,-111,348,310,24,505,-285,362,-406,28,-338,-313
79,224,321,143,55,335,-242,335,-400,64,-262,-279,61,-396,265,-221
-104,330,255,465,-220,507,-550,238,-514,-225,-117,-566,309,-503,493,-93
-3,140,224,156,-21,211,-242,126,-215,-27,-45,-178,66,-200,112,-88
157,-82,160,-271,225,-135,169,113,102,261,-37,220,-225,65,-267,-98
76,-52,84,-207,44,-76,55,150,43,166,-30,3,-97,-72,-77,-23
-145,147,9,214,-284,219,-356,120,-217,-175,12,-439,248,-340,355,57
-170,194,40,330,-265,274,-423,41,-276,-264,66,-405,304,-287,353,30
28,62,154,43,82,76,-111,44,-118,16,-1,-3,26,-44,-13,-108
206,26,331,-152,360,25,99,210,-125,295,-216,170,-212,-60,-128,-263
237,139,429,-34,375,206,61,375,-309,306,-446,14,-228,-280,101,-351
209,166,342,10,340,272,108,334,-291,224,-483,16,-233,-216,159,-346
233,-12,126,-260,401,-16,378,151,33,243,-301,308,-346,165,-193,-225
220,-163,-7,-490,419,-260,498,54,252,277,-78,454,-371,390,-483,-74
106,-65,11,-249,215,-131,192,47,105,115,25,161,-149,210,-289,32
-89,118,18,249,-160,173,-245,-23,-132,-222,89,-245,187,-43,152,137
-227,125,-128,442,-444,217,-395,-213,-68,-447,217,-342,355,-28,313,247
-213,-25,-257,208,-409,-23,-215,-290,123,-356,319,-155,295,120,129,270
-42,-88,-133,-68,-111,-189,-38,-136,103,-34,219,43,136,82,-75,97
102,3,159,-85,140,-79,-49,79,-124,170,6,74,26,-103,-83,-155
71,125,239,126,53,130,-185,112,-222,78,-73,-35,30,-192,34,-240
-101,127,8,302,-248,162,-282,-57,-114,-194,71,-193,173,-123,183,-21
-246,56,-255,316,-447,47,-302,-193,-10,-351,247,-335,356,-61,247,295
-217,0,-259,203,-362,-15,-245,-127,2,-298,255,-372,349,-65,193,393
-42,33,22,39,-74,127,-99,146,-58,-36,1,-222,15,-146,50,103
221,160,432,-83,280,405,68,527,-196,299,-466,-43,-475,-320,-62,-418
399,298,743,-95,512,604,114,811,-403,537,-828,25,-720,-532,-10,-808
333,287,662,-37,436,488,-5,713,-457,472,-691,-81,-463,-548,87,-657
25,55,112,7,21,89,-91,166,-134,52,-82,-169,35,-172,86,3
-246,-192,-469,-6,-354,-249,-6,-386,319,-361,448,-89,312,342,10,544
-205,-217,-476,-61,-238,-235,170,-398,407,-318,340,97,125,462,-90,434
115,-21,59,-112,220,17,229,54,45,127,-174,221,-228,115,-129,-156
296,109,433,-133,452,116,138,357,-241,439,-416,210,-338,-205,-140,-494
183,50,246,-130,256,-44,80,192,-116,310,-188,158,-177,-105,-124,-291
-7,-2,-64,-79,59,-127,95,-57,69,35,15,118,-49,123,-73,-30
37,91,79,-18,192,102,87,95,-106,24,-172,55,-112,43,26,-139
224,223,468,-2,428,363,-2,430,-398,231,-458,-12,-241,-257,57,-439
236,171,510,-18,365,319,-41,412,-339,282,-381,1,-243,-285,-13,-416
38,23,126,23,35,60,-30,14,-3,29,-17,46,-64,-5,-49,-79
-151,-35,-211,174,-243,-94,-82,-304,128,-242,239,-19,195,179,41,219
-187,-1,-255,280,-305,-79,-185,-322,12,-303,244,-142,368,66,194,247
-135,-11,-218,208,-195,-107,-98,-250,-16,-169,139,-85,312,2,214,185
-72,-61,-235,81,-62,-151,127,-244,104,-107,29,76,105,169,116,143
-47,28,-156,98,4,19,144,-157,69,-143,-75,80,-25,206,91,56
-51,172,15,219,-60,222,-92,39,-137,-139,-117,-147,16,-46,163,-42
-45,95,2,123,-157,79,-151,79,-76,-11,-1,-196,52,-193,92,4
-25,-198,-231,-215,-130,-355,170,-104,321,133,180,90,-53,74,-183,210
12,-296,-323,-364,29,-468,389,-222,448,126,185,318,-114,347,-313,264
31,-24,-36,-87,159,-54,144,-21,4,37,-47,105,-34,120,-51,7
88,283,365,225,208,398,-205,321,-501,79,-373,-201,-5,-400,286,-370
182,291,509,186,283,443,-144,479,-516,287,-541,-169,-209,-573,267,-526
208,144,384,-22,292,279,101,423,-209,334,-478,-2,-387,-318,35,-371
50,111,150,69,37,283,-23,212,-86,-13,-181,-143,-174,-93,52,-40
-227,148,-113,364,-384,293,-354,-102,-93,-456,169,-390,288,-31,294,239
-291,2,-337,363,-504,-9,-294,-414,101,-496,367,-217,420,129,245,348
-101,-199,-336,6,-205,-351,108,-461,364,-168,341,235,130,372,-136,280
56,-206,-157,-236,79,-358,240,-232,300,57,242,329,-31,408,-356,190
-13,-98,-145,-132,-3,-193,25,-130,97,-82,264,20,184,237,-177,261
-157,-152,-377,-18,-194,-294,-8,-335,176,-238,369,-23,347,261,-14,381
-74,-294,-444,-150,-68,-464,299,-451,410,-66,295,328,79,434,-204,290
147,-180,-39,-242,206,-222,371,-115,286,193,-16,442,-297,306,-350,-52
196,153,384,2,202,326,-55,341,-200,161,-256,-25,-252,-179,-95,-306
-19,267,294,299,-97,487,-407,307,-409,-117,-155,-432,121,-400,292,-161
-182,-12,-202,198,-277,4,-192,-191,-27,-248,175,-195,298,-52,227,173
-98,-331,-433,-218,-110,-532,287,-483,470,-47,342,361,86,430,-233,289
127,-374,-237,-493,150,-568,489,-255,532,245,221,569,-215,491,-522,119
227,-176,61,-412,287,-244,381,81,215,340,-79,358,-306,195,-389,-83
219,17,220,-156,344,64,224,248,-96,281,-319,134,-263,-52,-95,-209
205,145,375,3,419,244,111,314,-296,253,-449,75,-268,-179,60,-358
199,184,481,-1,429,311,27,376,-344,282,-448,67,-313,-255,50,-486
127,85,275,-78,256,159,56,265,-162,213,-294,66,-253,-170,-4,-330
-31,-71,-191,-85,25,-140,207,-90,140,23,-40,104,-67,129,-11,68
-139,-134,-476,43,-137,-269,234,-377,263,-203,166,106,150,356,28,351
-175,-42,-351,221,-222,-129,-7,-395,116,-318,229,4,281,278,104,290
-206,28,-173,309,-334,-12,-265,-337,9,-339,294,-111,349,90,156,192
-247,-81,-280,261,-444,-108,-243,-418,166,-373,416,-106,368,131,121,333
-228,-195,-409,131,-375,-245,-34,-481,338,-340,444,-14,295,307,4,499
-74,-140,-261,-11,-96,-203,125,-263,248,-128,220,83,91,283,-119,328
96,-38,48,-115,174,-98,161,45,17,160,-72,140,-100,53,-147,-46
139,-37,99,-158,184,-82,129,99,-35,230,-108,138,-105,-63,-118,-162
25,-113,-104,-133,10,-158,118,-72,116,65,82,118,17,86,-106,77
-35,-164,-220,-146,-42,-215,154,-189,250,-52,206,123,33,256,-178,246
-26,-112,-132,-129,23,-162,143,-122,205,-13,122,131,-60,210,-175,137
-78,59,-2,105,-74,77,-93,-7,-27,-75,19,-84,6,-48,61,0
-232,288,54,477,-367,416,-518,77,-314,-359,28,-564,282,-341,444,74
-270,355,63,572,-482,543,-676,150,-403,-488,75,-786,414,-416,544,191
-124,124,-12,180,-242,163,-264,65,-96,-212,100,-350,183,-111,176,193
12,-221,-224,-203,-22,-383,228,-264,333,54,214,279,-15,293,-225,198
-99,-295,-375,-87,-188,-485,170,-532,428,-86,381,332,148,375,-159,303
-199,-63,-239,237,-391,-124,-223,-370,133,-297,369,-89,355,85,116,276
21,67,108,69,-103,96,-174,83,-63,-25,58,-131,50,-105,-19,0
336,-123,232,-496,410,-190,395,261,181,511,-166,416,-503,123,-553,-258
324,-349,-44,-677,429,-564,680,-32,518,541,4,741,-545,451,-750,-112
-50,-292,-407,-208,-128,-513,287,-408,493,-6,345,330,2,427,-314,296
-308,-82,-459,253,-540,-194,-216,-424,186,-403,440,-229,463,110,196,478
-203,-18,-228,194,-387,-56,-272,-207,13,-283,294,-278,406,-70,224,291
-18,-55,7,-7,-63,-86,-134,-98,-20,-34,183,-8,194,-3,-15,51
-5,8,113,56,9,-7,-211,-94,-119,-65,194,17,208,19,-43,-31
-56,133,165,213,-26,184,-346,-3,-260,-183,115,-182,262,-93,105,-15
4,130,153,117,50,219,-196,144,-249,-96,-52,-209,121,-126,139,-25
75,21,86,-89,128,97,51,153,-85,42,-135,-44,-51,-30,40,-27
89,-33,29,-149,123,-28,157,88,22,101,-129,82,-112,38,-25,-43
171,-9,80,-208,229,-98,240,157,16,272,-222,185,-236,2,-130,-173
328,-54,164,-406,465,-198,456,293,50,539,-344,359,-444,14,-353,-314
296,-184,9,-491,408,-328,520,144,202,484,-169,428,-370,167,-455,-149
-45,-253,-372,-201,-130,-391,215,-312,356,-41,292,199,108,330,-219,307
-362,-219,-646,167,-627,-340,-126,-612,393,-496,611,-112,507,327,96,611
-314,-169,-563,139,-539,-275,-99,-472,330,-394,483,-140,379,222,98,522
-58,-158,-298,-158,-86,-240,199,-143,278,1,143,84,-25,197,-171,217
86,-195,-201,-331,172,-257,416,-44,307,171,-11,292,-248,279,-325,81
59,-236,-251,-327,145,-342,466,-159,371,137,21,366,-232,357,-297,113
76,-202,-169,-316,180,-359,405,-112,292,208,-5,347,-203,282,-238,53
167,-28,155,-217,287,-158,177,130,-42,295,-152,177,-144,-10,-130,-160
164,245,451,97,264,275,-204,363,-475,176,-292,-152,19,-339,142,-326
70,399,493,381,121,573,-427,414,-659,-35,-353,-405,130,-502,402,-338
37,275,342,251,70,474,-268,346,-430,-21,-312,-310,-2,-381,313,-258
63,12,151,-151,131,96,51,214,-6,128,-112,12,-208,-50,-106,-108
18,-184,-97,-320,43,-246,175,-59,284,67,201,184,-105,271,-340,155
-154,-170,-397,-17,-234,-347,26,-406,273,-255,417,51,307,363,-89,425
-302,-11,-502,435,-437,-129,-186,-526,13,-489,315,-203,602,129,381,431
-242,189,-203,620,-310,238,-314,-229,-334,-394,-51,-377,500,-267,637,95
-2,298,261,391,52,502,-251,255,-490,-50,-392,-293,49,-463,444,-337
186,219,422,-18,334,412,-1,469,-331,229,-473,-65,-316,-333,68,-448
132,20,148,-211,246,55,159,256,-50,219,-242,70,-241,-69,-76,-177
-102,-77,-224,-50,-140,-197,11,-124,90,-71,141,-59,175,29,69,204
-232,-77,-355,109,-370,-264,-177,-327,112,-271,392,-143,446,81,134,347
-68,-120,-233,-101,-132,-277,40,-241,212,-93,297,98,156,262,-155,240
201,-177,-3,-441,336,-256,454,15,300,250,-31,434,-352,393,-474,-20
282,-57,224,-385,471,-26,397,232,88,345,-257,376,-457,178,-382,-232
147,100,319,-65,225,193,-37,256,-180,170,-188,50,-182,-151,-45,-308
34,-24,124,-107,13,-64,-77,23,29,90,100,89,-44,-23,-151,-133
48,-403,-314,-548,-1,-649,413,-297,642,185,400,502,-171,508,-602,248
2,-512,-553,-614,-71,-783,559,-432,832,107,506,520,-144,704,-665,511
-145,-112,-276,-37,-239,-168,10,-205,284,-193,303,-45,93,234,-117,363
-82,261,186,305,-141,396,-364,184,-258,-180,-74,-361,44,-263,231,-80
183,75,293,-184,259,117,114,325,-44,291,-261,119,-403,-107,-197,-321
336,-369,-16,-798,446,-580,722,68,552,618,-43,718,-614,392,-763,-122
183,-444,-245,-678,187,-760,593,-244,658,408,265,686,-307,513,-695,127
60,-188,-55,-231,28,-364,162,-203,293,151,204,359,-101,245,-314,-4
216,-79,256,-276,354,-103,239,93,96,325,-129,410,-370,112,-340,-321
359,-211,262,-579,599,-193,532,204,202,526,-212,596,-558,244,-561,-311
135,-202,10,-329,252,-198,288,-25,208,170,54,311,-162,263,-324,43
-198,22,-170,255,-264,46,-211,-237,9,-352,215,-192,289,94,206,270
-214,69,-230,308,-270,106,-129,-216,30,-345,78,-184,155,77,267,186
-47,-134,-280,-143,-22,-213,273,-164,296,2,60,193,-145,256,-147,128
-88,-221,-312,-161,-189,-371,96,-253,320,-20,339,121,93,201,-206,266
-286,36,-153,384,-557,-11,-566,-264,-84,-371,443,-400,576,-204,287,295
-252,295,116,659,-465,426,-695,-14,-421,-387,64,-595,468,-485,596,7
-12,231,178,284,-37,416,-154,205,-277,-81,-323,-243,-68,-281,357,-219
26,29,-51,-21,38,108,141,72,4,-24,-192,-3,-119,30,87,-53
-133,44,-136,159,-201,17,-182,-118,-63,-229,120,-186,279,-4,206,153
-50,211,198,275,-74,230,-368,112,-371,-123,-48,-315,261,-279,311,-70
262,223,553,-55,424,356,-15,520,-401,328,-486,-31,-305,-324,18,-457
305,89,419,-259,461,230,242,463,-125,367,-445,163,-489,-76,-213,-388
-58,20,-48,77,-126,58,-57,-51,57,-137,88,-63,32,82,-17,82
-251,59,-220,356,-447,-11,-358,-298,-17,-364,332,-260,425,-12,228,260
50,-12,86,-41,50,-109,-43,23,-57,137,6,50,30,-89,-33,-94
374,-203,288,-647,556,-332,492,262,188,646,-199,556,-534,124,-570,-331
183,-344,-61,-620,230,-553,468,-86,520,387,184,585,-388,409,-672,-3
-287,-252,-515,14,-534,-483,-80,-572,519,-303,661,81,266,387,-202,478
-401,25,-380,467,-700,-71,-487,-446,77,-508,515,-361,559,-48,300,390
-68,250,264,390,-123,342,-438,152,-426,-96,-124,-347,220,-448,390,-186
265,246,602,72,426,369,-79,427,-480,306,-497,17,-204,-367,145,-558
254,22,268,-157,440,-52,290,97,-67,328,-310,395,-288,77,-146,-369
99,-234,-225,-286,193,-474,447,-291,352,193,78,537,-155,414,-337,9
82,-259,-206,-339,128,-462,355,-222,356,200,180,433,-109,336,-398,90
217,-80,239,-302,286,-111,159,169,41,340,-59,250,-239,10,-332,-167
346,74,540,-222,453,152,110,457,-203,494,-380,189,-405,-249,-231,-470
356,95,470,-197,458,108,204,435,-220,547,-498,233,-434,-291,-131,-559
233,55,235,-146,308,-36,168,230,-162,401,-334,200,-218,-221,-36,-424
47,58,92,47,82,-29,-40,10,-147,93,-86,64,61,-104,78,-191
-70,119,13,276,-107,92,-191,-128,-153,-185,37,-98,206,-13,195,9
-71,176,-1,362,-149,217,-189,-58,-195,-214,-74,-183,180,-82,286,-15
26,272,175,314,-37,339,-229,200,-379,-24,-269,-253,84,-365,335,-253
108,343,473,222,141,460,-355,451,-585,130,-373,-315,22,-567,311,-464
105,248,453,94,209,367,-285,378,-457,63,-230,-236,13,-341,163,-307
-12,-50,-77,-143,68,-70,50,-54,75,-135,151,1,76,283,-116,236
-120,-384,-644,-403,-132,-598,398,-479,615,-223,531,259,161,753,-388,677
-78,-485,-630,-525,-89,-769,477,-489,713,-25,549,409,40,701,-533,566
76,-315,-169,-463,139,-482,376,-158,471,234,221,443,-242,366,-512,120
81,-152,10,-254,155,-192,251,-59,267,166,49,329,-274,235,-335,-39
-170,-151,-399,-3,-197,-231,122,-409,324,-277,322,139,134,416,-101,320
-377,-258,-772,93,-499,-493,-2,-771,453,-545,687,42,515,567,-6,653
-280,-279,-569,-33,-365,-550,12,-604,417,-268,588,126,371,378,-94,468
-10,-168,-104,-163,-39,-338,104,-119,222,190,140,197,-88,-1,-192,6
82,-31,90,-74,17,-43,59,127,44,234,-111,68,-207,-193,-88,-174
-28,76,39,157,-112,130,-130,25,-88,-51,-37,-110,37,-151,99,-56
-16,127,130,215,-25,202,-187,12,-181,-134,-40,-131,117,-62,164,-36
125,102,298,36,206,208,-11,191,-189,88,-239,2,-133,-83,61,-188
144,28,202,-107,245,117,156,239,-72,204,-295,55,-260,-76,-6,-158
26,-39,-66,-112,68,-5,147,63,40,37,-82,-8,-76,36,-10,66
-6,-31,-63,-83,63,-9,38,25,-5,-54,57,-62,59,105,-62,147
82,36,181,-84,162,90,-55,138,-133,16,14,-34,23,26,-94,-8
21,35,119,50,2,68,-152,12,-108,-52,57,-37,116,-22,-2,-17
-199,-56,-268,250,-325,-146,-184,-425,76,-322,337,-25,398,154,146,228
-285,-143,-451,233,-318,-280,-102,-597,181,-399,435,56,445,300,133,327
-107,-59,-153,56,-3,-107,5,-214,30,-146,128,63,145,149,44,100
49,121,178,60,97,241,-82,257,-229,57,-226,-177,-48,-245,153,-143
-20,265,179,293,-127,457,-267,353,-394,-55,-330,-477,77,-515,458,-139
-50,283,151,380,-125,482,-254,292,-422,-102,-374,-464,88,-496,544,-157
131,210,326,88,273,391,-7,391,-371,168,-485,-121,-212,-333,222,-353
253,89,412,-190,442,177,145,377,-194,358,-392,177,-377,-157,-134,-434
82,-11,135,-61,109,-67,33,27,-6,167,-29,169,-106,-13,-141,-185
-101,4,-92,185,-172,-115,-125,-237,11,-98,146,26,188,19,95,28
-43,110,55,172,1,53,-123,-37,-171,-57,-63,-47,111,-83,194,-96
41,94,140,-31,108,80,-39,140,-147,51,-121,-30,-30,-74,57,-143
-177,-142,-332,-95,-301,-255,-18,-267,299,-193,368,17,168,253,-94,300
-439,-333,-815,49,-704,-477,-1,-766,670,-572,783,30,396,568,-89,744
-309,-140,-482,167,-432,-83,-25,-468,341,-483,379,-52,229,345,81,441
97,272,440,205,218,591,-167,386,-433,-6,-423,-197,-144,-320,275,-355
297,412,845,156,450,701,-284,743,-751,334,-678,-246,-239,-685,279,-713
232,126,452,-42,276,135,-53,360,-304,383,-318,28,-178,-383,-2,-414
205,-220,11,-394,328,-366,465,6,259,442,-126,461,-355,128,-358,-133
300,-249,29,-613,558,-327,729,147,341,547,-310,604,-637,263,-487,-201
235,-84,142,-472,444,-46,443,309,112,382,-325,296,-495,87,-286,-229
-30,51,51,-89,-11,124,-70,186,-68,-16,-43,-167,-29,-121,57,3
-144,143,58,187,-206,296,-331,150,-219,-214,8,-414,179,-293,286,53
-2,267,318,219,41,510,-269,359,-398,-40,-310,-336,-35,-412,326,-260
137,213,392,93,193,386,-91,348,-311,153,-388,-73,-223,-327,147,-419
36,-70,-17,-85,-3,-165,94,-76,133,139,26,186,-92,21,-113,-102
-105,-274,-395,-169,-218,-536,182,-388,447,29,353,239,63,247,-224,269
-104,-148,-290,-31,-201,-258,62,-210,251,-43,211,37,68,95,-75,216
-65,120,-3,266,-170,218,-162,20,-121,-143,-41,-194,77,-151,181,-15
-122,158,-45,431,-281,244,-283,-106,-156,-261,32,-223,206,-157,271,7
-146,57,-144,333,-298,46,-210,-206,-31,-214,129,-160,252,-90,210,94
-11,140,118,217,-64,187,-191,113,-231,-9,-132,-198,72,-315,236,-132
133,349,524,222,174,574,-290,533,-555,122,-482,-347,-93,-561,338,-446
123,312,473,208,154,580,-243,443,-450,16,-403,-277,-117,-374,253,-355
1,-28,-27,10,-12,86,60,-31,105,-100,-1,41,-83,150,-47,69
-45,-266,-325,-192,-51,-267,317,-295,436,-62,191,279,-104,402,-230,252
30,-124,-81,-107,45,-110,194,-108,205,62,8,210,-150,153,-129,-14
100,169,324,108,145,256,-109,196,-233,94,-246,6,-141,-220,101,-379
85,275,398,205,171,401,-214,298,-413,70,-336,-147,-86,-326,235,-412
-20,145,82,178,46,221,-126,121,-266,-66,-172,-202,81,-195,257,-72
-176,-68,-333,142,-243,-114,-78,-241,30,-266,216,-192,376,73,194,362
-239,-230,-507,34,-408,-425,-93,-533,302,-355,600,-45,527,344,-18,576
-128,-254,-307,-153,-247,-478,-50,-446,356,-180,611,166,313,419,-289,402
58,-119,61,-227,114,-216,58,-38,155,129,185,213,-95,165,-360,-13
169,39,223,-88,299,60,143,227,-97,309,-263,148,-305,-129,-148,-281
139,38,92,-5,247,22,217,131,-78,268,-326,134,-236,-113,-10,-236
104,-78,-53,-151,173,-190,264,-20,111,203,-105,242,-164,113,-132,-59
54,-147,-99,-292,83,-238,209,-15,211,102,110,180,-96,217,-250,102
-116,-131,-263,-159,-211,-183,26,-101,244,-130,285,-73,108,178,-121,311
-310,-196,-600,44,-560,-296,-41,-413,408,-377,492,-159,321,260,23,566
-273,-298,-671,-23,-510,-529,127,-619,564,-300,529,108,274,434,-70,560
-13,-246,-256,-215,-29,-463,253,-346,370,61,239,364,12,353,-220,155
216,-29,274,-178,350,-93,132,116,-100,321,-163,279,-157,-36,-177,-284
259,85,395,-77,426,113,80,327,-287,386,-351,109,-207,-261,-72,-389
250,-23,203,-201,421,-21,317,269,-80,446,-358,235,-374,-128,-193,-303
274,-104,124,-355,472,-150,499,216,115,504,-364,417,-512,28,-313,-316
185,59,219,-93,284,87,200,240,-100,327,-373,167,-332,-171,-41,-354
4,279,258,344,-61,437,-285,302,-418,14,-335,-348,17,-519,365,-269
5,285,262,253,-61,483,-272,456,-426,45,-352,-484,-28,-596,359,-193
220,114,332,-273,355,245,165,619,-215,414,-485,-102,-415,-378,-37,-325
292,68,369,-378,527,112,265,532,-181,489,-473,142,-464,-210,-174,-451
39,263,276,208,102,279,-243,228,-416,42,-239,-179,62,-344,260,-343
-180,443,255,658,-300,537,-707,174,-637,-294,-125,-624,409,-613,642,-212
-18,405,418,358,-92,553,-523,472,-568,-17,-288,-543,83,-659,421,-330
221,167,473,-178,328,252,-8,524,-251,362,-380,-33,-353,-323,-81,-421
155,-58,147,-209,283,-126,225,35,68,236,-115,319,-227,125,-200,-195
-42,-90,-170,78,18,-187,132,-365,118,-95,69,250,102,265,58,65
44,53,38,81,137,86,89,-13,-131,8,-219,65,1,-13,201,-125
279,195,483,-173,495,393,123,595,-380,348,-618,-27,-373,-343,93,-492
255,226,524,-138,442,420,18,618,-402,306,-536,-113,-328,-357,58,-428
3,177,179,173,55,312,-183,216,-310,-73,-169,-287,76,-230,237,-32
-72,159,7,259,-55,231,-184,91,-286,-159,-99,-335,219,-214,324,90
55,99,77,31,147,111,7,175,-225,82,-215,-122,30,-188,161,-75
30,-65,-84,-94,81,-206,129,-106,72,75,46,160,11,119,-85,16
-179,-237,-419,1,-244,-458,64,-572,387,-237,484,237,266,454,-145,374
-173,-191,-342,20,-214,-302,20,-482,307,-288,420,153,254,405,-71,367
46,-7,78,-71,154,38,49,20,-37,-10,-60,64,-24,83,11,-20
2,38,54,-3,89,40,-7,4,-82,-64,-42,7,49,52,88,-25
-398,-134,-559,226,-539,-316,-198,-648,291,-548,598,-97,534,367,170,559
-553,-255,-826,255,-799,-444,-272,-850,471,-742,879,-194,712,455,181,841
-171,-105,-225,-12,-218,-89,-90,-157,118,-207,241,-140,210,55,71,280
257,112,421,-173,435,297,105,504,-296,328,-464,-15,-309,-287,9,-358
204,135,327,-13,340,257,91,338,-260,217,-409,-10,-209,-183,65,-263
-54,26,-58,142,-96,27,-77,-68,-33,-129,33,-127,145,12,145,150
-34,61,93,58,-92,105,-193,106,-116,-56,14,-210,116,-157,138,41
171,224,507,-32,172,375,-221,525,-382,206,-325,-228,-137,-441,123,-381
93,222,323,120,6,344,-221,335,-313,64,-243,-220,-55,-351,183,-296
-241,25,-341,294,-489,-32,-213,-269,79,-355,251,-270,325,3,247,287
-347,-77,-542,254,-640,-218,-229,-406,223,-411,451,-311,473,50,235,507
-116,64,-1,156,-269,69,-336,55,-153,-94,126,-336,262,-303,216,65
78,329,527,295,73,491,-491,410,-599,57,-253,-357,121,-587,315,-399
16,376,442,505,13,564,-529,243,-648,-145,-221,-390,235,-472,423,-330
-150,189,-25,457,-205,217,-377,-120,-310,-307,72,-310,399,-170,359,71
-208,-57,-305,180,-276,-174,-175,-305,50,-259,335,-155,374,77,114,339
-162,-157,-295,-36,-188,-313,-33,-299,217,-158,385,1,248,213,-101,354
-37,-127,-154,-115,-4,-215,75,-170,164,-59,214,107,76,245,-169,190
102,-26,20,-149,226,-97,174,50,-18,139,-96,144,-92,91,-108,-67
156,38,144,-103,297,3,145,182,-180,245,-276,93,-121,-137,8,-248
-2,70,49,108,52,88,-78,60,-198,31,-100,-68,66,-187,127,-133
-219,74,-197,313,-309,141,-292,-185,-82,-369,220,-254,330,-25,196,158
-268,78,-275,322,-377,111,-314,-233,-47,-458,304,-310,391,65,186,295
-109,130,-32,182,-86,100,-207,20,-202,-159,38,-258,228,-86,197,104
92,218,327,108,261,234,-107,310,-407,149,-341,-186,-42,-306,230,-227
192,235,466,72,389,390,-22,423,-420,231,-506,-69,-239,-301,159,-403
178,99,282,-48,291,258,99,282,-182,168,-328,57,-266,-86,-34,-266
30,-117,-131,-161,18,-175,142,-61,160,45,102,95,-16,139,-177,126
-190,-243,-453,-105,-269,-488,27,-402,312,-150,472,18,350,238,-84,476
-208,-162,-393,46,-250,-326,-64,-377,127,-228,366,-72,434,162,105,411
79,79,92,28,198,146,49,132,-226,45,-236,-27,24,-97,148,-147
404,270,609,-153,664,479,239,700,-470,483,-807,72,-526,-359,31,-684
433,237,688,-248,684,438,273,771,-371,599,-826,127,-699,-371,-70,-714
200,22,318,-259,324,110,235,325,40,311,-316,202,-489,-18,-187,-295
-11,-221,-164,-275,-53,-241,226,-189,422,-13,222,281,-162,369,-338,174
-90,-259,-384,-208,-245,-399,140,-335,434,-102,427,177,127,372,-297,349
-120,-32,-216,56,-291,-198,-171,-120,28,-101,262,-191,332,-81,75,233
-93,255,181,332,-178,231,-456,194,-438,-50,-103,-467,305,-533,458,-87
34,305,429,274,38,420,-357,364,-484,73,-340,-322,18,-547,390,-367
85,62,186,-28,60,99,-2,145,-42,131,-151,56,-186,-111,-17,-250
-79,-208,-368,-164,-209,-354,209,-289,453,-56,284,200,-46,316,-252,242
-203,-212,-578,-77,-306,-385,225,-410,479,-225,350,78,97,408,-125,504
34,-8,-111,-115,128,29,263,78,84,20,-169,26,-177,136,-20,70
408,148,517,-309,613,369,330,673,-263,488,-675,132,-586,-215,-150,-531
417,87,494,-345,459,256,243,621,-167,513,-523,144,-529,-250,-251,-496
36,-103,-93,-140,-101,-99,81,-29,199,20,103,64,-61,96,-158,99
-163,-223,-447,-58,-219,-301,155,-446,403,-280,375,157,148,483,-136,420
59,-163,-186,-204,203,-219,371,-252,270,-41,70,382,-109,506,-270,128
233,-30,142,-209,403,-22,334,115,15,238,-233,325,-301,181,-252,-198
43,24,-17,29,52,33,76,39,-29,46,-119,1,-66,-22,20,-10
-185,-91,-369,121,-248,-146,41,-298,199,-257,186,-75,189,186,134,357
-73,-215,-349,-131,-49,-323,263,-366,347,-120,231,244,42,436,-148,303
182,-117,103,-247,251,-227,234,-62,163,234,12,398,-198,221,-340,-148
170,197,442,123,110,202,-209,239,-261,221,-198,17,-148,-299,-5,-443
-47,430,372,541,-171,570,-514,285,-523,-123,-300,-461,90,-542,495,-331
-94,361,144,411,-86,548,-267,254,-402,-254,-342,-456,57,-303,523,-130
124,99,116,-154,307,243,240,326,-114,98,-388,-28,-289,2,45,-137
327,-96,269,-550,529,17,469,470,95,523,-401,298,-631,2,-373,-319
320,-102,323,-494,395,-21,372,452,146,574,-346,300,-650,-129,-400,-363
139,-34,170,-185,75,48,108,244,82,249,-157,68,-311,-127,-162,-151
-75,50,-23,86,-186,133,-166,43,-34,-145,81,-221,105,-67,85,132
-116,71,-21,141,-186,143,-246,9,-111,-235,117,-287,227,-57,168,177
91,-24,113,-113,184,11,90,108,-24,120,-105,80,-118,-2,-82,-83
379,-137,220,-452,642,-202,586,193,106,563,-384,595,-555,180,-424,-380
423,-86,245,-420,704,-181,622,199,28,594,-461,621,-546,161,-394,-450
160,111,183,20,268,115,106,185,-225,186,-327,71,-114,-123,71,-269
-99,142,20,271,-183,244,-241,70,-211,-178,-80,-320,179,-241,351,7
-154,-126,-273,-21,-255,-111,11,-184,222,-211,204,-85,127,148,60,319
-128,-354,-494,-282,-190,-446,282,-436,549,-211,448,216,116,585,-262,539
-243,-161,-427,80,-326,-193,-63,-454,257,-449,458,-51,395,398,30,524
-375,197,-171,659,-541,326,-584,-269,-256,-623,223,-530,584,-183,592,253
-309,224,-70,637,-509,340,-537,-143,-267,-418,57,-488,393,-378,606,48
-142,-32,-179,131,-307,-111,-91,-169,125,-103,136,-82,101,-68,140,120
-126,-113,-214,-69,-238,-192,-1,-163,223,-99,233,-31,107,117,-26,241
-209,79,-114,226,-312,192,-280,-66,-43,-361,149,-320,233,-16,246,216
-216,92,-194,315,-344,253,-198,-126,-8,-413,86,-282,176,33,265,202
-151,-238,-529,-74,-265,-297,290,-394,498,-194,276,182,-11,422,-181,374
-118,-424,-686,-359,-230,-689,477,-512,758,-45,466,385,-31,616,-457,532
-125,-195,-359,-150,-204,-383,115,-275,341,-81,335,81,111,261,-163,349
-103,49,-17,107,-135,33,-182,-18,-62,-109,76,-170,134,-85,118,64
-67,-69,-139,-64,-75,-133,41,-108,122,-43,117,28,47,89,-40,103
-97,-257,-405,-286,-102,-422,280,-287,415,-42,285,205,23,366,-223,316
-160,-83,-266,-43,-179,-115,22,-155,163,-184,171,-71,125,150,66,259
-182,250,81,384,-245,442,-395,109,-299,-334,-77,-471,213,-269,471,21
-187,205,17,390,-307,390,-379,30,-207,-350,14,-420,226,-201,372,90
-170,-162,-378,-15,-327,-214,25,-290,328,-230,352,-39,163,249,-97,418
-93,-301,-405,-277,-192,-463,217,-305,472,-26,372,162,62,347,-280,414
46,-34,66,-71,-1,-138,-20,17,24,148,32,40,-1,-88,-41,-36
93,225,403,253,34,209,-329,221,-404,159,-200,-161,90,-466,235,-346
47,271,318,356,-30,270,-373,195,-470,48,-190,-290,201,-473,325,-251
39,262,225,247,52,368,-202,296,-416,8,-310,-329,77,-392,330,-177
97,285,349,132,207,541,-86,477,-415,66,-511,-284,-195,-393,318,-324
19,160,250,108,72,390,-126,230,-210,-37,-246,-129,-135,-202,185,-256
-224,-126,-258,132,-347,-158,-174,-441,231,-324,448,64,289,222,-14,215
-330,-300,-634,105,-508,-517,-66,-808,478,-442,748,167,499,498,-104,536
-163,-213,-476,-32,-242,-379,154,-465,379,-202,340,184,162,374,-90,338
-5,-75,-176,-130,-56,-110,214,-35,238,15,-2,95,-163,162,-105,105
-141,-31,-210,42,-329,-19,-85,-98,203,-218,250,-172,80,113,-36,307
-365,96,-299,469,-660,123,-564,-301,-32,-617,517,-537,626,-5,285,523
-324,346,-12,761,-531,476,-779,-101,-495,-618,190,-743,701,-362,646,239
-65,425,302,574,-128,577,-544,257,-663,-221,-277,-572,341,-561,625,-195
76,155,168,105,43,151,-121,183,-267,54,-190,-168,70,-239,216,-123
-8,-148,-210,-137,-41,-310,132,-189,182,-13,199,106,135,229,-114,262
-94,-104,-276,44,-95,-220,62,-310,141,-158,226,70,192,260,-33,275
-107,127,-63,338,-122,190,-143,-137,-141,-219,-31,-100,141,-41,237,-36
-210,144,-144,420,-324,229,-262,-179,-98,-346,41,-204,199,-90,328,-2
-349,-75,-493,254,-530,-127,-185,-465,232,-493,436,-183,394,212,185,443
-297,-198,-580,62,-443,-341,-24,-506,363,-412,530,-89,399,362,19,614
-76,-123,-244,-29,-169,-187,36,-159,171,-83,220,-35,130,112,-59,287
57,-2,102,-3,-76,28,-82,117,-7,135,-1,-39,-53,-200,-68,-84
20,56,171,113,-162,119,-263,87,-106,45,42,-111,45,-280,23,-174
-43,140,179,259,-87,194,-336,11,-262,-101,22,-153,190,-224,184,-155
14,178,220,251,118,246,-211,85,-359,-59,-145,-133,129,-176,216,-187
52,75,117,19,115,95,-31,132,-137,41,-95,-61,-17,-67,21,-61
-31,-107,-129,-189,-138,-140,28,9,217,6,196,-49,-33,88,-181,211
-132,-125,-209,-115,-287,-134,-65,-95,254,-136,313,-100,62,103,-127,278
-82,-13,-64,62,-121,44,-105,-86,52,-145,135,-52,77,54,-3,90
16,-85,-40,-68,114,-56,114,-122,103,-16,68,190,-66,209,-177,17
57,-342,-269,-449,167,-454,427,-251,481,108,283,468,-175,555,-549,230
14,-408,-388,-562,54,-580,441,-261,602,105,391,423,-134,556,-592,342
-13,-130,-138,-186,-10,-174,96,-45,162,28,137,94,-19,117,-171,82
25,141,162,162,55,188,-136,95,-235,15,-158,-70,16,-197,144,-232
105,42,134,-19,212,18,77,13,-99,93,-119,190,-75,69,-61,-204
105,-213,-136,-346,247,-368,372,-188,296,108,124,431,-135,490,-391,89
-66,-223,-326,-226,-1,-347,249,-294,343,-107,277,214,35,467,-267,347
-271,-63,-397,157,-338,-65,-86,-300,172,-388,306,-202,269,194,118,448
-266,-106,-455,94,-340,-106,-26,-316,243,-383,314,-169,251,250,92,484
-50,-332,-453,-423,29,-432,455,-267,507,-41,266,285,-84,561,-354,424
118,-350,-280,-620,273,-510,604,-118,513,246,124,477,-299,525,-553,211
45,-121,-97,-237,72,-208,206,-22,195,152,49,178,-139,148,-234,25
-89,-4,-100,101,-168,-43,-65,-116,78,-89,101,-28,64,12,28,59
-24,-153,-223,-90,-65,-206,195,-241,262,-58,141,205,5,298,-133,160
108,-222,-181,-287,187,-295,425,-192,300,84,28,390,-127,402,-265,110
84,8,44,7,125,19,102,12,-47,56,-127,90,-30,16,21,-71
27,289,303,357,-46,374,-330,227,-420,-23,-231,-295,95,-400,326,-246
148,314,517,167,161,439,-247,461,-450,157,-382,-224,-139,-443,184,-416
388,240,712,-225,590,433,117,728,-388,489,-654,51,-548,-369,-76,-636
384,293,768,-163,610,593,95,850,-489,533,-829,-31,-639,-533,36,-759
159,324,544,174,249,627,-118,618,-465,259,-641,-237,-404,-614,260,-571
48,60,152,50,82,178,52,177,-41,151,-234,9,-278,-185,-6,-197
185,-296,-77,-478,299,-405,526,-88,451,340,49,538,-401,401,-567,30
265,-314,-3,-602,395,-461,554,-27,423,421,55,608,-394,428,-648,-14
129,11,145,-104,111,-27,37,112,-17,174,-46,88,-109,-33,-146,-116
-46,242,150,334,-148,296,-314,127,-286,-106,-100,-303,122,-306,242,-108
-53,172,76,280,-74,238,-203,44,-215,-131,-78,-209,91,-147,200,-32
-12,75,80,136,32,135,-84,10,-120,-80,-49,-78,49,-36,89,3
-90,123,86,241,-145,214,-280,7,-181,-177,19,-225,181,-159,223,0
-149,141,-13,325,-334,228,-343,-13,-124,-248,78,-332,212,-209,269,71
-61,23,-84,114,-197,66,-47,-31,92,-79,42,-103,-24,-38,26,80
72,-30,35,-87,39,-3,177,57,157,121,-101,126,-272,44,-139,-49
36,86,175,54,-35,153,-55,147,-30,75,-150,-53,-184,-154,64,-160
-125,165,78,278,-335,227,-363,66,-135,-141,19,-318,113,-316,273,-57
-160,17,-200,186,-378,-20,-230,-132,47,-186,227,-224,226,-118,108,162
3,-156,-248,-103,-41,-261,185,-173,210,35,150,141,30,166,-192,172
148,-101,18,-172,266,-161,299,-23,95,200,-116,282,-199,155,-189,-54
88,27,155,-7,150,18,69,40,-30,108,-127,123,-136,1,-2,-133
-103,-50,-80,67,-218,-130,-134,-190,137,-115,245,-5,114,74,-29,110
-159,-209,-338,-52,-345,-371,-68,-368,353,-141,521,81,207,231,-246,323
-10,-143,-144,-126,-64,-233,62,-145,210,28,241,131,30,143,-256,132
151,80,199,-58,229,178,89,249,-144,151,-256,-1,-179,-94,-16,-153
77,106,108,-15,155,229,69,223,-139,-7,-243,-125,-102,-40,107,-19
-133,-166,-387,-108,-125,-204,150,-252,273,-226,284,8,130,361,-116,419
-152,-355,-541,-221,-181,-522,254,-502,531,-185,532,257,135,561,-363,509
31,-188,-138,-184,38,-261,225,-164,278,98,139,279,-120,235,-278,57
181,114,308,9,160,218,41,301,-164,248,-357,26,-270,-262,37,-351
203,202,385,91,146,346,-52,395,-285,238,-437,-94,-243,-387,143,-401
298,38,370,-181,390,94,202,324,-87,419,-368,242,-418,-139,-199,-430
560,-130,523,-629,885,-149,664,394,99,830,-507,788,-857,123,-681,-663
614,-200,515,-762,1008,-199,821,399,172,888,-562,913,-961,226,-745,-672
191,-199,22,-360,362,-214,454,-9,222,296,-142,453,-343,258,-297,-137
-248,-171,-473,143,-368,-256,-27,-482,255,-346,369,-25,348,251,139,422
-222,-131,-389,139,-307,-234,-24,-415,221,-274,313,-25,265,202,94,367
121,-122,-12,-241,234,-152,344,14,189,188,-99,264,-274,203,-236,4
137,-143,-51,-360,261,-127,415,82,260,165,-96,252,-333,308,-305,77
-237,-113,-431,54,-368,-104,-11,-309,279,-411,336,-141,229,327,52,495
-422,23,-450,476,-709,58,-407,-450,113,-651,456,-404,530,87,363,491
-128,127,45,360,-261,244,-286,-54,-130,-203,8,-212,137,-199,273,-45
204,37,274,-111,297,141,160,260,-93,272,-329,151,-318,-114,-86,-307
108,-193,-132,-352,199,-232,392,-22,281,145,-1,285,-218,316,-314,113
-174,-288,-541,-188,-270,-428,222,-428,537,-237,449,147,110,533,-251,549
-185,-97,-259,68,-325,-150,-65,-274,277,-222,316,-23,107,190,-51,285
56,195,344,209,17,295,-241,245,-277,77,-223,-155,-87,-330,172,-288
66,305,424,316,98,454,-335,321,-529,7,-338,-313,77,-445,398,-315
-278,210,-112,491,-342,265,-453,-165,-306,-519,126,-499,540,-111,561,271
-532,99,-523,618,-736,104,-513,-529,-4,-869,503,-581,756,160,577,680
-347,108,-283,451,-496,131,-358,-312,-22,-564,294,-394,441,52,377,388
95,111,234,52,153,177,-45,184,-204,102,-195,-21,-73,-140,40,-201
330,20,401,-263,511,47,223,340,-164,447,-341,259,-323,-92,-237,-392
178,-84,132,-280,317,-87,225,123,30,239,-86,232,-200,110,-286,-105
-33,-42,-82,-75,54,3,55,-23,51,-81,80,0,9,141,-93,131
16,126,83,57,150,229,-32,161,-208,-51,-148,-123,0,-49,84,-50
227,170,342,-29,439,275,99,371,-372,238,-436,17,-187,-177,36,-330
279,14,251,-192,466,-14,268,249,-142,376,-322,223,-249,-35,-190,-247
98,-171,-71,-264,198,-319,261,-64,179,206,91,265,-88,213,-315,92
-28,-129,-134,-187,26,-289,74,-138,165,-2,240,120,85,221,-202,188
-4,94,103,25,10,70,-147,65,-138,-62,36,-98,109,-34,57,-22
-30,227,201,296,-159,318,-315,119,-270,-157,-92,-290,149,-222,285,-90
-171,147,-64,437,-418,209,-341,-134,-93,-328,88,-324,276,-140,362,128
-184,-3,-223,306,-322,-55,-159,-328,50,-284,205,-94,289,72,199,217
43,-56,-15,-20,144,-135,92,-148,-6,48,28,215,49,123,-82,-58
149,-53,155,-178,291,-91,145,37,-25,234,-78,276,-148,49,-200,-210
-90,-123,-138,-71,-149,-154,2,-152,213,-67,213,46,41,124,-95,169
-335,-171,-482,73,-510,-264,-113,-451,378,-410,513,-130,308,272,51,550
-205,-9,-202,134,-248,-28,-140,-225,77,-294,224,-127,223,119,143,243
80,333,482,268,151,565,-296,366,-484,13,-367,-219,-78,-396,276,-432
46,477,647,468,12,858,-525,567,-656,-26,-505,-490,-121,-718,485,-556
-175,201,103,342,-346,443,-399,137,-187,-266,-42,-441,89,-344,383,-14
-154,-230,-373,-171,-199,-312,136,-319,412,-189,353,91,89,365,-140,414
85,-352,-276,-467,183,-559,464,-310,494,103,292,490,-94,621,-508,317
100,-35,75,-49,100,-65,69,-58,57,22,63,149,-30,199,-189,53
-122,350,214,569,-329,546,-541,127,-391,-329,-78,-529,249,-375,448,-46
-175,397,212,591,-357,648,-609,260,-490,-319,-186,-665,243,-578,618,-138
32,173,247,99,9,319,-193,318,-272,78,-249,-230,-70,-420,211,-284
92,-16,166,-106,103,37,26,155,-35,206,-115,75,-174,-176,-80,-219
-68,25,-10,164,-169,48,-142,-92,16,-92,80,-44,51,-70,56,4
-89,141,42,352,-184,169,-247,-89,-123,-173,0,-152,126,-110,210,-7
118,148,284,158,144,176,-94,168,-251,144,-237,-27,-83,-249,104,-272
142,47,256,-23,172,32,-31,203,-177,268,-174,24,-87,-264,-25,-249
-134,-36,-136,85,-205,-61,-165,-88,4,-98,178,-183,211,-124,111,164
-265,30,-327,254,-353,41,-178,-170,20,-355,173,-339,298,-31,300,326
-57,152,-43,214,-72,292,-35,140,-165,-109,-260,-258,-24,-202,309,-22
134,163,219,124,91,305,2,300,-222,184,-408,-98,-217,-374,171,-334
34,13,72,87,-112,52,-95,27,-40,83,-25,-11,-23,-203,31,-146
-59,-50,-68,45,-133,-106,-102,-187,71,-105,200,31,156,72,-12,67
18,142,179,117,93,223,-164,101,-251,-86,-100,-121,87,-82,154,-108
-76,438,386,538,-64,734,-562,364,-686,-255,-317,-618,236,-551,606,-231
-437,458,33,929,-692,762,-980,35,-634,-746,96,-1022,700,-618,917,177
-520,143,-388,647,-795,248,-691,-391,-93,-824,538,-687,738,-60,533,552
-5,-129,-121,-166,48,-188,131,-179,221,-63,216,204,-8,345,-245,162
512,-53,571,-484,828,-47,463,409,-103,707,-485,580,-605,1,-467,-604
393,206,703,68,559,306,-25,488,-568,534,-618,106,-248,-543,103,-715
-86,259,136,544,-143,301,-441,1,-526,-175,-129,-389,426,-460,564,-124
-218,-10,-361,224,-251,-79,-85,-318,13,-375,221,-160,385,172,227,344
8,-280,-339,-386,104,-376,436,-223,445,16,167,331,-141,525,-362,288
69,-296,-154,-382,89,-374,343,-127,433,202,166,362,-247,294,-408,121
-122,-168,-151,15,-250,-263,-97,-246,216,-4,308,65,107,-14,-76,126
-147,-71,-131,82,-228,-180,-151,-194,103,-65,253,-29,150,-43,17,91
35,-1,53,-148,98,-35,70,116,49,117,-35,36,-169,15,-115,-54
53,92,181,-56,82,188,-9,276,-79,86,-188,-124,-200,-136,17,-97
-138,187,59,333,-280,301,-319,104,-209,-177,-87,-413,141,-326,388,24
-213,145,-142,428,-401,173,-297,-97,-143,-259,-11,-367,273,-265,469,98
-112,-32,-265,128,-216,-65,50,-145,96,-100,-17,-59,74,-26,189,102
-111,-137,-327,-40,-193,-165,141,-194,251,-92,113,36,25,140,13,202
-210,-69,-246,131,-321,-21,-141,-218,120,-289,258,-150,230,56,120,254
-157,120,45,264,-170,217,-334,-46,-193,-269,94,-242,236,-107,231,22
54,224,279,164,209,332,-137,199,-346,-23,-246,-88,-29,-121,143,-258
78,132,95,73,254,198,99,84,-186,-28,-231,47,-79,102,45,-114
-130,-49,-324,135,-90,-60,112,-321,139,-310,147,34,181,378,53,313
-208,-150,-424,106,-263,-193,54,-457,282,-361,333,48,249,399,23,418
-38,-93,-121,-60,-75,-132,93,-130,180,-37,89,92,-21,150,-58,101
110,-10,67,-168,95,-69,153,167,41,231,-170,72,-198,-69,-73,-107
98,-11,-30,-163,140,-112,217,134,28,193,-150,44,-127,-11,-75,-3
164,-78,-1,-284,352,-122,367,108,65,217,-159,226,-229,201,-239,-19
355,-112,271,-517,668,-71,525,263,86,455,-305,508,-529,256,-500,-302
308,-116,285,-488,535,-78,393,235,107,419,-200,457,-469,172,-481,-320
-110,-98,-175,-34,-186,-158,-77,-167,150,-122,269,-22,157,101,-57,194
-465,5,-512,455,-715,-73,-459,-465,67,-619,535,-481,674,28,396,592
-361,183,-240,548,-512,270,-462,-192,-171,-540,177,-549,457,-176,521,312
-39,270,206,287,7,494,-193,282,-321,-95,-321,-318,-73,-306,341,-187
45,104,112,-15,110,209,46,246,-99,52,-241,-107,-170,-110,67,-91
-163,-179,-416,-133,-227,-305,90,-243,293,-189,340,-64,197,264,-78,480
-327,-272,-648,-15,-483,-456,-28,-524,416,-391,622,-132,468,365,-4,763
-241,-76,-312,170,-354,-110,-142,-287,121,-301,295,-222,326,70,191,422
15,151,160,156,55,226,-76,164,-212,42,-240,-138,-48,-232,204,-155
289,142,416,-177,481,168,208,452,-236,453,-504,170,-441,-235,-111,-499
445,17,479,-486,711,-53,414,497,-100,718,-496,457,-631,-107,-436,-600
398,51,543,-327,625,-5,233,430,-195,638,-446,367,-478,-196,-294,-604
198,285,551,184,347,307,-160,367,-507,297,-460,-52,-125,-445,218,-513
50,378,397,406,155,465,-308,327,-605,35,-444,-335,67,-492,480,-353
19,193,147,117,129,255,-46,251,-278,24,-292,-194,-64,-240,227,-143
10,-31,-23,-166,118,6,159,92,71,68,-87,45,-164,42,-72,-16
-11,40,43,31,19,111,-14,28,-38,-46,-47,-9,-34,-11,52,-53
39,335,343,401,69,492,-304,229,-496,-82,-316,-258,77,-354,367,-315
241,422,597,280,359,590,-180,561,-655,239,-650,-202,-187,-552,307,-623
425,115,496,-341,619,117,346,611,-231,691,-648,253,-608,-323,-191,-625
371,-271,77,-762,557,-459,731,269,336,751,-306,590,-658,120,-552,-267
148,-280,-183,-523,248,-475,522,-32,382,364,0,405,-291,251,-387,70
5,22,-22,-11,29,10,8,38,-41,8,-23,-59,20,-30,16,29
49,209,322,163,89,331,-233,269,-311,34,-193,-196,-49,-300,153,-234
146,105,389,-48,255,152,-37,270,-182,252,-244,64,-252,-212,-23,-350
116,-31,171,-161,270,-86,177,75,21,245,-180,246,-258,20,-86,-231
-5,49,-9,81,83,50,76,-33,-55,-16,-174,51,-63,4,138,-91
-96,193,24,306,-89,337,-144,76,-221,-182,-194,-241,37,-186,344,-88
-28,156,93,136,-62,290,-115,189,-159,-68,-179,-225,-58,-193,184,-97
112,-20,71,-201,149,-9,147,163,46,150,-114,69,-180,21,-126,-58
191,-60,73,-234,277,-108,265,106,34,228,-143,218,-171,115,-183,-80
176,82,211,24,252,105,87,140,-188,176,-275,96,-108,-99,38,-243
170,191,381,180,197,279,-91,256,-337,200,-373,-29,-139,-339,171,-388
142,90,303,37,158,102,-32,192,-162,234,-231,51,-166,-238,11,-295
39,-163,-100,-136,13,-306,155,-191,230,103,152,252,-40,187,-221,61
-107,-343,-521,-128,-210,-630,226,-668,534,-168,528,403,239,599,-282,412
-147,-341,-525,-82,-225,-604,184,-744,494,-282,576,400,338,675,-220,446
-34,-157,-132,-117,16,-231,72,-290,180,-134,286,213,155,389,-156,190
59,7,161,-154,175,96,-5,156,-51,23,1,-1,-67,69,-123,-3
34,-92,27,-247,80,-55,73,109,131,92,78,38,-154,88,-244,57
73,-317,-204,-498,65,-488,362,-118,496,240,251,380,-252,319,-530,133
240,-323,-20,-689,345,-519,523,52,430,519,46,569,-448,274,-647,-109
305,53,460,-373,480,97,154,535,-204,500,-387,119,-400,-262,-197,-459
52,488,612,391,50,746,-566,645,-791,19,-493,-634,73,-810,584,-462
-256,506,290,824,-489,747,-886,250,-733,-426,-179,-913,504,-798,929,-115
-227,200,2,483,-419,306,-472,-16,-250,-341,22,-512,340,-337,543,119
67,15,100,-85,126,105,87,164,-20,75,-159,-27,-151,-33,6,-21
192,77,311,-168,370,236,141,396,-191,245,-358,3,-315,-144,-46,-225
75,185,297,116,113,302,-173,315,-341,82,-269,-220,-43,-333,190,-226
-33,168,131,178,-107,165,-267,147,-247,-36,-69,-251,125,-285,218,-108
-47,53,-41,-20,-64,41,-63,74,-46,-63,13,-134,43,-45,55,25
-148,-64,-285,-55,-116,-24,52,-100,133,-230,145,-111,103,188,19,282
-295,-185,-557,78,-382,-206,4,-441,304,-423,429,-111,326,318,66,560
-244,-236,-497,53,-395,-325,21,-472,380,-294,453,1,277,304,-29,505
41,-85,-18,-110,11,-84,122,-8,155,72,27,95,-119,76,-144,49
167,141,357,-57,254,312,4,372,-216,152,-323,-38,-250,-170,-4,-288
-11,161,255,193,-9,312,-268,151,-289,-84,-120,-197,103,-239,223,-172
-130,-34,-39,189,-282,-73,-321,-198,-54,-132,274,-111,348,-150,153,71
18,-124,-17,-98,-78,-222,-25,-57,104,167,165,90,25,-96,-149,-14
195,7,206,-233,298,93,230,343,-24,340,-301,118,-390,-123,-203,-257
108,175,219,9,263,379,101,354,-222,92,-419,-73,-300,-134,87,-271
-91,219,109,286,-78,328,-234,58,-263,-217,-121,-225,111,-134,321,-114
-117,206,172,355,-176,225,-410,-7,-267,-201,24,-249,231,-211,302,-111
3,204,276,219,8,298,-262,182,-278,-29,-123,-171,1,-239,136,-228
71,73,99,-4,153,179,90,159,-57,64,-186,30,-216,-1,-68,-135
74,-216,-202,-304,118,-271,418,-105,356,143,31,330,-254,305,-331,98
72,-328,-233,-435,59,-501,421,-188,498,242,167,428,-222,331,-426,142
-11,-72,-15,-62,-72,-140,18,-71,132,80,71,96,-44,0,-54,-8
-225,273,42,581,-334,373,-472,-91,-321,-384,-23,-389,330,-275,551,-37
-360,324,-97,803,-522,437,-611,-240,-375,-602,40,-541,542,-297,771,65
-220,139,-90,431,-374,161,-344,-159,-163,-273,50,-288,311,-240,442,25
9,33,89,64,-81,69,-78,93,-53,68,-87,-75,-27,-209,103,-112
-8,65,48,95,-55,125,-87,35,-75,-71,-30,-98,47,-41,99,-2
-187,9,-240,203,-207,7,-141,-298,24,-420,268,-124,355,273,153,342
-193,-144,-360,-34,-161,-254,20,-383,221,-345,395,22,324,449,-29,453
11,-194,-137,-354,107,-301,242,-93,273,66,152,205,-70,307,-236,172
78,-92,30,-251,155,-97,201,56,154,155,-60,191,-227,94,-170,-71
-100,-15,-98,125,-158,21,-79,-161,70,-174,106,-13,94,54,85,79
-238,-31,-253,255,-401,-44,-261,-319,71,-346,347,-190,368,48,171,310
-122,-48,-144,33,-222,-116,-160,-84,63,-96,233,-177,200,-53,31,222
78,-18,70,-178,116,-79,82,192,12,224,-81,7,-150,-114,-121,-57
144,0,91,-143,201,-60,176,126,3,238,-161,143,-189,-27,-125,-152
53,-24,-9,19,4,-80,4,-82,-1,32,39,92,78,22,-38,-15
-70,-13,-84,138,-201,-61,-212,-156,-52,-138,220,-125,330,-47,78,143
-169,14,-186,229,-296,-45,-266,-222,-43,-266,283,-199,401,-27,153,235
-226,-33,-350,283,-323,-126,-126,-435,124,-346,326,-37,333,198,93,268
-197,-104,-396,238,-296,-202,14,-554,300,-341,348,156,187,388,-45,265
-125,-79,-262,149,-210,-143,21,-385,234,-240,256,134,108,310,-54,208
-119,29,-143,180,-141,-21,-82,-217,4,-239,140,-73,210,146,112,197
-206,98,-198,323,-211,26,-235,-253,-135,-379,166,-259,436,78,345,300
-292,103,-258,441,-392,44,-376,-330,-144,-502,277,-369,583,6,453,360
-278,119,-135,436,-476,143,-491,-190,-162,-399,250,-446,501,-233,430,233
-145,153,37,330,-352,219,-421,44,-220,-169,47,-406,259,-412,358,-10
-16,113,63,138,-84,154,-120,120,-160,23,-135,-158,8,-293,196,-160
95,53,32,-73,167,44,176,141,-44,150,-235,80,-192,-51,15,-180
167,64,153,-188,284,89,192,290,-88,222,-298,59,-258,-64,-67,-204
160,193,336,-110,268,243,-75,464,-330,217,-298,-170,-138,-306,32,-268
106,265,391,49,176,296,-278,426,-472,142,-233,-288,49,-421,151,-283
82,182,274,72,111,205,-208,274,-340,97,-166,-189,56,-295,127,-220
72,38,147,-54,54,107,-22,189,-64,99,-116,-50,-103,-129,11,-99
16,-63,-3,-115,-50,26,44,89,109,49,-7,-45,-115,-55,-45,46
-109,-83,-162,-18,-204,-97,-54,-124,157,-108,218,-61,94,50,-30,187
-172,-84,-267,49,-257,-183,-91,-288,199,-216,325,-7,189,187,-42,243
-82,-98,-224,-65,-144,-158,98,-175,267,-101,181,90,-39,222,-135,166
34,-95,-125,-186,-15,-99,230,8,263,93,-23,138,-264,125,-188,23
-42,-38,-119,7,-118,-124,17,-79,114,22,62,34,-23,-11,-35,7
-245,53,-226,392,-395,-113,-391,-387,-87,-322,369,-194,528,-31,232,193
-290,73,-270,487,-456,-38,-476,-434,-129,-514,466,-326,681,46,297,384
-49,-10,-144,25,-65,6,2,-71,33,-173,122,-97,127,164,-19,238
298,-109,104,-502,470,-57,574,336,193,442,-362,369,-625,162,-423,-220
416,-81,306,-528,621,-89,630,401,145,691,-547,569,-821,20,-453,-574
215,12,261,-147,284,2,237,176,4,377,-349,316,-413,-107,-105,-452
-8,-5,20,48,-75,29,-9,-2,24,-13,-69,-27,-21,-60,116,-17
-27,-101,-127,-158,-62,-50,99,45,132,-20,26,-90,-13,50,2,206
60,-35,3,-196,89,-2,115,194,18,106,-77,-64,-97,-36,-62,55
-45,190,124,233,-65,283,-253,152,-309,-119,-108,-310,148,-260,276,-52
-277,274,-69,667,-418,411,-559,-117,-390,-540,75,-585,545,-270,625,178
-351,54,-418,474,-491,65,-333,-399,-42,-607,334,-402,592,88,424,496
-133,-272,-476,-137,-127,-424,211,-426,373,-175,386,174,192,445,-195,454
112,-351,-211,-478,219,-507,440,-231,448,212,253,501,-169,486,-551,156
94,-227,-41,-335,138,-248,238,-87,285,114,177,323,-139,307,-407,67
-89,-121,-131,-85,-174,-52,-44,-94,182,-142,253,-38,80,132,-120,209
-152,-29,-142,52,-334,42,-217,-17,95,-179,244,-257,136,-86,5,216
-98,157,132,212,-251,261,-370,213,-183,-71,7,-394,60,-393,167,-37
-65,314,326,378,-175,473,-478,337,-411,-65,-197,-496,58,-556,367,-200
-105,223,159,331,-177,319,-387,162,-297,-132,-90,-397,130,-358,326,-55
-123,3,-76,99,-189,-38,-172,-96,17,-116,175,-114,131,-33,41,94
-78,-73,-63,23,-144,-97,-112,-167,120,-79,260,54,86,77,-146,55
-45,10,33,121,-108,77,-153,-106,17,-140,149,3,68,70,-70,13
-49,-20,-57,56,-40,36,-18,-104,56,-164,111,-1,71,180,-18,139
-14,-189,-231,-186,44,-251,234,-192,246,-57,167,162,37,348,-157,273
19,-175,-205,-208,84,-293,260,-172,233,33,109,215,4,299,-180,188
-13,21,-51,60,8,38,30,-72,-10,-82,-35,38,23,95,42,5
-59,114,-20,177,-45,200,-62,-29,-74,-179,-38,-66,23,47,101,-34
-36,-76,-106,-69,-7,-76,76,-96,164,-53,148,111,-66,199,-191,92
-17,-252,-146,-254,-36,-336,135,-213,369,59,346,273,-63,301,-428,191
-138,-194,-214,-50,-237,-230,-34,-318,328,-165,433,110,119,293,-229,301
-275,-106,-374,154,-393,-73,-100,-412,268,-444,398,-73,257,322,54,398
-170,-159,-380,-79,-165,-239,143,-343,328,-237,269,124,80,400,-80,313
137,-222,-39,-436,299,-424,399,-63,287,337,31,475,-278,265,-420,-85
327,-104,372,-374,514,-251,278,192,2,581,-196,462,-360,-48,-394,-412
156,50,322,-15,246,74,-45,167,-203,229,-155,83,-91,-172,-42,-270
-132,-4,-112,103,-145,37,-127,-85,-3,-184,142,-142,160,7,71,162
-154,-206,-353,-139,-213,-272,87,-224,345,-118,344,24,63,228,-206,359
104,-225,-60,-389,90,-338,285,-3,364,295,114,297,-292,167,-460,36
385,-17,461,-421,499,-8,314,463,0,625,-389,332,-603,-133,-397,-468
448,176,720,-354,670,324,222,752,-318,659,-684,184,-663,-355,-208,-711
278,147,521,-204,436,260,47,516,-309,406,-411,69,-351,-308,-110,-510
-54,2,24,108,-135,-65,-227,-151,-60,-69,213,6,225,-45,2,-40
-342,-58,-364,438,-609,-225,-445,-648,108,-490,612,-114,649,121,199,330
-343,49,-254,460,-572,12,-476,-417,-7,-481,418,-289,523,-43,329,265
-58,241,264,252,-135,424,-360,296,-312,-78,-184,-403,28,-440,324,-163
127,400,623,226,151,688,-342,675,-574,165,-543,-441,-215,-680,348,-474
24,420,459,466,0,630,-457,378,-603,-85,-376,-453,88,-525,491,-326
-192,299,65,552,-275,374,-478,-90,-385,-433,8,-407,432,-172,535,29
-181,98,-113,220,-213,102,-244,-163,-102,-364,156,-204,315,76,270,169
11,-105,-66,-231,74,-93,176,-12,178,25,39,131,-131,189,-154,74
109,-188,-93,-353,191,-214,433,-6,337,220,-73,345,-377,259,-314,-7
34,-97,-122,-137,85,-121,307,-49,230,112,-114,217,-265,148,-118,-8
4,97,81,84,28,166,-26,147,-111,23,-180,-130,-88,-163,144,-71
67,164,289,60,78,313,-175,337,-264,50,-195,-263,-41,-287,121,-106
49,-20,74,-93,25,79,-8,97,28,-20,50,-39,-35,62,-119,80
-127,-207,-375,-86,-221,-258,137,-372,411,-234,380,159,86,451,-231,370
-273,-121,-433,130,-408,-195,-82,-439,317,-363,420,-10,227,276,-1,366
-209,167,19,378,-381,227,-464,-27,-188,-257,127,-402,291,-317,354,44
-99,327,298,450,-260,448,-604,256,-507,-149,-110,-568,307,-610,509,-145
-149,186,12,365,-273,194,-395,1,-292,-216,29,-404,344,-317,411,49
-280,-70,-437,202,-383,-231,-116,-409,163,-333,324,-137,378,127,206,378
-274,-239,-569,-9,-360,-446,75,-523,435,-262,454,71,234,344,-35,474
-86,-255,-381,-245,-104,-427,264,-300,437,-21,273,220,-27,349,-235,301
107,-85,-63,-274,214,-138,319,67,134,156,-103,194,-204,182,-188,6
159,272,321,127,315,396,-4,376,-450,108,-490,-152,-106,-265,262,-321
59,594,591,660,140,874,-543,498,-949,-118,-627,-586,185,-736,773,-512
-105,548,468,831,-159,830,-756,285,-861,-321,-355,-678,374,-729,818,-344
-220,192,-6,484,-361,327,-463,-67,-256,-356,98,-423,328,-285,399,69
-205,-65,-292,96,-353,-47,-121,-155,173,-228,256,-221,163,9,48,323
-82,-21,-118,4,-187,-9,-64,31,53,-40,71,-182,43,-125,55,136
77,73,168,51,26,76,-71,128,-132,131,-142,-28,-43,-210,74,-190
153,7,164,-29,181,-73,99,-37,-3,182,-91,296,-156,63,-137,-277
103,-95,-3,-102,145,-215,195,-209,192,88,92,408,-139,324,-313,-97
-50,-67,-121,0,-97,-114,0,-217,167,-143,236,96,66,267,-148,172
-207,-48,-237,144,-383,-48,-235,-254,138,-374,390,-211,342,173,78,407
-284,-173,-437,89,-508,-236,-167,-447,336,-438,559,-146,392,291,22,566
-231,-272,-501,-23,-402,-399,21,-491,441,-287,549,49,275,362,-149,532
-118,-171,-303,-18,-196,-265,25,-267,246,-107,316,17,168,159,-118,317
-11,-52,-61,-14,-38,-60,-14,-31,25,-5,94,-48,80,-16,-43,124
52,-83,-8,-166,112,-91,130,-17,103,74,41,153,-89,139,-173,-1
100,-111,47,-238,242,-134,247,-57,179,127,0,365,-247,274,-286,-138
113,47,230,2,245,31,52,33,-73,128,-129,232,-173,48,-102,-292
66,179,250,246,89,124,-196,49,-302,41,-121,-29,88,-188,149,-238
-2,17,-33,108,-53,-135,-75,-141,-57,-10,81,17,202,14,58,36
-15,-215,-293,-186,-49,-398,230,-279,328,33,213,252,19,288,-218,203
13,-166,-143,-101,-41,-192,157,-141,238,75,97,179,-100,101,-157,65
-39,80,109,285,-168,170,-251,10,-147,-40,-12,-158,100,-287,158,-81
-138,102,3,380,-325,110,-407,-141,-163,-218,189,-258,341,-193,235,84
-184,-114,-270,40,-297,-274,-142,-355,196,-252,458,-43,338,239,-49,372
-112,-206,-265,-205,-118,-359,71,-253,312,-125,393,90,145,348,-203,372
-35,-92,-55,-126,-43,-94,12,19,103,-7,116,-48,9,45,-72,165
-22,-59,-71,-74,-95,-11,35,46,100,9,25,-69,-51,-46,-10,81
-41,-231,-327,-250,-71,-284,320,-179,414,19,125,222,-165,288,-221,180
6,-320,-349,-360,72,-446,499,-296,541,93,141,481,-251,495,-366,153
56,-155,-122,-151,134,-262,292,-211,239,106,31,368,-160,284,-220,-13
-2,-3,-14,108,-22,-79,-40,-157,-2,-6,81,116,65,52,-32,-52
-131,-36,-175,153,-262,-155,-175,-275,96,-174,309,-15,241,78,-26,145
-209,-100,-295,110,-359,-225,-172,-343,176,-246,429,-66,308,134,-8,292
-169,-28,-166,214,-291,-101,-236,-252,-5,-220,260,-158,354,-29,183,229
-88,78,-23,353,-166,79,-239,-130,-224,-161,24,-215,349,-181,360,91
-59,111,-37,322,-82,136,-138,-94,-208,-150,-76,-154,230,-105,293,22
-76,81,-83,230,-75,129,-57,-111,-89,-203,-26,-87,124,54,177,52
-112,13,-146,149,-155,33,-59,-185,36,-230,109,-45,136,133,92,112
-68,-147,-247,-37,-149,-223,92,-267,229,-95,215,121,104,232,-90,184
77,-277,-269,-352,67,-447,422,-184,398,199,118,380,-157,317,-361,125
302,-185,67,-503,416,-278,550,195,250,514,-243,459,-509,154,-471,-206
409,82,553,-346,606,124,306,576,-185,640,-561,278,-621,-237,-279,-593
303,150,607,-173,448,225,47,523,-278,499,-470,124,-450,-356,-95,-584
31,-62,62,-149,49,-119,54,46,117,168,1,119,-167,-35,-140,-106
-243,-241,-507,-120,-350,-411,93,-401,480,-193,457,72,95,326,-180,426
-347,-196,-591,46,-506,-339,-60,-477,430,-414,571,-106,312,352,-53,585
-260,-93,-371,73,-363,-183,-127,-350,255,-354,451,-104,270,289,-33,423
-82,-150,-189,-180,-48,-226,135,-192,311,-88,250,152,-55,345,-254,212
8,-149,-124,-288,112,-172,302,-39,316,72,65,236,-274,312,-330,91
-77,61,-61,91,-105,118,-40,33,9,-120,-5,-148,-22,1,56,92
-248,180,-123,503,-408,259,-454,-118,-228,-422,140,-481,426,-212,439,223
-305,-21,-344,322,-420,-68,-270,-373,37,-418,354,-252,464,46,262,385
-132,-270,-416,-191,-84,-412,258,-354,388,-75,288,202,59,355,-170,357
101,-121,-57,-270,223,-178,316,65,116,228,-129,167,-188,74,-136,8
209,323,520,133,315,436,-164,557,-602,262,-562,-267,-75,-565,343,-450
268,500,839,276,400,676,-382,735,-896,281,-715,-361,-65,-777,479,-724
327,218,670,-134,564,306,22,538,-450,462,-555,117,-355,-365,28,-666
254,-133,236,-407,497,-165,384,155,103,465,-229,477,-462,85,-363,-363
-21,-186,-182,-118,34,-302,198,-245,240,69,147,279,-38,194,-181,54
-291,-101,-452,250,-402,-217,-138,-498,194,-386,437,-83,417,207,106,398
-289,-186,-529,26,-366,-291,-6,-474,379,-389,503,-10,271,402,-92,518
-81,-355,-429,-508,-22,-472,419,-257,640,-7,375,334,-207,578,-525,409
52,-343,-254,-562,109,-473,478,-108,560,221,207,404,-315,423,-537,215
-7,-57,-67,-46,-15,-149,68,-72,95,59,23,86,-4,35,-28,18
-65,230,117,354,-61,255,-243,32,-311,-136,-157,-212,174,-211,376,-137
-2,209,169,170,27,295,-133,179,-234,-75,-211,-190,-15,-160,225,-147
32,-109,-42,-297,38,-92,183,112,227,108,37,80,-226,118,-242,66
11,-371,-295,-534,-26,-489,372,-161,582,169,323,340,-210,373,-513,266
49,-339,-255,-408,85,-477,386,-264,475,140,241,448,-132,424,-419,169
138,-100,-5,-172,283,-148,301,-89,89,124,-77,355,-113,271,-177,-66
124,-12,7,-55,237,-57,189,-40,-70,53,-101,167,33,172,-51,-7
-55,-135,-313,-51,-50,-306,128,-291,136,-114,227,73,260,289,-47,332
-122,-193,-396,-137,-65,-399,171,-353,262,-138,311,119,221,367,-107,386
63,-31,33,-210,263,-60,215,65,33,109,-111,146,-156,147,-93,-39
213,154,403,-150,369,264,75,429,-238,245,-415,-2,-291,-178,28,-328
-22,99,133,76,-103,113,-219,113,-161,-70,27,-231,158,-165,166,36
-363,-97,-402,274,-659,-247,-447,-526,174,-524,690,-293,674,152,192,587
-352,-129,-384,225,-568,-242,-355,-578,256,-524,678,-131,553,271,91,516
-14,-8,79,-24,-5,94,-30,23,55,-39,20,15,-92,31,-47,-14
183,51,227,-212,298,221,217,409,-72,264,-377,8,-396,-150,-85,-213
43,-65,-135,-171,96,-28,253,120,75,63,-128,-44,-101,46,-30,166
-84,-165,-343,-107,-55,-248,190,-261,222,-158,220,57,159,345,-67,398
108,-121,-12,-228,237,-173,257,-94,172,79,34,321,-130,331,-261,23
351,-17,409,-397,570,49,375,331,10,466,-370,432,-570,69,-403,-453
292,60,379,-295,428,164,235,426,-75,398,-386,209,-503,-97,-243,-422
-31,133,92,91,-78,229,-157,135,-143,-112,-52,-222,41,-131,146,-21
-213,168,-22,393,-368,271,-454,-94,-209,-434,153,-410,413,-135,397,159
-138,95,-8,328,-257,174,-308,-134,-142,-276,102,-215,278,-111,291,65
-31,-74,-90,46,-39,-76,37,-148,78,-23,62,86,36,53,-8,49
-15,-178,-205,-166,14,-258,194,-195,262,12,175,193,-22,250,-209,189
5,-162,-119,-247,22,-205,128,-122,234,-13,242,155,-3,293,-272,195
114,-103,94,-260,149,-87,103,39,115,104,72,179,-104,164,-271,-18
161,-30,155,-141,224,0,136,94,-27,191,-117,190,-151,16,-140,-186
42,69,67,136,84,110,-31,20,-183,19,-122,-10,58,-124,118,-133
-103,166,46,311,-141,260,-331,49,-306,-191,-4,-332,271,-270,311,-14
-49,158,143,133,-122,303,-299,245,-260,-93,-50,-359,113,-323,192,-54
177,56,230,-231,223,164,130,424,-70,264,-285,-53,-327,-189,-116,-181
299,-4,225,-356,505,48,443,396,-18,426,-447,210,-511,-18,-239,-232
178,32,165,-120,397,65,235,194,-120,211,-293,126,-228,24,-74,-131
-59,27,-16,123,-23,40,-116,-105,-85,-158,85,-69,169,49,89,86
-218,-106,-306,152,-349,-130,-147,-390,199,-351,389,-41,298,234,59,313
-224,-182,-487,83,-379,-257,33,-494,382,-354,410,55,225,366,-24,404
-157,-63,-342,169,-298,-81,-50,-302,143,-278,235,-85,238,157,69,292
-142,163,-46,386,-296,222,-386,-37,-270,-291,102,-402,399,-236,341,114
-215,256,-2,554,-402,322,-554,-54,-383,-387,82,-521,504,-347,526,81
-242,190,-168,549,-384,175,-352,-229,-192,-392,65,-331,383,-143,476,88
-69,109,-86,298,-89,67,-25,-133,-79,-110,-124,-23,56,-45,248,-77
244,67,317,-112,368,45,171,286,-175,405,-401,192,-323,-222,-49,-431
432,-3,536,-411,578,-6,267,486,-171,695,-469,343,-485,-283,-275,-598
271,-101,246,-323,360,-162,279,158,55,447,-209,391,-328,-27,-278,-351
-29,-50,-128,51,-40,-160,93,-247,139,-35,56,211,0,167,-10,-34
-176,197,-35,423,-199,200,-278,-116,-203,-268,-31,-235,206,-134,363,-36
-127,467,342,599,-156,693,-598,341,-663,-250,-324,-658,219,-629,669,-250
-186,506,342,692,-270,856,-708,405,-706,-361,-320,-842,278,-718,789,-160
-399,279,-138,708,-656,577,-647,-63,-288,-691,121,-785,476,-312,696,312
-503,24,-525,556,-823,151,-475,-460,132,-801,511,-569,593,74,443,666
-310,-67,-416,256,-490,-65,-248,-348,126,-472,417,-328,462,111,209,541
-59,22,-78,92,-48,17,-99,-11,-142,-96,33,-203,241,-86,163,158
-37,147,83,168,1,190,-194,144,-302,-65,-115,-271,162,-259,273,-56
-144,174,75,304,-239,259,-382,78,-228,-195,14,-367,183,-297,307,-27
-157,134,80,292,-306,250,-391,25,-126,-213,95,-314,125,-235,208,-6
-63,118,84,241,-125,264,-211,22,-126,-174,-32,-163,50,-110,165,-58
-62,140,22,252,-12,263,-82,-13,-176,-193,-128,-101,58,-16,231,-78
-61,88,-25,130,-37,116,-78,-33,-110,-133,-42,-70,77,-20,141,-63
41,-93,5,-210,33,-211,44,-4,105,140,117,146,-43,47,-229,-46
145,-278,-49,-451,180,-465,268,-108,331,282,247,393,-138,294,-518,58
-15,-318,-346,-323,43,-486,353,-359,461,-10,329,374,1,555,-396,357
-257,-268,-642,-75,-306,-351,234,-499,517,-384,422,83,171,570,-93,616
-246,-245,-566,-166,-337,-267,201,-286,502,-254,320,-28,26,347,-90,510
56,-236,-164,-413,55,-247,338,54,359,198,56,197,-286,151,-346,106
225,-93,120,-285,315,-77,308,164,92,324,-168,284,-320,70,-317,-174
81,144,168,165,91,243,-53,108,-200,-2,-190,-39,-36,-83,85,-171
-81,241,146,323,-195,390,-337,168,-271,-174,-121,-368,85,-308,306,-97
-20,93,175,-7,-101,196,-190,278,-95,66,-76,-229,-109,-317,58,-125
100,-103,116,-259,133,-103,97,138,85,245,-15,129,-197,-56,-211,-113
5,-113,-77,-13,59,-192,78,-218,78,-3,129,187,99,167,-75,60
-135,-19,-180,286,-186,-102,-138,-380,-10,-267,203,15,344,143,178,172
-47,32,14,189,-119,16,-138,-145,-37,-113,70,-8,138,9,107,14
166,66,310,-46,208,168,35,206,-95,187,-227,119,-248,-97,-99,-314
208,203,483,62,353,410,-14,361,-335,204,-441,54,-293,-238,48,-485
113,269,402,287,241,449,-153,255,-469,45,-405,-96,-63,-299,278,-394
104,7,102,10,217,-10,96,13,-110,117,-130,143,-16,9,-16,-144
185,-396,-266,-609,329,-624,628,-205,498,308,181,618,-240,569,-660,172
117,-451,-471,-711,241,-649,733,-232,669,214,266,566,-277,727,-720,376
-115,-47,-316,-61,-127,3,153,-38,158,-201,45,-131,18,195,31,311
-205,341,14,532,-313,549,-405,158,-407,-373,-231,-625,240,-406,655,23
-55,284,212,393,-53,386,-287,160,-403,-102,-262,-304,103,-377,432,-243
186,14,231,-112,341,-24,140,88,-93,237,-176,284,-190,41,-166,-290
243,-9,286,-243,435,-18,199,175,-63,292,-177,298,-248,91,-289,-263
147,138,334,17,181,237,-74,294,-244,135,-241,-71,-108,-196,51,-233
-1,100,142,163,-135,132,-159,80,-101,11,-83,-134,7,-214,164,-96
-105,-161,-228,24,-257,-277,54,-324,332,-55,239,165,22,164,-77,151
-120,-241,-342,-95,-184,-358,165,-389,432,-84,320,254,7,346,-232,247
-21,-64,-48,-87,-12,-37,34,-35,112,-30,100,41,-21,112,-121,87
76,42,169,-83,99,98,-39,194,-86,86,-52,-42,-70,-77,-94,-84
43,-75,13,-119,58,-128,61,-29,103,91,84,135,-65,84,-202,-18
-68,-129,-185,-27,-75,-234,83,-268,201,-35,196,189,30,191,-137,100
-92,45,-104,181,-107,25,-39,-123,-30,-113,2,-47,94,-17,146,28
-53,122,8,164,-49,162,-99,83,-171,-72,-125,-184,81,-161,221,-32
-80,-92,-213,-94,-73,-193,68,-127,153,-46,183,24,76,139,-90,195
-187,-353,-532,-276,-166,-610,219,-500,531,-155,580,259,190,551,-359,528
-198,-299,-509,-168,-140,-509,166,-504,416,-237,527,160,266,542,-232,564
-61,-45,-186,-12,54,-73,102,-123,22,-130,68,-20,139,197,29,260
80,39,41,-56,218,92,167,149,-88,69,-217,0,-117,5,16,-32
102,-42,67,-180,196,-38,192,96,56,173,-122,152,-224,56,-159,-103
37,0,129,-59,74,-18,-41,26,-14,74,8,89,-57,-6,-69,-107
-19,209,263,259,-28,288,-356,93,-369,-135,-45,-231,249,-232,287,-134
-86,363,264,490,-69,558,-521,191,-638,-308,-170,-530,414,-404,567,-114
-92,365,216,439,-40,598,-437,301,-593,-266,-253,-567,280,-437,521,-99
51,300,401,193,103,513,-292,473,-451,57,-324,-381,-74,-470,247,-265
224,220,631,-63,279,360,-150,596,-337,380,-401,-109,-380,-482,-30,-500
271,83,543,-213,320,165,18,455,-165,446,-322,109,-398,-304,-163,-452
163,-41,162,-198,249,23,191,171,6,222,-199,157,-240,-14,-131,-164
80,-39,-19,-173,280,50,313,102,39,86,-218,125,-233,138,-82,-22
167,-30,89,-262,414,60,385,200,43,205,-290,225,-387,152,-206,-127
200,-148,99,-387,362,-193,380,93,206,328,-86,393,-371,206,-422,-121
51,-301,-187,-318,34,-501,243,-256,377,174,309,376,-28,286,-420,142
-89,-212,-314,-47,-177,-404,32,-372,234,-46,377,145,258,182,-144,258
26,59,34,114,53,22,-38,-43,-132,16,-56,32,82,-71,76,-124
280,202,495,2,461,294,101,324,-324,330,-499,225,-361,-185,-18,-622
349,118,557,-147,525,167,171,322,-200,454,-465,394,-482,-138,-162,-695
145,25,269,-75,169,3,17,102,-64,210,-148,198,-152,-96,-39,-323
-63,49,21,67,-122,29,-139,9,-47,-57,26,-135,93,-117,143,17
-57,19,-51,-10,-81,45,-26,68,24,-54,6,-141,4,-31,53,105
44,-100,-55,-203,78,-103,146,45,139,92,50,71,-112,105,-213,94
16,-119,-59,-134,7,-156,19,-44,72,49,163,25,88,31,-147,134
-119,61,-57,196,-220,61,-296,-36,-184,-187,153,-330,390,-193,255,185
-195,185,-90,320,-268,279,-344,22,-280,-349,15,-491,391,-216,461,175
-114,67,-171,86,-75,136,-16,-23,-52,-239,-39,-168,105,49,218,117
0,-117,-197,-183,115,-203,254,-138,165,17,28,211,-47,232,-101,52
23,-128,-146,-121,72,-310,154,-193,107,96,90,225,83,132,-81,45
-61,-4,-106,104,-121,-141,-99,-151,-42,-54,106,-72,253,-61,155,105
-141,52,-116,170,-217,12,-191,-85,-48,-191,109,-232,243,-73,216,182
-93,22,-79,78,-104,-17,-107,-71,-8,-128,119,-111,129,28,65,126
22,-5,-2,9,69,-93,-10,-69,-46,38,32,75,82,24,-41,-37
33,0,-51,59,60,-94,50,-126,-59,17,-13,111,112,33,35,-50
-86,-43,-236,94,-131,-56,35,-198,80,-165,86,-1,155,106,98,133
-139,-99,-230,-1,-226,-33,-20,-148,189,-202,197,-93,101,108,12,264
16,-120,27,-246,-7,-94,33,101,154,127,96,16,-120,-36,-195,65
259,-135,214,-506,377,-237,307,308,110,534,-149,288,-396,-52,-405,-217
318,-157,115,-532,498,-295,527,223,152,550,-257,445,-448,112,-410,-213
133,-69,-4,-193,243,-73,282,52,64,139,-124,171,-155,154,-156,1
-50,168,158,248,-101,353,-312,113,-257,-206,-14,-324,184,-167,214,45
-44,324,398,348,-149,548,-570,361,-477,-139,-112,-537,149,-504,332,-154
61,215,314,62,23,276,-227,380,-272,139,-217,-253,-108,-403,116,-268
44,-18,-39,-88,61,-94,138,36,55,147,-85,96,-144,-22,-65,-101
-95,-6,-211,166,-131,-84,-2,-245,55,-138,100,47,141,100,76,72
-154,184,-47,439,-249,220,-291,-141,-194,-299,29,-231,244,-115,308,7
-24,228,131,246,-71,331,-158,193,-210,-67,-210,-233,-84,-232,227,-164
97,51,101,-214,120,117,182,329,69,204,-265,4,-420,-83,-127,-164
55,-71,0,-296,29,-34,135,208,163,146,-14,7,-257,-11,-227,-12
-78,18,5,32,-209,73,-241,83,-48,-84,155,-254,127,-174,22,89
-92,63,17,150,-188,130,-253,80,-123,-101,63,-287,149,-248,160,74
13,-107,-102,-195,80,-102,233,67,168,130,-67,53,-202,49,-117,111
64,-251,-199,-440,172,-273,470,6,421,185,10,261,-367,308,-352,192
-33,-1,4,-58,-46,85,-8,89,73,-49,22,-94,-104,16,-46,73
-65,429,410,516,-182,678,-597,365,-576,-186,-264,-586,142,-611,530,-296
16,481,471,543,-45,697,-515,452,-713,-46,-470,-535,80,-727,590,-448
-16,-11,-148,15,-22,-71,74,-30,0,-3,-34,-43,61,-1,68,83
-295,-473,-952,-311,-365,-791,374,-725,775,-354,737,211,327,792,-324,897
-464,-382,-1011,-76,-628,-617,127,-806,722,-640,848,-22,487,759,-132,999
-191,105,-111,251,-239,188,-210,-67,-67,-294,67,-263,147,-63,244,110
309,387,831,173,461,613,-200,671,-660,410,-712,-107,-375,-666,227,-816
434,207,804,-161,620,290,-1,632,-475,620,-590,169,-431,-471,-94,-776
104,-90,48,-253,108,-176,93,55,74,148,67,133,-41,70,-195,-23
-201,-138,-423,-46,-328,-161,39,-241,296,-278,298,-94,172,242,12,396
-154,-64,-282,79,-290,30,36,-139,221,-228,90,-104,8,102,86,241
-43,-194,-224,-55,-161,-155,149,-228,346,-75,190,145,-63,225,-177,218
-174,-457,-633,-237,-328,-641,245,-660,715,-244,708,322,213,693,-448,650
-302,-456,-871,-187,-469,-757,195,-835,747,-466,903,236,443,855,-357,895
-189,-125,-412,22,-241,-272,-22,-379,202,-327,400,-22,348,373,-17,435
0,222,207,262,38,250,-276,115,-384,-80,-132,-229,178,-227,273,-150
-54,261,213,413,-83,301,-436,90,-453,-155,-86,-343,311,-351,394,-141
-242,122,-145,452,-379,125,-435,-225,-203,-404,211,-381,511,-145,411,203
-206,84,-92,340,-285,145,-321,-145,-162,-329,123,-313,361,-124,360,168
68,164,337,88,125,304,-162,277,-292,79,-265,-150,-68,-290,212,-259
183,144,452,-110,283,268,-26,422,-245,277,-345,-9,-293,-286,-13,-402
61,23,113,-54,34,53,-9,129,-10,90,-64,5,-131,-72,-65,-117
-106,59,-73,265,-259,63,-202,-121,-44,-167,100,-152,175,-84,147,64
-117,307,187,612,-266,381,-531,31,-463,-220,-98,-429,346,-453,519,-137
-78,496,418,703,-134,664,-673,305,-772,-203,-351,-621,312,-712,738,-350
-96,379,254,457,-103,582,-435,300,-526,-214,-299,-533,151,-469,538,-187
-86,29,-72,27,-128,200,-25,88,69,-165,-6,-179,-94,23,27,137
10,-211,-132,-301,-85,-114,201,3,431,23,185,120,-259,255,-386,223
123,-155,97,-330,52,-109,136,136,264,214,95,145,-288,84,-405,18
190,93,392,-145,215,183,-31,387,-167,276,-228,-2,-264,-229,-111,-313
241,313,606,99,339,534,-137,546,-479,223,-546,-128,-297,-413,158,-546
219,351,630,251,297,652,-184,495,-518,125,-565,-161,-250,-391,254,-523
89,233,368,272,94,433,-181,216,-332,-45,-320,-147,-61,-210,242,-257
-21,68,-12,133,-24,71,-36,-44,-65,-108,-51,-49,65,47,128,19
28,-73,-170,-143,105,-191,260,-86,157,50,-14,165,-92,239,-119,83
126,-146,-66,-341,275,-234,409,38,237,240,-88,317,-322,255,-320,-11
93,-108,30,-262,193,-127,230,76,152,196,-57,197,-252,109,-234,-43
-78,-4,-47,43,-88,-11,-85,-31,-6,-53,46,-63,54,-55,82,18
-145,33,-141,158,-180,-2,-128,-119,-30,-140,66,-125,142,-76,178,30
-34,-92,-182,-95,-28,-154,166,-73,200,53,44,122,-121,101,-137,34
113,-252,-194,-450,164,-313,466,7,439,252,51,347,-384,309,-500,93
170,-212,-97,-475,236,-232,473,95,351,268,-18,315,-387,306,-484,73
190,6,173,-191,270,63,180,198,-17,186,-201,161,-241,67,-192,-160
181,111,363,32,207,198,-61,174,-199,122,-187,99,-127,-80,-24,-306
8,-61,85,-1,-74,-87,-98,-130,85,-22,181,119,57,105,-109,1
-208,-273,-400,-86,-348,-454,-14,-479,424,-222,553,101,276,358,-161,466
-219,-202,-380,7,-263,-343,-24,-406,266,-232,412,8,301,248,5,423
-22,135,204,244,27,189,-211,61,-256,-18,-125,-123,78,-246,241,-156
88,349,578,401,62,545,-437,373,-556,90,-380,-272,-31,-599,361,-526
-59,295,303,398,-234,387,-526,178,-406,-109,-84,-382,188,-487,369,-267
-224,129,-112,348,-381,79,-440,-152,-202,-330,232,-355,474,-164,343,124
-188,105,-126,335,-187,63,-333,-217,-258,-332,184,-248,505,-61,319,149
-140,132,10,376,-94,171,-323,-132,-315,-268,67,-256,409,-123,342,78
-247,43,-209,390,-398,30,-354,-299,-57,-392,302,-293,466,-29,292,307
-357,-140,-539,247,-657,-323,-241,-578,326,-471,612,-175,501,249,101,579
-177,-216,-418,-3,-333,-459,28,-501,395,-201,484,158,256,363,-160,371
144,-101,100,-151,214,-202,181,-74,97,219,-2,364,-143,149,-252,-166
178,55,305,-35,274,96,61,188,-152,259,-245,148,-200,-137,-71,-325
-125,91,-18,260,-231,134,-231,-35,-95,-161,47,-206,139,-159,204,24
-383,12,-381,430,-625,-29,-384,-442,104,-526,437,-317,485,41,304,386
-341,-43,-381,383,-507,-104,-310,-536,121,-523,464,-155,513,183,257,382
-161,-16,-139,246,-183,16,-184,-288,-42,-314,194,-92,338,94,210,193
-73,73,14,167,-45,162,-144,6,-165,-179,-5,-193,184,-48,194,99
-46,92,53,127,-73,212,-125,100,-88,-107,-24,-208,19,-88,89,61
40,15,96,16,-11,123,6,97,52,38,-49,8,-171,-28,-106,-49
133,-56,122,-109,152,-12,167,59,74,196,-124,209,-243,29,-181,-177
112,-60,22,-147,223,-134,199,-8,11,183,-95,231,-79,63,-116,-126
15,-76,-141,-118,129,-244,138,-120,19,48,68,144,133,153,-59,57
-30,-96,-178,-113,45,-224,107,-157,90,-25,130,126,120,202,-97,118
51,-49,-1,-102,107,-53,138,-4,49,79,-63,144,-90,73,-61,-64
129,76,249,-3,217,150,80,199,-145,186,-317,73,-199,-174,77,-277
103,111,268,78,209,142,-33,151,-237,144,-237,8,-54,-187,126,-228
13,-80,-28,-74,84,-167,31,-124,15,12,129,129,102,127,-104,63
-10,-290,-319,-354,37,-441,297,-267,390,18,331,314,14,447,-409,265
36,-267,-298,-415,83,-361,401,-124,405,117,163,298,-174,351,-388,197
-39,-58,-93,-96,-23,-31,68,23,92,6,21,-24,-48,-1,-21,97
-264,54,-108,290,-342,97,-384,-157,-89,-338,267,-353,370,-116,263,252
-352,-16,-275,277,-483,-49,-433,-369,43,-495,528,-322,540,68,197,421
-103,-42,-115,-28,-132,-52,-79,-111,94,-158,228,-53,126,123,-56,149
227,136,393,-154,361,265,114,457,-228,313,-422,46,-374,-235,-69,-410
233,309,605,129,376,528,-143,561,-549,309,-582,-146,-261,-547,207,-590
-80,183,157,421,-156,271,-401,-3,-361,-154,-51,-265,289,-372,384,-138
-267,-100,-377,279,-493,-242,-240,-512,156,-345,447,-75,475,109,164,305
-84,-179,-296,-80,-227,-362,109,-315,360,-36,291,192,33,245,-200,194
128,26,169,-140,166,31,126,203,28,230,-164,113,-292,-46,-177,-172
17,176,207,192,35,300,-174,198,-274,-21,-177,-217,14,-242,173,-115
-260,24,-307,404,-383,-13,-279,-417,-42,-460,317,-238,548,84,316,363
-340,-257,-716,202,-505,-497,-3,-855,451,-524,681,121,562,583,-7,659
-146,-273,-526,-78,-191,-506,259,-635,540,-252,489,367,127,705,-343,452
17,-6,-89,-49,127,-34,208,-68,133,-43,-3,170,-154,308,-187,47
47,209,141,142,181,312,-11,229,-295,0,-320,-141,-82,-151,186,-192
22,133,101,132,109,132,-49,124,-255,58,-235,-91,26,-215,226,-157
38,-98,-14,-120,60,-247,108,-92,109,164,66,187,-44,57,-139,-25
66,-196,-64,-304,61,-339,207,-113,343,164,208,319,-188,266,-426,55
87,-96,23,-258,106,-103,193,49,211,153,30,213,-262,159,-343,-43
115,40,154,-79,148,98,90,182,-28,159,-186,87,-233,-56,-79,-202
-3,70,121,112,-29,105,-111,30,-84,-9,-64,-39,-2,-110,99,-102
-278,28,-165,313,-445,48,-364,-301,50,-430,356,-257,370,55,229,314
-453,-1,-412,407,-690,37,-451,-451,159,-676,561,-415,534,160,267,581
-269,-29,-318,218,-451,-48,-199,-290,181,-369,345,-205,262,111,100,364
42,-113,-71,-75,12,-259,152,-155,198,157,77,255,-100,107,-200,-23
102,-167,-4,-136,167,-352,225,-223,203,233,78,436,-121,182,-279,-111
-9,-47,-28,52,55,-97,44,-204,48,-18,76,187,39,128,-59,-25
79,137,228,82,159,307,-47,229,-216,53,-247,-65,-128,-178,73,-228
350,144,574,-239,499,366,141,639,-262,485,-540,77,-536,-338,-177,-557
393,-117,385,-560,554,-93,413,383,91,587,-275,439,-563,35,-536,-383
62,-423,-355,-485,115,-635,489,-431,592,91,377,593,-75,652,-557,280
-285,-437,-846,-125,-340,-733,303,-898,706,-384,719,398,358,814,-277,676
-296,-172,-560,156,-425,-344,-7,-571,344,-354,468,45,322,304,22,403
-130,121,-4,250,-265,105,-289,5,-104,-96,67,-249,114,-260,180,-37
-88,230,141,280,-169,288,-340,176,-280,-112,-75,-365,109,-335,281,-77
-100,178,-43,289,-108,251,-156,15,-200,-222,-96,-260,148,-92,312,68
-12,120,-38,198,65,181,53,-4,-141,-100,-188,-52,6,-9,194,-51
91,108,139,75,149,167,39,145,-167,120,-271,25,-133,-167,89,-251
1,134,117,106,-57,175,-142,160,-187,31,-153,-169,25,-273,199,-172
-173,110,-166,234,-306,155,-221,-17,-109,-262,19,-365,259,-173,376,165
-214,44,-295,216,-290,84,-83,-122,6,-316,49,-312,231,-1,325,317
-53,-30,-138,14,-47,2,84,-24,76,-66,-4,-68,-21,52,29,150
79,-53,42,-157,109,-69,89,56,84,115,27,122,-140,76,-225,-20
49,-84,-22,-169,48,-127,91,-53,167,38,153,164,-81,210,-282,53
-51,-183,-286,-143,-88,-250,206,-272,378,-90,261,228,-42,402,-300,260
-93,-287,-430,-187,-163,-390,317,-404,582,-91,324,309,-107,495,-351,364
-80,-240,-282,-164,-153,-320,228,-312,485,-28,269,264,-128,332,-277,257
-42,-5,46,31,-113,5,-80,-15,73,-3,53,-20,-66,-68,0,-8
1,231,285,218,-49,316,-296,288,-318,32,-201,-307,-1,-417,249,-197
31,227,226,146,2,260,-216,342,-323,101,-233,-330,-27,-423,221,-154
57,-3,2,-134,66,-62,74,161,-7,154,-60,-67,-70,-102,-67,42
114,-189,-86,-355,172,-273,285,-19,222,160,86,236,-117,245,-310,119
134,-147,36,-316,236,-181,253,-32,181,130,47,306,-150,278,-308,-1
76,-8,94,-93,125,-22,73,34,15,82,-48,129,-103,65,-67,-100
-43,62,-9,87,-74,24,-43,14,-45,-10,-85,-87,11,-122,178,-35
-51,77,-34,139,-87,51,-33,6,-58,-16,-125,-113,18,-153,234,-25
91,121,221,66,173,198,12,160,-169,109,-279,26,-158,-134,87,-259
276,205,539,-20,427,343,20,394,-304,303,-404,131,-369,-197,-104,-537
289,214,565,-54,403,293,-41,445,-313,365,-375,104,-357,-266,-142,-547
157,164,356,81,174,147,-118,218,-260,223,-221,-12,-107,-261,24,-335
23,150,189,309,-26,100,-217,-35,-259,10,-94,-67,151,-223,234,-171
15,154,200,351,-27,129,-246,-83,-253,-41,-66,-35,151,-170,226,-177
114,66,240,72,98,70,-45,52,-81,135,-97,99,-98,-83,-35,-199
192,-119,133,-312,225,-104,284,158,183,294,-112,249,-364,98,-323,-90
94,-196,-91,-346,154,-197,350,30,307,173,-11,228,-280,221,-296,117
-124,-88,-248,42,-153,-100,17,-213,136,-195,179,-41,157,155,44,245
-231,113,-159,357,-358,60,-373,-241,-143,-361,232,-282,430,-78,337,165
-44,168,148,214,-120,111,-295,65,-238,-31,-41,-197,154,-270,245,-146
203,74,333,-178,298,53,126,326,-94,378,-334,145,-371,-194,-109,-396
145,-50,89,-249,269,-48,306,135,129,251,-203,270,-401,83,-237,-204
-194,-86,-383,82,-257,-91,19,-322,242,-314,254,4,128,279,-4,273
-334,-27,-474,335,-552,-59,-248,-439,134,-518,407,-271,476,135,266,434
-44,66,-2,196,-147,75,-151,-21,-112,-70,-31,-176,164,-185,232,40
283,108,468,-72,451,189,118,402,-304,436,-494,95,-312,-341,35,-437
287,39,369,-199,525,125,232,338,-189,392,-415,219,-360,-137,-136,-394
99,-146,-60,-277,203,-208,270,-58,194,126,60,286,-151,267,-316,27
78,-346,-256,-449,59,-545,387,-295,555,132,353,490,-144,545,-587,228
129,-345,-117,-447,99,-577,365,-282,545,262,317,590,-240,471,-636,103
-28,-97,-13,22,-110,-189,-49,-230,185,-16,221,182,31,131,-147,39
-280,193,-78,573,-476,284,-524,-187,-230,-475,169,-457,449,-213,517,154
-259,261,-79,553,-442,376,-479,-44,-302,-465,13,-568,414,-275,624,154
54,44,-9,-39,56,29,117,95,-21,41,-167,-33,-84,-10,67,0
230,-194,-70,-484,389,-296,541,84,265,350,-133,421,-373,294,-412,-43
138,-169,-132,-358,271,-220,404,55,195,206,-51,249,-229,230,-323,57
109,63,122,-71,192,168,84,271,-156,133,-241,-89,-122,-158,17,-78
313,168,508,-112,453,309,116,563,-343,426,-563,-2,-380,-363,16,-449
407,2,432,-389,593,1,392,415,-78,601,-497,368,-547,-108,-266,-474
116,-243,-160,-400,167,-389,410,-97,352,222,60,373,-211,304,-351,71
-246,-262,-568,-84,-413,-385,43,-425,429,-311,525,-34,311,349,-82,589
-301,-51,-349,213,-506,-100,-330,-306,89,-434,464,-344,509,63,193,491
-129,101,6,245,-198,72,-368,-115,-204,-267,207,-242,406,-80,230,112
-87,38,-66,134,-105,-51,-195,-219,-86,-227,216,-28,327,115,103,76
-168,-94,-325,41,-250,-208,-58,-341,192,-304,369,-14,285,294,-19,337
-145,-114,-280,-23,-257,-167,-28,-182,240,-207,326,-109,139,202,-88,401
-62,-38,-67,-32,-107,-46,-68,8,89,-63,167,-145,46,33,-83,239
-126,-46,-174,66,-168,-78,-89,-178,86,-208,244,-97,191,138,0,273
-255,-164,-484,119,-381,-271,-36,-540,307,-436,483,9,376,432,29,498
-134,-254,-451,-82,-240,-429,157,-513,450,-230,436,228,183,512,-192,420
177,-218,0,-384,268,-420,337,-92,281,310,92,452,-223,295,-454,-19
267,-78,215,-337,450,-249,268,149,5,443,-122,373,-268,44,-378,-265
-41,34,-60,114,23,-15,-61,-92,-131,-82,32,-37,184,-3,111,-11
-343,111,-381,517,-475,119,-359,-402,-114,-614,265,-347,582,52,499,315
-291,85,-301,426,-411,57,-304,-373,-57,-519,263,-251,474,89,388,262
-9,-23,-65,-38,14,-133,41,-124,49,-19,74,108,52,136,-46,10
161,-159,-61,-358,252,-298,370,-8,232,245,-30,360,-251,265,-355,-50
137,-205,-200,-391,190,-331,497,-76,367,206,-18,394,-300,389,-380,60
55,-180,-270,-266,80,-310,405,-156,350,72,38,316,-172,395,-257,133
-91,-151,-302,-83,-56,-254,170,-291,238,-123,188,149,71,316,-67,226
-301,-152,-443,122,-303,-167,-94,-464,193,-438,400,-75,371,295,130,429
-375,-110,-455,254,-397,-7,-197,-490,166,-611,450,-185,441,289,229,492
-153,-25,-121,150,-123,121,-102,-198,49,-344,165,-79,157,198,111,206
99,25,168,-81,188,104,40,139,-49,75,-96,52,-149,31,-108,-96
61,-54,24,-170,31,-87,44,115,62,135,43,7,-78,-32,-156,18
-163,-172,-346,-90,-335,-267,-36,-193,265,-132,351,-84,183,86,-57,318
-128,-175,-320,-53,-243,-282,42,-301,265,-129,296,74,173,191,-39,248
168,-85,89,-174,286,-173,255,-32,57,226,-107,335,-162,134,-175,-155
297,-25,269,-223,492,-54,308,214,-90,417,-317,285,-315,-16,-208,-268
84,10,29,-53,80,28,84,185,-47,133,-148,-86,-82,-116,6,45
-116,74,-121,130,-238,148,-132,90,-74,-161,-19,-361,141,-158,256,202
31,101,72,32,65,166,-26,173,-176,4,-182,-151,4,-127,166,-50
266,-81,208,-345,499,-117,361,157,5,357,-228,371,-311,128,-287,-236
243,-430,-106,-659,437,-604,670,-184,554,408,141,771,-416,577,-736,30
60,-527,-406,-608,94,-746,608,-477,837,184,451,762,-319,750,-779,278
38,-168,-86,-210,34,-218,228,-147,315,101,106,341,-224,259,-301,-44
179,354,572,204,280,571,-213,536,-569,196,-560,-201,-210,-552,306,-616
157,510,716,370,286,861,-417,740,-876,141,-726,-499,-98,-829,566,-671
-93,236,169,323,-64,463,-335,185,-379,-208,-178,-375,135,-319,405,-115
-323,-60,-409,272,-391,-52,-177,-497,188,-548,425,-95,359,337,150,398
-331,-110,-489,299,-403,-220,-148,-689,263,-577,542,49,452,496,78,443
-166,-45,-236,242,-229,-172,-150,-460,90,-334,380,48,359,286,28,248
27,-65,7,8,0,-122,-40,-145,53,-29,189,114,108,155,-155,73
143,-66,138,-175,190,-16,116,91,61,146,-22,180,-175,106,-265,-64
106,58,163,-49,175,205,64,207,-72,74,-184,10,-195,-45,-67,-128
-109,108,-60,182,-192,216,-159,63,-100,-180,-17,-274,90,-150,194,64
-322,-71,-451,187,-590,-128,-278,-324,209,-422,483,-308,414,76,119,470
-322,-259,-553,-20,-605,-400,-170,-507,488,-412,755,-101,394,374,-174,650
-101,-160,-176,-119,-187,-176,-44,-177,279,-158,396,4,85,257,-240,327
128,124,293,-20,206,275,-47,320,-225,117,-223,-96,-154,-172,-18,-196
189,190,352,18,265,336,-43,408,-368,215,-407,-103,-155,-346,131,-387
48,-5,2,-71,46,-17,41,47,-42,67,-74,39,-1,-59,32,-134
-125,-104,-281,-16,-201,-173,16,-249,179,-174,220,41,151,179,17,175
-169,20,-152,184,-237,64,-142,-130,33,-248,125,-184,158,0,175,187
34,127,195,133,-10,231,-170,226,-197,49,-160,-225,-45,-290,146,-97
280,-13,375,-256,277,10,98,376,-80,463,-238,132,-313,-245,-244,-313
278,-218,170,-502,291,-312,296,152,223,500,-1,406,-346,58,-535,-200
37,-254,-178,-299,-16,-367,202,-174,344,117,260,291,-80,257,-373,101
-110,-116,-283,-14,-166,-202,62,-273,219,-139,232,88,94,226,-78,186
45,-21,-42,-88,90,-57,156,-21,78,50,-52,155,-132,134,-94,-65
201,-24,214,-300,327,28,245,249,49,269,-222,243,-388,70,-260,-263
37,-31,121,-196,78,94,55,171,100,57,-41,28,-247,39,-155,-59
-251,-38,-230,103,-391,36,-196,-141,174,-328,275,-249,151,74,103,320
-282,-103,-399,130,-418,-174,-117,-347,244,-348,368,-161,277,171,123,428
-76,-178,-301,-68,-73,-297,163,-311,252,-109,229,145,105,313,-104,292
-19,-151,-229,-115,82,-218,239,-235,219,-78,130,208,14,387,-178,247
-135,-72,-321,50,-95,-74,125,-261,184,-273,156,19,106,358,5,306
-172,-16,-324,160,-193,-36,47,-269,118,-292,96,-45,156,207,159,223
-78,-9,-149,163,-67,-51,17,-209,6,-110,13,43,129,53,150,34
-49,-20,-44,147,-25,-45,-61,-196,-24,-87,90,58,150,44,48,22
-65,-82,-121,31,-59,-86,1,-200,124,-131,199,73,82,212,-117,159
95,-102,-103,-225,116,-104,292,34,212,87,-27,176,-215,230,-258,71
259,24,147,-254,347,88,357,387,-42,369,-442,112,-406,-107,-136,-246
90,229,268,228,93,395,-154,363,-438,101,-401,-305,-10,-483,333,-268
-282,270,27,694,-460,411,-686,-87,-447,-472,118,-622,583,-434,623,120
-263,61,-163,401,-459,43,-458,-308,-59,-416,367,-297,470,-35,257,244
234,-114,168,-375,256,-198,283,174,166,402,-105,333,-365,59,-384,-225
572,-39,644,-663,777,-2,509,753,-66,937,-651,429,-844,-262,-509,-678
323,117,572,-228,454,248,70,628,-294,532,-493,14,-437,-427,-111,-470
-109,43,-27,146,-127,59,-186,-27,-77,-127,86,-190,139,-98,122,95
-194,-147,-405,43,-247,-314,47,-386,272,-199,311,78,190,251,-19,277
-107,-134,-297,-16,-171,-307,99,-301,236,-50,189,140,101,150,-14,117
-260,17,-232,347,-454,-23,-347,-326,-17,-371,289,-268,481,-54,343,260
-528,14,-497,621,-857,12,-648,-628,26,-887,695,-557,927,125,538,739
-519,-170,-717,329,-786,-247,-339,-731,339,-815,807,-330,766,431,233,878
-210,-230,-458,-67,-338,-313,57,-357,394,-242,421,2,191,298,-119,455
25,-52,39,-91,-32,-21,3,101,55,141,-8,-13,-122,-145,-104,-70
82,144,320,61,58,264,-177,287,-235,129,-169,-127,-118,-321,39,-268
119,172,364,33,185,350,-95,336,-254,97,-269,-89,-186,-196,36,-289
118,207,320,29,213,357,-21,374,-262,109,-379,-102,-244,-222,106,-296
-6,253,221,258,-27,371,-219,284,-342,-3,-313,-316,-32,-404,337,-219
-66,167,69,304,-149,207,-230,101,-255,-55,-147,-303,139,-355,349,-68
153,-36,70,-132,184,-53,215,158,-7,256,-232,97,-180,-87,-50,-103
366,-79,256,-494,565,-35,549,449,45,593,-494,336,-616,-46,-323,-350
219,65,289,-193,335,185,199,434,-139,357,-439,48,-417,-240,-66,-339
-160,101,-49,286,-264,116,-304,-90,-121,-228,115,-247,247,-144,259,75
-285,-116,-403,197,-435,-276,-225,-520,178,-419,540,-89,524,249,114,435
-102,-222,-322,-174,-119,-362,78,-310,257,-143,373,106,249,332,-135,341
-28,24,27,-97,11,112,-59,166,-94,-61,-20,-188,74,-67,75,71
-115,270,158,307,-163,511,-386,246,-374,-292,-132,-514,175,-290,402,-11
-74,165,73,284,-109,326,-194,19,-169,-265,-56,-203,94,-15,223,8
179,-36,149,-132,295,-7,270,47,56,195,-192,304,-275,159,-194,-189
285,87,409,-130,428,150,170,378,-209,415,-451,170,-373,-217,-73,-431
43,358,430,367,45,551,-368,468,-579,53,-427,-471,31,-634,467,-309
-217,328,95,566,-313,508,-515,152,-461,-344,-132,-648,337,-452,619,56
-195,59,-214,254,-234,126,-130,-141,-27,-322,62,-245,208,30,274,231
-90,-44,-200,67,-70,-26,62,-171,76,-158,50,19,69,145,70,108
-110,23,-113,214,-140,18,-107,-186,-41,-174,72,-50,189,12,162,62
-102,-112,-241,127,-173,-239,4,-355,196,-144,261,105,174,224,-45,244
25,-413,-398,-373,53,-674,490,-454,627,137,372,546,-130,605,-576,361
94,-395,-273,-531,216,-608,535,-232,552,271,258,536,-277,484,-634,216
-44,28,35,-27,16,36,-91,85,-81,20,13,-87,23,-116,14,-35
-173,305,171,397,-202,417,-494,185,-433,-245,-100,-495,245,-416,477,-109
-60,120,75,116,-71,175,-148,101,-122,-79,-77,-172,12,-127,181,-61
96,-122,26,-287,177,-126,253,46,195,173,-44,236,-258,162,-249,-37
61,-55,77,-152,163,-8,83,80,0,79,-32,72,-78,40,-99,-26
-40,116,102,181,-9,196,-223,77,-278,-114,-35,-227,225,-166,225,-3
27,55,81,60,24,59,-82,67,-155,18,-61,-87,100,-139,112,-56
165,-29,173,-172,171,-60,126,158,13,300,-157,176,-241,-100,-161,-231
125,132,352,27,132,217,-91,278,-181,218,-254,8,-237,-281,-10,-386
-31,263,283,314,-59,427,-301,211,-299,-86,-198,-260,-44,-304,249,-234
-78,-29,-124,10,-120,-2,53,-56,165,-96,36,-24,-97,114,-12,120
-15,-416,-471,-561,-24,-618,578,-240,724,183,262,422,-306,506,-515,350
2,-376,-407,-534,-40,-551,463,-152,592,193,249,331,-234,357,-468,253
-51,5,-87,4,-98,68,-58,27,-27,-87,43,-101,80,-37,42,35
-18,106,43,165,-7,254,-118,24,-182,-201,-66,-130,143,-13,173,-16
46,-175,-141,-203,93,-207,249,-187,240,-9,113,268,-37,365,-205,143
-58,-292,-286,-285,-54,-458,221,-327,418,-4,343,289,22,402,-300,267
-262,43,-170,244,-383,-10,-359,-215,-10,-341,340,-273,371,-18,184,234
-296,314,-7,617,-445,450,-619,-39,-365,-536,120,-604,450,-260,530,147
-82,96,-52,219,-98,216,-76,-30,-62,-227,-28,-158,72,42,145,100
129,-261,-166,-366,237,-337,509,-112,375,250,-20,430,-317,342,-380,79
110,-216,-81,-323,202,-321,371,-40,248,319,-39,353,-243,106,-289,-48
-52,128,124,227,-91,217,-227,124,-250,8,-146,-220,78,-389,276,-177
-174,264,118,539,-337,480,-504,74,-373,-306,-95,-490,283,-443,532,-70
-234,29,-206,353,-402,124,-251,-280,31,-415,215,-230,318,38,279,271
-220,-236,-493,29,-313,-340,75,-558,393,-354,463,111,298,475,-60,511
-90,-225,-351,-144,-72,-370,199,-369,325,-142,322,206,134,430,-177,351
145,-35,113,-217,292,-43,204,148,-25,197,-150,160,-178,52,-142,-133
293,116,415,-216,524,228,191,485,-303,404,-495,113,-358,-239,-73,-458
184,138,301,-46,371,251,72,373,-341,263,-427,-21,-182,-289,80,-358
-94,107,-21,208,-81,163,-167,62,-230,-107,-81,-260,177,-250,289,-3
-264,83,-161,314,-405,130,-347,-92,-99,-305,156,-417,321,-221,361,214
-199,78,-13,194,-303,163,-308,7,-54,-223,108,-329,153,-188,243,116
-29,69,179,26,32,209,-114,137,-71,-31,-84,-94,-113,-88,57,-82
57,47,196,-52,227,203,65,164,-86,27,-176,33,-194,23,-33,-113
8,3,56,-22,123,155,57,70,-55,-65,-81,-13,-55,76,21,28
-112,-7,-72,63,-88,67,-111,-82,-22,-210,113,-124,171,72,109,161
-196,-10,-158,149,-219,-7,-186,-228,25,-324,260,-115,284,123,130,206
-184,-56,-250,118,-190,-106,-60,-339,164,-298,288,48,180,275,-2,192
-82,-133,-255,-22,-99,-202,169,-298,303,-100,193,227,-55,335,-184,136
62,-145,-97,-142,53,-198,252,-75,246,168,7,241,-218,131,-246,7
135,-39,139,-116,162,-55,122,169,-35,303,-155,91,-171,-180,-103,-149
64,78,208,37,118,87,-93,188,-228,155,-166,-102,0,-284,111,-150
-97,107,44,188,-92,132,-220,-12,-165,-161,26,-193,175,-107,208,20
-211,91,-131,281,-303,103,-287,-193,-41,-378,223,-215,289,51,203,161
-205,122,-105,334,-352,149,-370,-144,-108,-361,210,-296,330,-53,233,154
-135,182,6,340,-235,252,-370,51,-283,-234,57,-398,308,-267,283,65
-94,163,25,239,-134,243,-284,121,-266,-151,-20,-353,204,-259,227,26
-60,53,-20,92,-72,76,-109,1,-76,-98,35,-114,81,-38,53,24
14,-5,30,8,31,-43,12,-80,50,13,35,132,-54,90,-86,-81
107,44,188,8,150,71,52,71,-62,154,-167,154,-186,-71,-37,-258
124,161,290,83,153,318,-15,329,-245,171,-395,-88,-230,-322,150,-330
19,235,239,197,-14,457,-174,368,-316,4,-347,-333,-89,-405,302,-217
-116,211,107,298,-217,332,-347,140,-256,-199,-46,-392,162,-274,295,-28
-134,113,19,260,-255,77,-367,-93,-150,-217,189,-233,297,-107,173,70
-25,1,39,75,-78,-36,-138,-62,-24,-10,111,-14,110,-45,-5,1
120,-51,121,-133,136,29,154,137,44,212,-154,134,-234,-70,-123,-161
143,-23,161,-159,186,116,188,215,21,225,-248,140,-319,-76,-128,-244
-15,36,91,48,-24,86,-110,34,-67,-16,12,-33,11,-83,18,-89
-218,51,-83,259,-347,-44,-413,-208,-72,-262,347,-247,406,-91,175,176
-263,-48,-233,231,-446,-176,-341,-312,82,-256,424,-219,420,-51,139,306
-90,-196,-242,-30,-206,-327,75,-277,295,15,247,131,60,105,-116,184
104,-292,-162,-304,137,-403,436,-246,437,231,90,529,-272,360,-413,11
118,-242,-118,-313,250,-308,444,-230,376,149,73,553,-282,480,-449,-13
-3,-78,-108,-109,84,-45,183,-131,182,-95,85,198,-98,342,-201,68
-112,62,-109,82,-121,137,-50,-26,24,-212,39,-114,28,89,66,89
-135,48,-118,122,-189,48,-103,-55,-1,-156,45,-142,90,-51,157,58
-180,-28,-198,122,-211,-92,-107,-224,32,-194,137,-76,239,4,214,119
-268,-23,-303,250,-284,8,-178,-304,-29,-403,206,-217,447,49,363,284
-345,60,-341,424,-391,200,-292,-287,-109,-558,187,-415,495,-6,486,377
-320,64,-282,420,-429,134,-318,-270,-46,-454,220,-352,391,-61,371,314
-193,-41,-157,231,-341,-153,-237,-308,78,-186,294,-81,278,-32,122,155
-50,-79,-4,33,-111,-217,-118,-209,55,32,204,118,173,-18,-11,-7
57,14,164,-12,110,25,-57,65,-147,87,-66,30,48,-110,46,-157
32,135,211,68,114,242,-139,214,-275,17,-165,-160,10,-212,137,-161
-144,115,60,204,-175,160,-319,30,-152,-180,100,-284,170,-172,189,69
-272,11,-171,277,-432,-54,-380,-273,46,-343,373,-276,374,-5,174,336
-168,-61,-223,169,-267,-121,-149,-288,86,-256,293,-99,315,125,96,317
83,-102,-66,-111,156,-116,204,-99,68,59,3,197,21,207,-135,67
190,-164,38,-295,336,-215,331,-49,138,216,-15,390,-150,281,-330,-34
55,-166,-5,-208,116,-246,130,-159,182,71,191,293,-11,275,-277,68
-35,-31,43,-8,-59,-25,-85,-59,25,-48,130,4,63,27,-28,43
110,183,335,70,123,329,-135,377,-296,163,-319,-149,-161,-377,130,-317
261,307,641,20,338,547,-115,712,-481,387,-616,-187,-402,-605,115,-618
156,257,540,21,193,505,-195,570,-373,212,-396,-229,-289,-459,71,-425
-110,80,83,69,-158,233,-243,98,-57,-194,108,-230,54,-58,51,52
-223,-123,-333,0,-312,-141,-81,-287,241,-314,390,-71,234,255,-40,351
-189,-221,-462,-57,-275,-399,72,-403,332,-159,397,95,232,267,-105,355
-211,-139,-419,131,-356,-347,-46,-394,199,-180,329,-36,334,98,81,335
-305,18,-382,380,-482,-77,-245,-364,27,-402,274,-279,452,8,351,364
-211,19,-255,268,-295,18,-126,-264,34,-326,129,-151,252,81,272,213
81,-86,4,-159,125,-140,216,-43,160,151,-64,283,-205,134,-155,-134
238,-73,234,-263,303,-141,246,140,88,422,-195,378,-369,-18,-290,-342
44,141,199,188,-3,189,-152,153,-236,68,-177,-125,11,-288,173,-194
-223,285,-44,598,-334,417,-473,-23,-431,-410,-66,-562,469,-352,635,86
-262,161,-202,465,-302,203,-349,-204,-257,-451,106,-375,508,-105,496,189
-143,-43,-183,117,-105,-114,-88,-286,31,-222,224,28,262,163,66,148
-125,-47,-92,101,-108,-53,-97,-231,61,-187,218,21,161,145,6,129
-198,88,-97,285,-239,179,-227,-120,-61,-315,92,-255,199,-29,261,164
-162,30,-180,132,-227,38,-80,-79,29,-228,63,-213,137,6,214,206
-71,-231,-342,-279,-122,-386,224,-209,384,-23,255,129,26,310,-199,327
-104,-394,-551,-372,-200,-621,318,-454,615,-102,532,283,126,579,-402,554
-229,-337,-670,-133,-323,-547,196,-610,531,-320,589,176,326,598,-209,644
-173,-256,-517,-87,-132,-485,224,-512,361,-164,350,242,231,420,-89,355
94,-277,-170,-387,293,-514,461,-211,310,314,30,536,-201,292,-318,-64
277,-284,91,-619,468,-418,536,73,320,519,-88,624,-482,268,-570,-205
199,-168,120,-420,237,-130,287,133,248,244,6,293,-322,232,-448,-11
18,-4,75,-84,-57,97,-79,104,32,-65,81,-98,18,50,-79,116
-34,135,151,132,-121,207,-293,145,-227,-83,-19,-287,164,-243,210,-36
-37,264,273,314,-104,374,-390,242,-397,-55,-176,-367,109,-462,360,-222
-74,325,259,465,-153,538,-401,254,-403,-150,-251,-416,48,-453,396,-205
-31,278,180,356,-79,423,-235,200,-301,-115,-239,-310,1,-277,279,-132
160,132,263,-28,255,133,64,268,-208,227,-309,-4,-169,-169,25,-224
332,47,416,-323,544,13,229,438,-214,516,-422,200,-348,-183,-161,-412
285,110,468,-250,468,186,111,488,-260,411,-395,103,-350,-242,-154,-451
125,211,408,25,192,337,-175,377,-330,140,-263,-114,-157,-309,39,-385
30,288,367,236,38,369,-362,302,-483,36,-232,-272,89,-464,294,-375
43,302,329,293,68,369,-343,327,-584,60,-341,-353,169,-573,459,-350
66,171,175,140,118,288,-59,300,-346,87,-350,-241,7,-367,298,-171
117,-75,-2,-223,170,-13,313,140,156,171,-166,131,-308,116,-206,15
197,-213,7,-461,234,-296,441,32,402,330,3,443,-459,351,-541,-13
151,-42,177,-171,192,-136,120,67,65,276,-52,247,-206,36,-251,-187
-13,230,225,346,-2,322,-302,146,-424,-39,-199,-259,164,-389,344,-223
-65,244,118,404,-57,435,-274,162,-423,-162,-254,-378,185,-385,453,-113
92,-8,32,-101,148,25,160,160,-39,140,-167,9,-110,-43,-45,-44
181,-161,-9,-406,224,-334,310,93,180,347,-2,255,-189,111,-349,4
-30,-72,-161,-76,-101,-279,-14,-125,64,24,211,14,213,57,-84,165
-264,-4,-334,297,-380,-96,-270,-382,-15,-422,371,-216,548,94,236,352
-166,-63,-250,161,-173,-64,-57,-350,74,-307,228,-5,295,220,126,236
102,-38,98,-88,212,28,193,28,23,122,-176,223,-204,80,-61,-158
125,172,289,79,180,324,41,302,-199,185,-421,-13,-312,-260,108,-367
-52,248,105,312,-76,397,-146,192,-238,-87,-288,-257,-95,-281,298,-187
-36,5,-123,14,32,-50,139,-102,74,-76,-32,71,-49,182,4,73
150,-273,-137,-472,409,-507,544,-190,317,252,48,544,-182,513,-392,87
128,-211,-52,-357,344,-450,349,-113,154,284,23,393,-76,247,-236,23
-160,49,-65,176,-187,-45,-248,-43,-137,-49,82,-248,242,-271,254,65
-245,78,-86,214,-374,53,-378,37,-95,-110,148,-401,201,-393,244,81
37,-140,-24,-318,7,-235,132,122,234,275,64,95,-231,-66,-280,2
226,-279,-23,-585,276,-402,510,109,411,456,-24,438,-462,236,-560,-11
84,-141,-121,-259,75,-208,292,12,248,155,-4,178,-212,190,-251,106
-34,39,-60,29,-67,65,-6,100,-11,-27,-36,-157,-21,-62,33,103
152,6,164,-241,209,48,130,361,-42,301,-197,-31,-275,-182,-175,-107
303,-197,153,-596,402,-265,452,329,221,573,-161,353,-514,24,-539,-181
125,-344,-251,-512,128,-526,512,-183,564,266,179,538,-317,437,-570,98
-115,-356,-581,-244,-111,-572,444,-602,652,-136,420,508,-24,720,-390,353
-2,-288,-396,-291,166,-433,504,-400,445,-23,189,498,-125,624,-373,224
220,-220,-34,-480,478,-285,566,51,236,344,-107,459,-360,342,-466,-18
144,-175,-6,-357,232,-214,312,75,201,265,-12,258,-244,162,-360,24
-114,-61,-147,27,-189,-97,-49,-161,153,-140,203,-24,84,115,-27,189
-106,99,15,199,-93,160,-159,-62,-97,-199,-2,-139,108,-12,216,53
118,164,331,38,286,305,-34,305,-312,111,-339,-91,-105,-187,138,-228
101,39,215,-119,161,84,-11,219,-112,140,-109,-39,-89,-98,-63,-104
-215,-171,-332,-39,-421,-293,-156,-341,340,-254,555,-52,260,234,-165,408
-397,-240,-640,61,-654,-405,-172,-626,514,-511,777,-82,430,422,-102,658
-193,-174,-410,-68,-256,-218,63,-277,305,-239,328,-34,170,262,-56,399
88,-106,-81,-310,166,-106,293,136,122,182,-92,96,-191,69,-178,35
133,-126,5,-349,204,-191,273,131,148,290,-57,226,-244,51,-314,-95
52,-44,21,-85,57,-132,30,-7,32,150,54,131,-52,-22,-171,-109
3,147,171,203,41,177,-217,102,-309,19,-101,-144,126,-276,173,-171
-38,221,203,282,10,335,-326,239,-465,-77,-176,-397,222,-413,380,-92
-223,83,-141,208,-269,143,-339,-21,-169,-314,181,-435,377,-141,291,275
-444,-84,-561,265,-637,-131,-338,-482,213,-640,641,-365,585,232,153,660
-458,-132,-641,357,-674,-204,-299,-647,291,-680,696,-276,625,318,154,713
-169,-131,-336,113,-268,-208,-35,-350,201,-232,336,-42,275,191,-2,387
215,-192,50,-418,324,-289,399,95,228,385,-81,334,-321,153,-400,-10
330,-167,201,-631,553,-203,555,344,229,549,-248,427,-607,181,-566,-187
90,30,106,-163,179,157,134,257,1,95,-159,-8,-252,14,-135,-56
-232,227,-4,467,-372,423,-444,35,-280,-403,4,-525,301,-285,472,101
-218,238,70,521,-388,349,-550,9,-358,-310,17,-514,401,-439,547,5
54,122,250,108,49,170,-181,210,-267,133,-160,-138,3,-355,135,-236
128,37,147,-119,207,84,81,269,-116,230,-191,1,-191,-153,-128,-159
-94,-71,-262,-41,-145,-87,62,-46,147,-93,142,-115,58,69,-78,274
-209,-224,-482,-76,-374,-357,80,-323,401,-163,375,-33,176,216,-70,452
22,-199,-145,-264,-15,-325,265,-78,316,217,32,234,-185,77,-172,26
244,51,333,-211,402,121,249,399,-112,463,-489,196,-496,-242,-87,-486
133,219,340,54,261,409,-13,438,-333,208,-464,-107,-282,-354,115,-414
2,46,30,6,-23,112,-46,89,-45,-19,-45,-60,-33,-69,22,-63
154,-170,59,-356,187,-188,291,29,234,250,-26,357,-277,185,-317,-131
330,-24,395,-365,522,107,406,356,5,455,-475,407,-591,2,-264,-479
87,262,359,197,199,575,-68,389,-381,17,-490,-200,-222,-319,286,-345
-369,235,-177,591,-516,431,-565,-88,-301,-597,146,-684,518,-273,606,285
-412,-94,-518,264,-649,-176,-370,-429,157,-536,583,-386,612,82,229,588
-29,-284,-301,-325,-63,-441,265,-194,413,100,269,237,-48,260,-319,235
230,-218,-25,-450,367,-267,562,95,303,415,-208,438,-486,209,-399,-108
72,-141,-156,-206,179,-212,380,-56,212,152,-99,245,-205,200,-162,79
-114,-181,-360,-50,-107,-372,124,-327,208,-103,247,87,220,236,-40,321
-62,-73,-148,-5,-85,-217,-46,-124,26,7,175,-27,198,4,-4,140
47,217,307,139,18,335,-241,370,-339,106,-251,-290,-55,-460,185,-261
41,399,507,317,-10,681,-421,583,-557,43,-450,-513,-103,-679,427,-421
16,345,423,331,-38,551,-408,395,-515,-17,-355,-409,38,-565,459,-358
14,220,291,266,20,290,-275,164,-393,-9,-226,-193,123,-358,353,-284
-56,154,122,232,-55,213,-233,46,-246,-108,-86,-187,140,-194,261,-112
-157,46,-122,100,-219,97,-154,-46,18,-236,140,-215,133,28,114,188
-142,-132,-261,-104,-223,-132,14,-158,268,-182,284,-46,71,213,-115,307
-74,-170,-165,-56,-163,-197,7,-219,229,-57,261,105,84,139,-131,151
-170,-57,-142,266,-364,-104,-277,-344,63,-209,327,-45,321,-35,115,111
-350,-61,-365,375,-638,-197,-421,-534,145,-469,582,-209,581,68,206,393
-300,-225,-553,43,-489,-477,-111,-585,368,-376,667,-22,484,371,-52,575
-55,-260,-362,-208,-41,-474,207,-371,340,-50,371,252,174,412,-266,329
8,-70,-48,14,70,-97,43,-173,40,-18,89,165,61,134,-101,2
-116,46,56,306,-147,181,-272,-159,-89,-237,128,-79,185,-35,141,-3
-114,-19,-1,157,-156,92,-177,-150,5,-202,149,-73,153,19,102,77
21,-13,55,15,92,43,28,27,-102,39,-103,6,44,-77,116,-58
-75,228,85,378,-43,304,-251,74,-434,-139,-251,-296,250,-347,522,-166
-388,376,-101,834,-559,507,-717,-158,-503,-661,55,-707,656,-391,846,100
-390,214,-220,580,-609,326,-568,-239,-164,-660,281,-552,521,-103,508,281
94,14,91,-121,103,88,94,157,4,94,-134,62,-178,3,-96,-121
453,84,553,-310,653,196,350,601,-256,674,-684,286,-606,-311,-201,-667
259,200,496,68,355,342,-9,466,-431,385,-567,-29,-275,-499,158,-543
-119,72,-32,221,-192,121,-208,-36,-108,-168,31,-230,185,-143,244,84
-125,-127,-290,-66,-151,-180,88,-224,229,-174,222,26,118,256,-60,286
89,-33,1,-135,194,-75,228,5,47,116,-121,213,-155,132,-107,-115
57,219,289,263,107,257,-159,124,-324,43,-266,-45,-21,-231,220,-344
-177,173,70,441,-271,227,-441,-124,-233,-288,110,-281,309,-191,322,3
-185,-130,-261,41,-288,-176,-124,-288,215,-259,420,-63,257,217,-82,378
70,-258,-169,-397,106,-346,303,-81,351,147,204,268,-125,325,-435,200
259,-55,247,-340,348,-42,240,281,18,384,-199,240,-340,-19,-325,-241
214,164,469,-80,271,296,-85,448,-301,278,-305,-55,-224,-297,-53,-379
141,171,383,-15,178,309,-175,394,-318,132,-193,-174,-63,-273,-14,-243
142,115,273,-38,215,160,-97,273,-272,132,-121,-73,-3,-162,-62,-193
70,116,220,102,144,58,-147,70,-252,79,-84,-2,86,-141,56,-230
-109,47,20,220,-98,-59,-196,-198,-81,-108,102,16,174,-39,169,-78
-242,-120,-318,145,-315,-214,-83,-421,230,-270,328,41,214,192,80,248
-228,-153,-416,78,-321,-206,-4,-372,282,-264,336,-18,216,222,9,370
-87,48,-44,182,-171,63,-186,-61,-102,-155,95,-185,234,-82,156,110
71,222,372,223,60,307,-321,252,-439,24,-187,-261,160,-370,279,-203
139,93,334,-12,214,168,-88,256,-278,163,-200,-70,-15,-249,93,-203
59,-196,-125,-269,107,-225,244,-37,194,141,73,188,-86,138,-228,92
-59,-301,-415,-234,-167,-417,246,-300,452,-7,337,221,28,311,-328,300
-71,-139,-224,-66,-253,-217,28,-184,285,-36,265,67,30,122,-187,159
86,68,188,-11,-48,125,-64,220,-25,151,-136,-46,-192,-225,-21,-195
171,196,463,14,178,378,-67,507,-263,316,-458,-116,-377,-474,78,-466
119,261,501,183,153,476,-222,470,-419,214,-438,-225,-242,-556,217,-466
-21,272,357,391,-71,417,-450,213,-453,-70,-169,-333,133,-445,339,-256
-117,157,79,392,-254,203,-432,-92,-251,-278,134,-283,382,-170,284,40
-152,-54,-233,167,-281,-103,-157,-287,64,-255,287,-84,345,103,100,242
-90,-139,-234,-40,-142,-248,62,-229,184,-31,173,98,97,100,-26,133
68,-13,125,-93,139,-56,93,110,-2,252,-175,123,-204,-158,-14,-218
146,149,358,1,250,260,0,357,-245,252,-399,-21,-278,-312,100,-385
-29,149,95,187,-30,299,-146,141,-200,-124,-142,-230,34,-137,203,-39
-270,-6,-339,281,-396,59,-226,-294,44,-485,311,-289,407,144,229,420
-221,-140,-335,108,-307,-139,-95,-326,155,-325,333,-129,343,163,124,402
87,-136,48,-228,150,-106,181,80,68,198,-95,116,-114,-34,-45,-28
258,-112,209,-424,422,-86,360,308,42,439,-299,243,-384,-56,-228,-219
160,-217,-32,-457,264,-272,374,80,262,279,8,289,-273,227,-404,43
98,-296,-181,-503,168,-441,400,-102,452,185,226,375,-219,464,-549,231
244,-207,73,-528,371,-288,448,119,279,380,-60,403,-385,284,-485,-29
317,-10,351,-328,487,28,295,362,-99,441,-390,254,-377,-69,-185,-364
126,51,204,-40,245,75,13,116,-205,123,-168,81,-16,-82,9,-221
-71,-123,-172,-20,-21,-227,-17,-305,93,-150,336,132,249,294,-147,208
-84,-267,-360,-252,-11,-447,219,-367,390,-103,423,266,94,516,-377,378
-33,-166,-247,-244,9,-291,236,-107,285,57,130,144,-111,228,-226,170
-101,79,-19,99,-168,41,-154,67,-80,0,-58,-179,34,-258,214,-92
-148,152,122,299,-240,140,-407,6,-258,-116,1,-272,240,-366,385,-122
-68,25,73,126,-69,57,-180,-56,-100,-97,74,-103,162,-76,149,41
-46,-67,-122,-6,-18,21,59,-68,78,-132,81,-43,51,158,-29,234
-162,18,-209,211,-279,121,-156,-108,4,-310,153,-261,211,19,148,262
-216,146,-46,442,-432,198,-470,-146,-184,-340,187,-364,393,-232,345,71
-92,130,116,336,-197,114,-356,-96,-206,-138,70,-142,246,-200,251,-124
-3,15,5,99,36,-23,18,-100,-22,-22,-24,73,9,66,40,-16
-79,-56,-223,15,-32,-78,116,-150,127,-158,69,3,47,235,11,243
-111,-57,-193,-4,-126,-57,-24,-131,97,-193,192,-79,161,166,0,255
35,-62,50,-146,23,-97,-34,7,31,62,141,64,42,45,-161,-8
103,-93,85,-211,96,-174,70,45,86,204,80,183,-103,31,-263,-109
-27,-89,-96,-80,-98,-193,7,-100,148,36,166,67,14,61,-163,73
-76,-58,-120,-16,-144,-143,-59,-125,110,-68,205,-13,115,64,-56,113
111,-48,127,-193,184,-63,90,67,3,157,-35,182,-103,51,-162,-153
223,-11,228,-227,399,-2,235,177,-61,284,-247,293,-281,45,-186,-327
62,88,86,61,112,91,40,83,-108,71,-179,51,-119,-52,21,-192
-21,129,81,219,-121,151,-171,56,-139,-35,-92,-143,24,-197,171,-120
215,23,316,-151,220,49,94,256,-75,337,-266,142,-278,-185,-79,-322
409,-142,333,-541,602,-156,509,342,93,625,-403,493,-580,28,-392,-386
165,-114,21,-307,309,-173,372,115,126,300,-197,249,-293,101,-193,-66
-184,97,-97,261,-258,94,-251,-31,-105,-196,62,-338,217,-188,283,172
-110,246,236,374,-241,340,-485,177,-342,-108,-53,-441,166,-473,350,-103
252,116,488,-97,262,222,-21,441,-203,370,-330,49,-351,-321,-119,-451
350,-84,302,-453,477,-52,447,344,142,527,-340,420,-640,64,-472,-377
175,-95,54,-295,249,-24,368,170,205,267,-201,267,-470,122,-329,-136
55,68,168,37,69,235,-7,204,-64,67,-195,-38,-237,-155,10,-176
38,107,244,181,31,262,-158,94,-202,5,-135,-45,-38,-201,115,-234
-111,-56,-136,185,-165,-104,-130,-343,59,-223,269,65,260,179,22,137
-298,-181,-557,159,-442,-379,-102,-650,340,-464,611,15,489,461,-33,559
-251,-145,-483,78,-392,-234,-59,-403,283,-380,444,-100,328,313,3,484
-58,-36,-160,-62,-58,-6,66,-7,81,-98,56,-71,7,93,3,142
33,-57,-79,-130,159,-102,174,-21,22,28,-19,94,-13,152,-68,48
80,-138,-91,-179,248,-321,221,-155,48,110,84,241,84,247,-175,105
258,-154,135,-346,422,-319,300,62,19,412,-81,350,-129,83,-316,-120
352,-145,285,-469,461,-161,387,314,83,590,-275,396,-466,-61,-418,-338
109,-174,-74,-321,96,-149,316,46,318,206,-7,267,-337,172,-361,-31
-218,-155,-477,12,-316,-214,87,-390,408,-342,386,28,106,437,-140,450
-160,3,-241,183,-201,-57,-80,-226,67,-261,188,-110,199,153,84,278
176,210,398,166,220,240,-133,331,-415,277,-389,-104,-88,-466,190,-402
277,267,649,151,322,366,-190,522,-561,456,-570,-83,-204,-702,228,-695
112,184,407,149,102,241,-261,269,-368,162,-225,-139,3,-418,195,-347
39,88,237,45,69,108,-197,125,-200,10,-7,-124,80,-128,69,-45
116,29,273,-87,170,64,-78,192,-155,150,-73,-19,-46,-114,-55,-114
40,-4,115,-4,16,-12,-96,63,-86,113,7,-5,19,-164,-10,-122
-163,-8,-153,206,-308,-74,-240,-204,-11,-166,209,-135,276,-130,182,70
-155,65,-106,234,-241,8,-238,-121,-88,-158,96,-198,243,-161,271,61
89,102,196,-8,134,65,-15,197,-161,180,-216,-35,-93,-216,103,-206
179,-62,156,-236,221,-146,197,137,63,328,-144,225,-263,-17,-196,-182
30,-295,-231,-308,-10,-473,289,-236,423,139,247,323,-94,326,-350,197
-38,-287,-360,-275,-81,-439,289,-258,425,25,269,207,-14,335,-268,349
18,-34,-70,-107,31,-36,129,85,65,70,-65,-37,-102,6,-31,86
-77,157,55,227,-141,244,-211,111,-165,-115,-72,-264,42,-201,202,-35
-342,122,-218,514,-543,173,-493,-323,-63,-562,372,-371,446,-11,318,268
-392,60,-355,494,-567,71,-483,-457,-29,-686,481,-384,646,123,361,454
-139,194,-12,321,-127,252,-318,24,-347,-297,-17,-419,388,-181,428,123
98,370,422,253,194,482,-302,505,-663,87,-454,-433,91,-583,440,-340
121,314,466,200,173,410,-312,437,-549,147,-352,-283,-6,-518,250,-428
97,23,164,-41,135,29,-11,76,-76,111,-50,114,-74,-28,-91,-198
70,-260,-250,-313,144,-358,424,-253,374,81,115,430,-132,440,-319,125
-109,-360,-595,-255,-55,-520,459,-513,534,-127,306,368,52,588,-215,435
-289,-247,-591,51,-324,-354,69,-584,380,-404,478,65,340,443,-5,519
-159,-18,-114,175,-170,56,-200,-216,13,-278,237,-89,235,79,73,168
179,129,408,0,266,338,-74,342,-283,166,-269,-19,-189,-238,-25,-350
265,55,322,-194,365,158,154,405,-162,377,-367,115,-360,-229,-151,-394
58,-208,-173,-305,79,-322,294,-49,277,220,68,245,-180,116,-287,37
-2,-375,-353,-423,38,-523,394,-246,496,159,255,365,-136,347,-404,235
160,-198,-22,-408,284,-212,391,73,206,296,-94,306,-284,145,-291,-48
161,101,193,-55,215,223,89,321,-225,177,-356,-58,-150,-228,105,-237
-98,221,20,341,-205,321,-303,120,-320,-204,-116,-422,256,-337,419,-12
-168,125,-61,308,-296,161,-329,-30,-164,-258,94,-362,297,-192,306,150
73,53,234,-43,100,94,-51,196,-81,129,-127,-29,-147,-155,-2,-155
202,105,427,-138,268,164,-2,372,-151,322,-312,53,-341,-233,-62,-384
24,100,166,37,-7,109,-146,150,-119,55,-62,-90,-41,-186,31,-153
-33,-90,-159,-75,-56,-146,14,-126,116,-71,205,39,105,141,-135,158
192,-312,-140,-516,377,-387,512,-124,363,215,121,517,-225,513,-559,121
281,-353,-62,-664,530,-472,679,-100,443,335,49,717,-399,643,-692,30
-5,-220,-236,-253,11,-377,235,-288,357,-14,286,306,-3,435,-308,217
-225,-90,-364,127,-447,-225,-165,-333,202,-271,388,-136,329,101,76,342
-48,-48,-146,-15,-218,-102,-26,-28,97,8,85,-82,59,-98,34,69
206,-85,120,-305,186,-121,242,173,129,315,-117,236,-305,6,-266,-176
103,-128,34,-242,69,-208,139,-76,251,103,159,288,-158,280,-362,4
-113,-121,-160,20,-202,-214,-84,-348,265,-213,426,117,171,343,-199,257
-47,-41,-72,112,-81,-51,-48,-191,47,-104,128,43,133,87,29,98
108,55,142,94,162,132,63,116,-194,139,-292,32,-62,-197,179,-214
49,70,112,139,44,138,-55,77,-186,39,-188,-66,43,-213,225,-128
-94,-19,-84,101,-184,-21,-144,-126,17,-173,172,-131,208,26,96,189
-19,-118,-101,-146,-48,-135,53,-78,167,-50,195,24,39,178,-151,216
112,-113,16,-220,143,-100,187,50,105,156,-16,158,-125,82,-189,-21
-15,-10,-7,110,-92,-3,-87,-88,-35,-23,35,-1,105,-94,100,-48
-240,66,-194,470,-455,47,-367,-338,-89,-368,238,-241,457,-114,385,173
-213,40,-273,362,-349,2,-183,-326,1,-345,164,-189,350,24,321,246
0,-40,-179,-22,49,-66,227,-99,115,-47,-72,110,-68,197,-15,103
56,-45,-66,-160,130,-21,257,21,155,49,-83,160,-222,211,-164,-9
-71,46,-25,81,-176,146,-94,-10,66,-167,44,-81,-34,28,43,21
-213,140,-104,336,-437,250,-316,-77,-37,-374,89,-347,206,-124,354,131
-269,105,-308,364,-482,118,-264,-190,-17,-427,151,-392,349,-46,410,296
-241,-55,-459,130,-407,-167,-109,-285,165,-356,353,-225,347,162,107,458
-88,-192,-306,-255,-152,-264,92,-117,326,-81,356,-10,62,252,-301,381
157,-170,34,-473,202,-103,321,237,269,258,-35,166,-386,142,-419,41
139,-45,95,-260,216,43,294,227,112,225,-265,130,-388,25,-117,-106
-180,24,-222,245,-264,-13,-88,-267,40,-281,96,-110,217,72,288,169
-422,-1,-447,496,-617,-115,-424,-612,66,-629,531,-278,674,148,396,460
-245,4,-224,297,-360,-3,-290,-337,27,-394,329,-182,395,78,226,270
70,107,149,84,114,238,35,144,-137,23,-264,-36,-133,-104,137,-152
109,202,246,181,196,312,39,240,-252,104,-432,-60,-206,-211,220,-272
11,183,148,254,-11,199,-153,82,-209,-22,-151,-137,13,-173,173,-132
25,71,140,61,-77,89,-138,80,-34,17,18,-63,-52,-97,-50,-58
22,-9,72,-79,-71,60,-15,68,130,31,38,28,-183,19,-147,-37
-170,-80,-232,77,-308,-66,-52,-261,267,-243,263,27,29,192,-50,182
-286,-216,-533,88,-460,-374,-54,-611,444,-383,600,108,314,412,-117,439
-61,-378,-467,-356,-131,-614,294,-464,584,-25,518,394,59,549,-484,379
212,-332,-150,-670,306,-485,589,-26,488,352,87,519,-370,455,-621,98
98,-47,30,-252,181,-21,241,116,128,109,-109,122,-256,150,-157,5
-218,220,29,435,-300,354,-427,-43,-226,-399,57,-420,271,-152,405,89
-201,216,44,493,-345,324,-527,-91,-277,-373,144,-397,381,-220,365,52
92,-3,104,-54,95,-33,13,17,-20,104,17,115,-17,17,-127,-81
222,-184,46,-365,331,-309,382,-12,213,326,-26,439,-255,247,-424,-62
109,-174,-1,-241,184,-285,245,-116,221,191,75,334,-147,222,-315,21
98,-86,128,-177,154,-124,94,37,81,198,22,200,-155,35,-229,-90
262,-34,298,-348,387,-30,236,279,13,384,-222,271,-374,-6,-311,-306
281,-29,254,-356,426,-44,324,241,23,362,-268,334,-392,88,-298,-304
113,-21,81,-103,171,-51,172,16,42,134,-108,193,-160,98,-96,-121
43,-28,51,-15,24,-27,67,30,48,130,-83,78,-138,-67,-24,-75
105,-71,79,-195,78,-59,163,173,115,261,-124,81,-277,-122,-148,-104
-27,-103,-139,-189,-77,-169,104,-12,209,39,129,33,-65,94,-166,140
-328,-120,-483,139,-462,-234,-185,-489,268,-480,559,-143,440,321,37,537
-395,-102,-529,334,-560,-177,-245,-618,250,-590,573,-155,518,311,186,555
-154,-66,-248,160,-177,-97,52,-291,168,-184,95,32,71,146,130,178
14,-7,-61,11,92,-53,210,-54,64,71,-185,137,-156,54,79,-54
-105,3,-164,135,-78,-85,14,-213,27,-151,51,3,146,112,161,108
-212,-31,-290,214,-276,-99,-130,-337,78,-316,279,-103,322,144,150,283
-91,-45,-218,23,-130,-40,75,-130,157,-136,96,-7,15,133,-22,158
17,-25,-168,-113,62,1,280,10,159,-12,-111,88,-204,198,-94,65
-135,-57,-390,48,-97,-116,152,-299,171,-312,166,33,168,401,26,322
-379,-169,-704,195,-414,-347,-51,-720,290,-631,593,-22,605,572,117,650
-365,-210,-677,98,-447,-374,-13,-644,371,-503,554,-3,456,451,72,578
-136,14,-214,21,-179,-2,20,-31,98,-120,15,-107,7,-19,132,93
85,334,394,168,128,521,-187,553,-476,163,-531,-366,-186,-586,357,-416
227,482,727,275,334,710,-328,754,-825,283,-740,-422,-143,-816,478,-656
283,363,695,159,438,502,-166,599,-657,375,-655,-171,-204,-631,304,-634
197,212,490,81,298,266,-57,337,-324,307,-441,36,-281,-325,115,-484
22,195,329,239,-9,252,-240,119,-206,43,-169,-63,-96,-252,150,-317
-55,155,221,288,-167,189,-369,6,-200,-75,35,-126,129,-261,167,-208
60,-41,78,-37,-5,-86,-51,-20,-17,119,61,97,48,-84,-67,-119
139,-174,-33,-350,194,-296,301,22,199,298,-7,299,-196,114,-308,-52
34,-73,-43,-199,74,-136,136,61,123,128,20,63,-124,43,-186,48
-195,96,-48,227,-289,99,-349,-30,-98,-222,205,-354,260,-168,159,197
-345,59,-228,429,-547,18,-508,-311,-57,-458,437,-407,542,-104,313,380
-394,-88,-502,386,-607,-242,-297,-636,220,-551,565,-180,583,241,255,545
-372,-83,-535,382,-515,-221,-164,-693,256,-589,498,-65,508,395,223,527
-253,46,-273,355,-303,49,-204,-368,9,-444,251,-153,366,182,244,294
-61,47,-48,58,-42,105,-75,11,-63,-126,14,-121,86,-5,94,63
50,-148,-90,-339,97,-152,253,62,218,125,15,126,-179,145,-202,87
40,-282,-214,-413,65,-364,387,-143,463,129,154,342,-222,392,-376,192
38,-223,-144,-243,74,-313,292,-228,363,74,170,363,-156,388,-336,140
117,-96,28,-148,221,-149,240,-83,132,165,-25,324,-182,202,-245,-81
115,-41,53,-129,235,-56,225,39,26,173,-155,226,-182,77,-126,-150
-47,44,-63,97,-40,48,-18,-79,-46,-112,-3,-26,61,36,99,11
-200,157,-77,424,-315,203,-383,-199,-188,-405,165,-293,414,-61,332,129
-98,204,102,415,-203,245,-423,-60,-313,-258,61,-276,349,-201,309,-41
142,128,269,31,190,118,-27,234,-235,216,-245,16,-110,-227,23,-312
218,-7,218,-270,316,-21,267,305,7,413,-318,208,-411,-107,-191,-297
-18,-120,-125,-189,-25,-118,189,-17,259,45,39,99,-175,143,-147,117
-311,-240,-602,-28,-432,-284,68,-487,479,-436,513,-25,241,480,-74,614
-362,-333,-848,-91,-427,-500,223,-688,640,-504,641,97,298,723,-171,771
-162,-338,-635,-269,-91,-539,445,-505,592,-165,382,343,22,664,-325,505
23,-256,-195,-288,128,-370,346,-201,355,120,138,345,-169,334,-309,155
15,-132,26,-141,-4,-165,33,-46,145,95,118,97,-25,53,-126,76
-111,-16,-41,39,-197,-10,-170,-27,4,-122,139,-198,185,-62,115,177
-150,110,-119,184,-180,144,-161,12,-133,-228,-1,-321,209,-98,296,149
-95,126,-82,201,-51,182,-50,5,-177,-168,-148,-183,111,-79,302,-9
-81,-48,-170,75,-48,-63,80,-204,85,-101,24,87,66,120,79,52
-160,-258,-425,-69,-230,-383,158,-468,423,-161,364,238,115,374,-143,317
-230,-212,-481,26,-383,-334,48,-456,403,-253,423,67,203,315,-79,412
-216,51,-262,286,-347,30,-197,-200,-11,-276,162,-241,279,-60,251,217
-134,164,-92,343,-191,174,-220,-46,-233,-220,-44,-278,270,-185,369,29
5,-10,-128,1,81,-65,161,-97,19,-21,-65,100,19,140,34,12
231,-175,-32,-435,444,-259,606,25,280,325,-195,522,-453,393,-432,-101
423,-115,302,-585,721,-78,679,375,156,614,-474,572,-768,189,-549,-409
335,6,370,-399,553,81,383,456,-58,518,-455,286,-573,-91,-315,-440
-22,-48,-90,-122,-6,-81,48,21,45,8,47,-19,14,26,-43,63
-310,-131,-518,102,-404,-262,-91,-421,237,-413,467,-149,401,282,72,535
-254,-25,-320,241,-307,-89,-164,-329,92,-355,307,-164,317,158,131,370
-37,167,145,306,-51,195,-231,31,-239,-89,-85,-189,120,-195,225,-52
-29,191,153,281,-77,221,-279,91,-325,-83,-111,-259,200,-257,320,-104
-140,95,-136,250,-245,81,-248,-116,-194,-270,83,-281,404,-122,357,115
-98,100,-47,244,-138,148,-204,-52,-230,-183,-4,-210,312,-160,325,-12
121,169,366,170,173,320,-144,252,-364,152,-330,-65,-73,-371,194,-398
210,132,451,14,235,264,-20,318,-214,290,-349,68,-302,-279,-18,-434
79,-19,96,-84,33,29,94,53,140,72,-35,136,-228,111,-186,-91
2,-64,-95,-81,-18,-83,132,-120,213,-39,99,172,-119,266,-208,47
147,-25,149,-106,247,-43,159,50,-2,212,-120,265,-201,43,-177,-238
285,-27,323,-255,461,-89,258,236,-76,499,-315,360,-361,-118,-252,-452
212,-102,113,-349,304,-203,345,178,133,448,-204,317,-395,-10,-317,-253
6,-115,-213,-226,-28,-143,285,17,295,102,-9,125,-276,138,-220,66
-191,-81,-351,19,-282,-47,63,-190,271,-231,187,-67,13,193,-28,265
-346,-150,-504,170,-483,-244,-148,-538,327,-483,550,-83,391,338,38,509
-444,-254,-666,231,-665,-497,-255,-848,440,-614,873,-45,674,508,15,745
-356,-80,-448,330,-598,-268,-341,-580,206,-514,620,-198,585,235,158,547
-68,293,216,423,-206,434,-431,228,-417,-150,-178,-482,171,-463,432,-101
179,466,684,277,167,771,-397,796,-737,201,-658,-566,-153,-821,466,-512
141,152,380,-68,151,271,-128,469,-269,217,-272,-215,-163,-347,66,-221
-60,-321,-342,-328,-121,-538,227,-329,510,14,442,293,9,438,-426,351
-151,-508,-703,-320,-261,-824,412,-723,814,-88,642,504,71,721,-512,548
-97,-286,-446,-154,-158,-438,268,-408,453,-53,301,256,39,384,-223,336
-24,43,38,32,-64,108,-106,97,-78,-47,-12,-170,53,-99,82,47
-37,245,310,226,-120,417,-485,293,-396,-158,-33,-441,197,-360,254,-105
-106,285,257,393,-220,380,-582,120,-432,-251,55,-423,335,-331,331,-114
-144,133,-14,342,-220,104,-364,-146,-217,-273,142,-232,389,-95,284,52
-124,-85,-264,46,-136,-193,-36,-267,82,-221,258,-23,296,223,41,303
-71,-146,-205,-194,-106,-186,38,-122,223,-120,303,-8,111,258,-199,321
-47,20,63,-48,-167,132,-187,143,38,-87,139,-197,6,-71,-69,69
-101,190,149,294,-268,350,-389,154,-218,-181,-30,-378,113,-326,287,-66
-203,118,-127,411,-286,149,-304,-200,-164,-370,98,-294,387,-51,406,192
-248,-105,-429,265,-235,-238,-84,-611,110,-500,433,4,545,462,163,500
-246,-154,-396,194,-267,-258,-102,-649,229,-509,551,107,475,558,-16,464
-249,45,-171,369,-415,101,-318,-346,58,-457,314,-139,305,139,171,175
-231,203,-81,465,-456,347,-359,-69,-92,-362,6,-366,153,-211,412,9
-102,95,-94,196,-195,171,-46,21,-30,-140,-139,-201,-10,-115,279,24
88,-47,-16,-124,144,-46,225,49,52,110,-161,109,-144,77,-21,-13
126,13,149,-50,146,65,68,123,-72,107,-170,56,-88,-50,16,-118
-37,213,211,350,-158,353,-334,144,-315,-92,-163,-320,118,-383,377,-157
-109,278,206,511,-246,412,-452,148,-406,-128,-210,-431,179,-540,536,-206
85,189,317,176,88,243,-164,256,-316,170,-320,-107,-83,-414,244,-366
290,70,426,-239,408,121,151,424,-197,433,-428,151,-362,-236,-89,-460
231,29,294,-291,285,146,152,441,-102,320,-332,17,-316,-181,-88,-253
13,18,26,-74,-66,145,-26,242,-26,31,-98,-218,-57,-175,64,46
-27,-11,-46,19,-141,73,-44,77,26,-19,-14,-140,-13,-139,58,42
67,8,89,-29,37,62,47,68,27,113,-100,93,-195,-71,-71,-192
57,49,104,32,74,137,31,63,-25,28,-125,81,-164,-4,-25,-180
-122,94,-103,267,-137,148,-154,-109,-124,-251,33,-185,204,-20,236,103
-179,108,-167,405,-214,76,-271,-180,-257,-286,78,-322,470,-159,437,203
22,162,178,239,43,138,-241,121,-413,44,-186,-245,254,-376,380,-121
226,253,579,-9,323,392,-140,560,-492,310,-500,-175,-188,-515,229,-473
222,282,589,-39,333,587,-106,674,-440,210,-537,-242,-338,-420,152,-432
70,242,310,144,145,522,-132,420,-355,-36,-354,-315,-113,-257,212,-145
-1,195,103,297,13,336,-158,153,-342,-118,-221,-293,137,-227,327,-32
-15,192,107,351,-86,271,-252,85,-367,-101,-168,-282,236,-327,397,-100
-94,194,106,355,-185,296,-364,61,-333,-171,-83,-322,260,-342,423,-107
-129,161,85,307,-144,253,-343,30,-284,-194,-37,-295,222,-278,361,-73
40,144,236,101,141,191,-146,198,-293,70,-179,-137,24,-265,180,-196
266,142,484,-171,421,190,40,496,-310,405,-414,0,-286,-329,-39,-390
236,78,430,-235,309,162,37,477,-168,356,-295,-1,-322,-255,-116,-298
-70,-79,-92,-53,-165,-67,-76,-98,138,-115,222,-49,101,83,-65,180
-323,-242,-614,145,-500,-382,-92,-683,393,-502,652,-5,518,452,-8,633
-259,-235,-622,96,-408,-396,26,-652,397,-442,578,45,439,507,-37,616
-81,-65,-206,11,-134,-36,55,-147,178,-197,142,-39,59,207,-21,271
-63,157,88,196,-123,366,-159,149,-126,-195,-112,-282,-23,-114,217,19
-195,295,66,560,-328,495,-461,1,-334,-432,-61,-483,293,-240,544,40
-192,275,19,639,-332,392,-502,-110,-398,-441,-13,-443,464,-263,591,52
2,175,156,243,-9,236,-194,108,-294,-37,-163,-186,113,-244,277,-123
174,36,228,-191,256,108,153,309,-69,304,-300,78,-322,-178,-95,-282
57,-39,12,-149,87,-32,157,92,104,149,-104,101,-238,-11,-100,-92
-245,-9,-331,245,-349,-73,-148,-334,119,-357,257,-154,289,132,197,304
-372,86,-390,461,-526,44,-368,-395,-29,-603,346,-407,563,81,437,459
-165,169,-72,261,-203,238,-266,24,-228,-308,-7,-400,277,-126,394,156
131,206,273,-3,241,308,-8,410,-334,142,-399,-170,-136,-281,182,-272
176,170,326,-20,282,215,6,318,-283,217,-357,-7,-167,-244,93,-359
-59,98,94,176,-91,95,-219,-41,-131,-89,26,-69,115,-109,143,-109
-246,70,-109,261,-363,85,-357,-196,-26,-348,252,-245,293,-54,251,128
-199,93,-104,184,-296,164,-252,-33,-68,-291,95,-303,210,-92,309,119
-42,121,-9,122,-73,165,-100,95,-168,-121,-117,-243,119,-124,274,34
-18,75,24,147,-32,65,-133,-24,-176,-99,-18,-138,225,-76,197,59
-94,-16,-35,157,-143,-62,-233,-200,-53,-164,249,-85,302,15,73,142
-96,-99,-77,-22,-105,-146,-99,-167,100,-91,280,30,145,87,-83,138
51,-180,-107,-293,93,-277,233,-76,231,138,94,220,-115,189,-250,84
143,-238,-155,-407,245,-440,467,-95,313,288,11,410,-214,297,-337,71
135,-213,-107,-326,283,-429,426,-138,253,278,-8,417,-165,281,-276,30
163,-43,115,-198,339,-127,254,75,-25,266,-182,255,-188,52,-117,-166
235,120,366,-162,427,190,136,394,-256,329,-416,81,-308,-205,-31,-382
226,81,332,-191,333,124,107,362,-180,333,-310,75,-259,-190,-92,-342
79,-97,31,-189,100,-205,75,-45,79,136,109,196,-4,86,-201,-42
-60,-151,-203,-89,-55,-326,34,-341,198,-108,341,227,184,330,-189,174
-119,-39,-217,49,-88,-87,22,-279,131,-266,228,85,153,343,-55,187
-152,15,-248,113,-201,47,-12,-212,163,-340,174,-47,94,297,13,235
-232,-125,-393,60,-359,-159,-1,-366,353,-327,360,0,137,315,-43,365
-178,-219,-392,-55,-254,-341,89,-394,381,-156,366,135,110,290,-120,315
2,-74,-92,-98,95,-131,149,-73,81,74,-6,152,-73,74,-64,-28
77,113,142,16,223,157,50,165,-199,87,-246,19,-105,-85,53,-216
-67,100,-1,191,-74,79,-144,-64,-116,-133,43,-102,142,-17,104,26
-165,-42,-204,192,-253,-127,-116,-309,106,-226,267,-46,263,117,78,239
58,-6,27,-16,131,11,159,15,5,78,-164,101,-117,18,27,-56
328,162,435,-156,582,378,345,536,-276,384,-709,138,-528,-180,-4,-493
213,176,338,-58,401,379,155,397,-269,184,-483,35,-328,-120,5,-344
-176,-20,-247,167,-242,-50,-132,-270,84,-331,301,-106,292,195,33,312
-355,-128,-573,226,-536,-230,-168,-558,284,-547,587,-176,509,372,83,641
-160,-5,-254,92,-204,51,16,-142,141,-296,119,-145,94,206,103,327
77,105,146,-51,162,274,154,246,-30,30,-314,-43,-314,27,37,-102
115,-2,105,-195,226,14,254,123,103,158,-193,190,-335,151,-158,-109
118,-245,-178,-471,240,-462,505,-103,420,261,53,457,-318,411,-461,75
151,-396,-316,-757,309,-628,738,-59,615,386,81,572,-448,525,-680,170
61,-378,-334,-689,147,-516,570,-48,617,238,196,393,-355,468,-581,275
-199,-278,-391,-233,-282,-387,66,-314,465,-169,507,64,132,340,-252,467
-263,-114,-325,159,-414,-242,-226,-419,195,-325,500,-97,398,163,32,380
19,43,35,91,13,21,-22,-9,-65,44,-49,34,-7,-54,21,-101
320,88,394,-222,487,168,280,418,-149,457,-501,250,-499,-164,-182,-509
269,-4,353,-305,415,3,211,320,-65,417,-281,242,-360,-80,-245,-344
17,-82,50,-114,43,-198,-73,-73,-6,49,190,65,161,55,-96,70
-103,-37,-103,51,-91,-144,-143,-193,-39,-155,244,-56,334,79,67,197
-31,5,-49,28,18,40,22,-38,-24,-84,-30,-7,52,65,78,35
38,-44,-2,-63,41,18,134,-3,81,30,-83,115,-131,78,-22,-60
76,-109,102,-127,42,-121,57,-29,114,164,57,189,-93,6,-163,-86
186,-49,357,-194,224,-56,-14,211,-55,386,-61,175,-205,-208,-247,-287
278,107,555,-203,429,235,38,556,-261,506,-421,70,-456,-403,-157,-534
156,221,391,-18,298,397,14,517,-318,265,-512,-121,-356,-380,124,-422
-116,175,16,285,-130,283,-200,98,-266,-181,-161,-344,162,-238,420,6
-267,118,-152,450,-417,166,-462,-174,-239,-430,204,-484,566,-205,491,289
-272,115,-29,390,-407,230,-571,-81,-233,-387,279,-512,507,-275,356,258
-238,116,12,265,-329,275,-451,36,-162,-326,199,-460,287,-236,253,181
-230,43,-209,169,-306,94,-210,-77,-9,-317,163,-323,245,-25,219,278
-120,-74,-329,35,-169,-173,81,-214,124,-157,137,-66,208,152,96,298
128,-128,-81,-149,169,-260,289,-79,127,187,-44,244,-70,155,-176,28
305,-43,273,-231,457,-91,322,192,-19,460,-288,362,-385,15,-313,-309
253,91,334,-80,401,115,183,278,-155,337,-359,194,-334,-92,-155,-345
12,104,33,149,65,143,-23,36,-155,-46,-139,-62,22,-50,120,-65
-204,-2,-260,249,-290,20,-134,-284,46,-347,193,-132,291,104,198,227
-225,-112,-328,156,-394,-107,-118,-388,224,-351,346,-34,263,183,97,286
-184,-84,-231,73,-300,-99,-87,-236,188,-212,233,-43,134,92,69,187
-208,24,-222,151,-301,-3,-178,-101,-1,-219,155,-245,225,-69,222,181
-317,60,-314,311,-422,31,-345,-201,-76,-416,272,-412,448,-83,340,333
-336,-23,-379,327,-459,-84,-320,-391,47,-466,428,-275,511,86,247,417
-172,-114,-265,94,-234,-220,-88,-369,171,-248,348,19,288,226,0,284
-44,-125,-134,-114,-45,-223,48,-153,155,-26,181,99,82,167,-92,133
-157,-54,-154,-43,-224,-62,-165,-52,56,-164,235,-205,209,-11,72,217
-319,11,-210,175,-507,102,-454,-92,-11,-418,388,-505,433,-138,271,370
-196,35,-78,183,-373,141,-369,-31,-47,-285,239,-388,302,-158,220,237
112,-11,166,-86,100,53,48,178,-31,175,-131,30,-148,-114,-67,-127
203,-74,188,-276,302,-75,267,193,66,357,-213,268,-359,-19,-260,-249
-11,-121,-82,-130,30,-170,108,-85,171,69,96,163,-94,117,-182,32
-163,-127,-258,29,-200,-220,-40,-308,198,-196,304,9,209,206,-19,295
-42,-126,-132,-56,-71,-202,43,-174,148,-57,167,59,117,154,-34,215
64,-92,58,-121,5,-121,55,16,105,146,34,76,-62,-13,-101,10
-82,11,64,125,-280,49,-265,-21,25,-53,146,-134,73,-186,53,-3
-234,170,9,478,-486,253,-532,-114,-154,-353,182,-393,331,-257,348,66
-87,250,95,413,-157,325,-311,27,-325,-250,-121,-318,226,-198,419,-58
169,150,222,-26,343,201,144,270,-253,171,-438,26,-185,-104,139,-271
233,-6,244,-310,411,47,303,352,-41,387,-386,189,-438,-96,-155,-315
114,-38,218,-214,129,37,82,273,60,301,-136,74,-337,-176,-190,-207
77,9,234,-50,10,88,-89,182,-2,147,-26,-31,-167,-159,-120,-105
94,-6,186,-87,106,42,-7,84,15,73,24,75,-112,56,-188,-49
48,-110,16,-158,96,-97,94,-93,172,-2,146,227,-112,280,-278,22
-11,-128,-107,-98,0,-141,120,-199,241,-38,155,247,-97,270,-217,26
13,-83,-111,-16,9,-133,144,-167,157,23,30,195,-70,147,-98,-14
10,-110,-182,-56,26,-246,170,-221,144,7,97,182,58,214,-85,103
-105,-208,-347,-118,-129,-427,88,-395,281,-133,403,164,256,386,-166,374
-148,-189,-303,-85,-212,-393,-46,-356,251,-161,463,60,286,264,-139,358
10,9,35,22,-14,-71,-80,11,-67,73,26,-22,70,-127,46,-72
99,166,221,113,147,191,-41,224,-269,167,-333,-53,-112,-296,203,-341
-70,128,-7,233,-108,170,-110,-23,-120,-124,-102,-100,34,-104,219,-95
-210,72,-172,341,-386,98,-261,-230,43,-345,212,-190,205,29,174,147
-14,203,192,307,-156,280,-271,99,-207,-83,-98,-202,39,-238,194,-142
271,356,643,197,326,520,-160,554,-574,290,-610,-154,-230,-545,252,-597
213,286,517,196,308,478,-134,431,-514,202,-529,-127,-162,-440,262,-512
-65,94,45,256,-144,189,-199,-31,-114,-126,-4,-137,91,-130,163,-50
-52,8,-17,183,-242,43,-140,-82,84,-48,99,-59,-11,-88,-15,15
236,98,389,-37,186,136,44,328,-91,379,-308,104,-385,-265,-135,-393
346,135,548,-149,436,166,108,439,-236,486,-476,188,-432,-274,-107,-561
81,35,208,-12,119,23,-63,51,-130,102,-83,76,5,-82,49,-190
-176,-29,-163,201,-317,-94,-271,-265,5,-252,291,-143,395,-4,212,200
-198,29,-222,278,-419,-58,-268,-214,1,-272,247,-278,383,-79,261,268
-119,-2,-206,142,-264,-54,-73,-135,95,-149,123,-155,140,6,100,237
-24,-226,-286,-199,-56,-296,308,-249,439,11,182,263,-166,356,-288,242
149,-454,-254,-581,213,-601,670,-283,728,300,198,717,-464,604,-712,157
270,-409,-67,-692,358,-591,682,-96,627,505,90,745,-566,491,-783,-12
104,-132,19,-339,112,-272,194,43,250,237,84,227,-229,146,-357,7
-191,99,-56,178,-313,66,-364,-31,-86,-216,198,-342,264,-165,189,134
-189,144,19,326,-324,163,-466,-24,-225,-215,137,-372,313,-325,323,2
90,102,270,74,63,108,-159,171,-203,176,-121,-31,-48,-307,54,-277
191,50,318,-137,225,16,47,238,-82,296,-175,109,-222,-126,-154,-248
52,-8,81,-118,7,-62,0,77,71,64,41,-3,-68,50,-117,65
27,-75,-16,-158,-18,-161,87,16,137,111,31,56,-85,33,-85,42
227,-112,203,-331,329,-213,330,182,94,515,-279,360,-416,-125,-199,-357
303,-80,300,-335,440,-159,371,244,46,606,-388,437,-523,-135,-249,-487
55,-21,25,-89,51,-78,110,24,105,134,-50,124,-166,17,-96,-75
-124,-31,-203,30,-217,-15,-28,-113,148,-199,160,-102,83,109,7,220
53,-26,-30,-115,105,54,165,94,62,80,-118,71,-170,12,-66,-70
257,40,244,-212,466,116,334,300,-102,371,-450,278,-440,-66,-154,-436
159,107,170,-23,317,146,203,159,-112,166,-334,163,-271,6,-54,-277
-25,61,-69,145,-41,78,6,-92,-7,-152,-1,-32,39,133,40,100
40,-50,-49,-3,14,-46,108,-93,105,-11,-4,99,-22,140,-54,82
221,-113,121,-233,311,-135,350,48,128,327,-215,382,-330,85,-223,-209
185,-87,53,-224,294,-166,386,31,165,331,-209,412,-398,125,-251,-229
1,-65,-180,-125,7,-187,232,-86,255,78,18,182,-210,184,-194,39
-70,-94,-227,-181,-83,-173,145,-55,254,-8,131,47,-98,170,-179,171
17,-98,-26,-283,114,-106,146,59,159,84,38,112,-154,138,-184,34
104,-79,145,-250,271,-33,188,56,76,132,-72,245,-204,162,-170,-109
129,-51,137,-99,219,-22,173,-34,76,122,-87,297,-201,167,-152,-150
90,12,106,34,61,-25,52,-28,19,134,-81,180,-130,-30,-72,-190
-29,154,120,230,-136,111,-239,69,-191,47,-89,-136,52,-334,188,-223
-135,278,130,392,-216,297,-437,142,-393,-109,-127,-415,220,-507,447,-199
-51,218,130,213,-39,270,-217,222,-318,-19,-207,-306,68,-358,324,-171
155,11,145,-204,250,53,211,274,-33,262,-264,65,-281,-94,-108,-173
161,-72,111,-285,240,-22,221,215,70,247,-138,140,-286,18,-244,-90
-82,72,23,90,-65,150,-185,58,-141,-148,55,-212,154,-94,121,64
-146,184,11,298,-104,196,-322,-10,-323,-257,26,-335,350,-162,355,54
106,-12,40,-115,300,-143,186,1,-98,176,-143,190,-19,49,-20,-119
244,-335,-125,-536,486,-562,678,-167,371,439,-58,716,-337,440,-498,-64
-37,-374,-429,-315,43,-568,458,-487,550,3,309,519,-61,606,-368,306
-349,-108,-493,189,-419,-155,-110,-496,258,-517,441,-111,377,346,144,497
-231,135,-152,230,-278,183,-267,-41,-123,-357,83,-365,260,-67,333,178
83,156,187,-87,160,220,14,378,-214,142,-323,-156,-172,-243,111,-225
128,77,139,-149,190,123,157,317,-79,207,-313,-21,-264,-144,7,-176
-7,7,-69,10,-22,13,84,25,20,-8,-87,-58,-36,-3,75,79
38,-69,-66,-99,55,-174,161,-25,89,119,-8,95,-53,57,-89,62
178,-171,44,-406,292,-373,331,53,197,412,-16,385,-284,115,-411,-137
67,-174,-1,-331,122,-322,197,-42,277,256,132,328,-238,164,-406,-70
-180,-37,-141,69,-257,-52,-150,-191,179,-215,285,-50,69,119,-40,170
-203,-3,-114,132,-254,65,-194,-135,68,-281,199,-175,152,44,114,191
-4,-111,-80,-205,50,-152,116,-50,134,30,84,128,-23,143,-124,59
44,-207,-217,-316,53,-353,286,-159,299,84,163,297,-59,320,-295,99
-66,-75,-237,-3,-160,-139,84,-189,205,-129,158,77,44,244,-95,165
31,172,154,189,-12,291,-106,170,-160,-34,-189,-146,-91,-141,104,-122
266,218,612,-23,422,429,-55,555,-410,348,-506,-44,-350,-406,11,-520
268,51,502,-222,443,188,21,405,-266,362,-299,126,-258,-226,-131,-436
18,-117,-25,-129,23,-124,30,-105,89,-19,152,124,99,153,-115,67
-58,-183,-284,-113,-116,-284,140,-285,278,-120,251,121,142,345,-122,320
100,-234,-173,-347,141,-402,390,-117,325,175,78,309,-126,340,-303,192
87,-300,-193,-445,160,-466,383,-134,373,191,151,355,-125,360,-371,195
-175,-233,-387,-134,-238,-296,50,-318,326,-209,395,35,235,294,-103,402
-212,26,-246,193,-332,128,-218,-90,-19,-315,166,-318,269,-80,217,231
149,301,361,152,178,500,-88,543,-441,194,-521,-289,-232,-498,215,-387
433,310,681,-77,631,453,149,764,-510,571,-819,17,-556,-482,-12,-701
244,76,290,-71,373,61,158,197,-183,256,-292,179,-176,-16,-87,-264
-115,-151,-302,89,-187,-273,-26,-437,148,-259,354,70,397,314,42,349
-263,-169,-422,185,-415,-292,-184,-497,148,-368,470,-109,544,158,177,452
-246,-51,-258,252,-377,-92,-286,-271,-9,-247,299,-235,424,-127,259,249
-250,28,-185,333,-379,34,-336,-240,-49,-312,238,-261,363,-103,282,189
-162,18,-155,216,-271,62,-194,-211,17,-308,191,-141,254,72,170,175
95,9,94,-105,105,83,77,132,-5,75,-111,42,-131,21,-72,-74
305,50,380,-311,382,121,215,508,-110,477,-418,109,-475,-244,-211,-388
261,91,403,-210,304,147,88,514,-160,472,-384,16,-428,-367,-147,-391
127,65,267,-98,110,124,-48,330,-123,244,-172,-77,-198,-270,-72,-195
108,8,205,-161,92,107,-20,277,-54,141,-90,-78,-149,-127,-102,-77
50,1,99,-140,43,161,12,238,4,42,-63,-102,-144,-57,-74,3
-116,70,-85,156,-177,233,-106,22,-35,-218,-11,-214,38,-49,155,87
-124,209,9,425,-155,343,-252,-24,-255,-273,-106,-258,157,-156,349,-48
127,360,484,333,233,478,-275,339,-586,61,-416,-216,-14,-411,322,-433
246,410,751,214,351,523,-378,597,-717,234,-483,-258,-66,-560,245,-558
-29,297,345,325,-145,388,-542,236,-449,-157,-40,-442,268,-384,331,-119
-283,98,-207,385,-548,129,-441,-215,-37,-484,328,-417,453,-54,325,302
-21,-65,-157,-56,-120,-59,82,-53,147,-42,43,-1,-19,70,-27,98
424,-166,249,-673,615,-161,626,441,179,672,-414,482,-707,68,-530,-348
415,-274,181,-799,646,-369,713,293,368,674,-221,630,-719,307,-755,-200
6,-350,-362,-453,47,-569,424,-356,608,50,397,472,-151,650,-581,334
-174,-249,-476,-113,-240,-427,159,-478,469,-222,474,234,129,495,-249,385
-22,41,-7,58,-59,72,-46,59,-53,20,-85,-56,-25,-154,108,-129
-40,223,197,265,-150,398,-310,282,-353,-14,-268,-366,49,-538,425,-270
-364,135,-250,527,-614,220,-527,-265,-143,-552,263,-519,552,-203,540,265
-500,-28,-599,511,-736,-106,-440,-670,145,-786,649,-367,749,247,389,673
-185,4,-269,193,-245,-60,-120,-261,54,-312,228,-154,295,141,140,313
127,76,163,-29,180,170,111,274,-129,186,-322,-43,-230,-195,63,-186
55,-65,-60,-118,57,-17,224,74,113,140,-173,87,-221,-41,-13,-52
-111,-347,-504,-244,-170,-533,333,-448,551,-54,355,317,14,444,-253,368
-26,-334,-372,-367,-57,-610,310,-373,526,70,399,384,-22,479,-427,306
104,40,210,-92,67,-3,-65,155,-53,173,-16,35,-99,-97,-130,-146
-44,376,396,507,-195,583,-579,256,-516,-171,-192,-468,181,-543,454,-282
-293,350,14,819,-516,548,-675,-134,-450,-571,19,-599,533,-391,735,32
-260,126,-270,482,-368,154,-283,-285,-140,-463,109,-319,439,-47,478,218
17,11,-69,-41,44,-22,96,53,-21,18,-83,-47,-5,-1,54,40
133,41,155,-235,196,3,105,274,-33,219,-156,21,-199,-73,-128,-126
-2,-40,-13,-140,14,-131,9,-1,89,30,121,42,-15,90,-146,55
-126,-213,-365,-138,-143,-415,139,-373,371,-105,387,180,119,372,-224,342
-70,-309,-459,-268,-93,-509,362,-373,545,-3,323,306,-45,473,-346,396
29,-263,-273,-349,-20,-332,400,-137,530,100,159,299,-294,391,-426,244
-4,-164,-137,-266,-64,-147,198,-66,402,12,183,188,-252,300,-373,139
-133,-99,-206,-70,-227,-133,-40,-192,264,-184,346,19,60,239,-191,225
-234,-65,-335,140,-431,-139,-222,-303,146,-325,430,-184,372,96,57,360
-248,-33,-312,215,-490,-84,-286,-267,85,-336,376,-288,437,-16,182,374
-115,-53,-120,65,-256,-55,-185,-122,59,-147,247,-141,225,-43,56,197
58,-26,128,-114,87,-47,-41,81,-26,127,28,35,-28,-72,-110,-60
97,84,238,-65,207,77,-45,256,-209,215,-181,-67,-82,-249,15,-174
20,206,240,137,67,296,-178,325,-342,70,-274,-314,-6,-386,288,-132
6,183,186,119,-3,319,-130,267,-224,-3,-257,-270,-63,-262,244,-107
73,-20,68,-166,111,-4,141,97,97,110,-94,112,-215,71,-125,-89
-27,-190,-268,-247,-16,-375,222,-221,336,16,253,249,-37,328,-296,177
-380,-181,-651,168,-544,-353,-161,-581,293,-489,636,-177,572,304,76,659
-582,-13,-685,597,-866,-27,-579,-643,45,-898,717,-615,954,112,509,825
-341,58,-283,442,-492,174,-448,-342,-92,-615,375,-417,599,14,413,395
70,-60,47,-113,133,-55,126,-54,79,63,-16,228,-102,153,-115,-120
190,-238,-75,-443,295,-414,511,-92,369,355,-37,585,-381,347,-456,-138
42,-242,-281,-338,38,-425,390,-179,420,175,123,357,-188,311,-358,111
16,-76,-65,-149,-25,-47,88,81,113,89,10,14,-86,-24,-115,22
156,104,360,-95,194,276,-41,410,-218,257,-289,-78,-227,-344,-8,-344
123,111,320,-26,163,226,-50,280,-202,165,-243,-29,-157,-235,46,-284
-182,19,-200,189,-248,37,-135,-208,57,-315,192,-158,216,140,150,256
-398,-5,-484,355,-554,35,-263,-419,157,-661,448,-357,477,254,260,604
-316,76,-275,365,-484,177,-340,-206,-5,-503,280,-424,367,-12,292,371
-200,94,-54,309,-351,150,-358,-85,-94,-255,149,-300,265,-193,272,97
-276,-23,-243,283,-413,-93,-316,-365,47,-353,361,-180,426,20,229,280
-353,-93,-452,259,-438,-189,-221,-529,156,-508,490,-173,524,263,201,514
-176,38,-193,171,-168,105,-125,-142,-62,-323,118,-214,260,73,212,234
71,212,281,110,162,417,-87,367,-354,62,-382,-212,-120,-330,226,-290
132,133,338,-8,210,303,-7,341,-231,212,-356,-40,-244,-297,76,-359
31,-232,-80,-240,75,-247,236,-148,316,100,143,307,-168,257,-293,75
14,-490,-394,-456,42,-616,494,-472,698,57,441,591,-140,688,-612,374
97,-337,-231,-354,128,-446,427,-310,458,125,249,504,-124,496,-515,185
110,32,120,22,158,26,27,41,-125,104,-89,97,-10,-25,-64,-148
5,199,183,248,44,241,-239,139,-355,-54,-138,-216,133,-244,229,-136
-98,72,-50,131,-95,112,-129,10,-91,-156,30,-208,123,-41,147,113
-97,-53,-163,-6,-122,-7,25,-97,138,-157,104,-57,19,135,8,186
-16,68,80,78,-15,157,-63,52,-65,-61,-78,-52,-30,-39,96,-74
81,239,387,200,112,346,-243,296,-403,60,-282,-176,-8,-345,246,-329
97,192,339,118,91,225,-229,295,-356,138,-214,-187,12,-380,167,-286
-38,6,-33,47,-185,-50,-133,7,2,6,96,-101,93,-129,31,16
-195,-28,-227,183,-417,-54,-199,-238,147,-252,267,-139,208,4,112,190
-161,140,-22,373,-326,258,-326,-89,-124,-298,66,-280,202,-158,302,50
20,252,278,339,-57,481,-289,259,-381,-69,-263,-331,23,-385,318,-192
94,190,292,176,32,357,-169,339,-323,115,-296,-249,-71,-414,189,-225
-7,95,84,123,-112,116,-160,133,-140,48,-93,-162,12,-274,134,-136
-73,71,-2,90,-127,39,-135,-16,-42,-43,-6,-75,33,-128,126,-112
16,20,52,-61,115,6,64,60,-17,89,-110,83,-145,-29,-17,-171
121,-29,60,-176,259,-66,229,105,26,215,-160,185,-235,41,-167,-146
63,27,58,8,74,11,40,56,-60,97,-71,33,-63,-60,-36,-82
-16,202,207,268,-101,276,-300,166,-290,-27,-118,-261,68,-335,218,-178
68,244,356,158,4,398,-246,432,-347,144,-326,-310,-142,-522,209,-330
178,38,201,-219,188,140,174,467,-66,367,-365,-67,-394,-319,-74,-230
85,-182,-200,-326,93,-215,399,77,263,233,-104,145,-252,85,-197,99
-100,-180,-388,-66,-121,-265,228,-280,283,-87,131,125,48,240,-37,234
-73,-43,-163,58,-71,-99,74,-176,108,-43,30,99,-12,67,35,-8
197,-18,203,-216,222,-65,199,220,28,375,-229,208,-355,-119,-198,-308
364,-51,368,-463,415,-119,281,426,12,614,-283,267,-460,-158,-386,-362
269,-6,366,-280,300,-35,52,313,-116,368,-148,127,-177,-138,-210,-250
71,92,279,71,95,156,-197,112,-225,22,-55,-47,73,-134,75,-177
-30,99,118,155,-29,177,-169,17,-148,-93,-50,-77,50,-110,158,-134
-61,64,-27,95,-123,74,-78,17,-31,-58,-47,-111,3,-103,151,-17
-89,100,-45,161,-208,117,-155,57,-98,-114,-52,-279,138,-184,288,70
-106,144,-11,260,-191,245,-218,82,-199,-187,-100,-367,187,-233,392,92
-36,18,-69,110,-44,154,36,15,-28,-88,-133,-109,-15,-58,170,55
90,-136,-127,-176,148,-85,368,-23,230,132,-124,256,-292,185,-189,-8
165,-79,32,-215,222,-93,313,76,130,244,-182,270,-298,86,-196,-157
96,127,242,56,98,158,-81,194,-215,128,-226,-69,-66,-247,146,-235
-92,160,120,261,-147,220,-315,80,-254,-110,-68,-302,193,-315,354,-52
-204,-78,-267,119,-282,-90,-121,-235,132,-253,272,-135,237,72,95,290
-115,-286,-447,-243,-135,-440,239,-396,487,-122,426,269,45,480,-352,363
84,-298,-238,-411,122,-451,403,-249,462,143,246,492,-191,476,-512,98
116,-137,-4,-227,144,-196,254,-67,212,207,-13,342,-226,158,-268,-124
11,41,47,108,-44,92,-45,0,-32,18,-76,-11,-45,-114,75,-95
-19,160,118,234,-73,258,-196,117,-195,-80,-97,-211,43,-214,176,-91
145,136,276,-27,216,246,-44,313,-220,132,-205,-71,-153,-180,-54,-221
252,-26,287,-348,465,60,255,332,-27,355,-255,218,-390,-8,-315,-246
152,-124,87,-322,352,-103,340,109,128,262,-147,297,-319,129,-257,-106
28,46,38,54,99,81,61,11,-72,22,-163,49,-54,-22,116,-112
61,349,290,340,47,427,-231,256,-471,-6,-403,-230,31,-385,411,-399
133,379,407,262,108,514,-231,452,-510,117,-480,-253,-116,-502,306,-525
80,115,175,2,33,206,-35,268,-102,113,-191,-87,-193,-209,-13,-199
-36,-68,-45,-78,-89,-31,14,8,178,-7,114,-22,-108,48,-143,135
-3,89,140,86,-59,118,-162,118,-96,1,-21,-150,6,-143,59,-14
110,341,459,282,89,442,-347,426,-571,102,-372,-356,53,-552,356,-363
123,411,494,300,134,534,-371,525,-705,118,-469,-463,98,-653,455,-399
108,258,374,126,174,404,-228,455,-487,87,-338,-345,42,-428,270,-213
177,149,413,-71,298,339,-33,443,-275,201,-311,-117,-213,-234,-13,-227
220,186,506,-38,289,422,-37,511,-269,270,-393,-49,-367,-319,-62,-409
87,316,472,272,3,567,-320,435,-402,73,-350,-300,-161,-511,222,-399
-65,367,340,471,-244,589,-547,325,-472,-155,-197,-527,128,-565,429,-236
6,205,261,184,-101,329,-306,256,-269,-25,-112,-285,14,-343,164,-175
127,-116,57,-277,153,-121,235,72,184,225,-45,247,-277,107,-293,-91
15,-285,-310,-265,39,-376,430,-294,458,82,135,423,-190,412,-311,165
-203,-112,-394,165,-222,-159,85,-424,219,-293,202,63,207,281,131,295
-120,146,20,286,-50,215,-172,-46,-224,-206,-76,-191,184,-98,331,-10
210,92,366,-174,408,167,124,365,-190,325,-369,108,-339,-180,-88,-386
270,-209,100,-562,473,-274,556,184,288,523,-193,522,-569,187,-541,-231
-20,-334,-392,-318,-6,-534,429,-372,559,72,275,464,-155,495,-410,239
-257,-145,-409,147,-344,-322,-68,-557,296,-323,476,110,324,342,-10,339
-150,19,-39,233,-212,-58,-299,-301,-23,-233,306,-11,299,75,72,52
1,-49,58,4,-19,-88,-91,-138,51,-9,175,132,57,87,-118,-31
-9,-176,-190,-120,-21,-247,176,-232,267,-23,190,214,-4,291,-207,191
34,-165,-239,-183,49,-274,328,-180,283,41,66,255,-79,342,-200,176
231,-110,27,-382,377,-238,455,91,163,347,-183,404,-354,231,-348,-157
259,-96,151,-417,479,-228,394,165,76,441,-184,436,-375,147,-416,-284
-15,13,20,21,72,-69,-69,-45,-111,2,68,16,136,3,1,-28
-297,242,-26,582,-390,279,-610,-159,-402,-482,173,-529,624,-263,575,157
-290,299,42,644,-445,465,-669,-58,-424,-514,85,-616,528,-361,658,101
-227,90,-126,321,-325,253,-286,-117,-84,-389,116,-329,245,-67,300,172
-299,-59,-418,248,-387,26,-119,-343,134,-483,285,-233,335,188,220,435
-299,112,-258,450,-368,209,-338,-205,-204,-501,149,-446,506,-97,496,305
-9,346,379,413,-1,556,-446,367,-629,-58,-342,-474,170,-613,525,-315
267,271,650,19,375,518,-112,655,-487,377,-578,-128,-368,-572,91,-632
169,-47,160,-257,266,72,233,223,73,235,-177,191,-375,43,-284,-185
-97,-237,-375,-183,-90,-282,243,-307,383,-168,284,181,26,462,-206,351
-110,-163,-255,-84,-106,-233,92,-264,215,-158,221,83,140,276,-13,252
63,0,171,-101,124,26,18,113,-38,126,-105,60,-107,-62,8,-142
55,27,183,-44,152,128,6,132,-76,64,-114,23,-133,-41,-11,-111
-73,-26,-83,47,14,1,10,-133,24,-166,92,-14,102,192,18,192
59,-45,-5,-103,179,-113,144,-48,35,27,11,126,-7,202,-104,90
338,38,404,-314,504,0,283,386,-83,488,-367,256,-451,-53,-269,-367
294,188,517,-131,397,301,70,527,-278,386,-494,35,-439,-280,-76,-477
-73,255,155,337,-155,440,-337,187,-329,-236,-134,-413,152,-251,361,-47
-287,58,-282,338,-439,165,-345,-227,-51,-538,286,-425,475,37,350,395
-146,-287,-428,-230,-184,-320,199,-316,435,-187,384,117,80,417,-223,460
14,-442,-421,-547,75,-539,560,-288,690,90,320,482,-277,624,-592,373
-110,-249,-400,-190,-80,-369,257,-354,432,-120,323,232,-2,459,-258,357
-210,23,-209,217,-246,-106,-217,-256,-28,-277,256,-180,368,35,209,242
-28,139,130,118,-59,83,-258,159,-259,28,-36,-259,138,-312,195,-91
135,174,328,-70,155,272,-70,496,-254,248,-316,-204,-250,-397,27,-282
0,235,146,166,-82,424,-179,330,-231,-85,-233,-363,-77,-269,205,-90
-228,206,-166,424,-424,290,-391,-89,-183,-483,114,-481,399,-88,442,231
-140,2,-240,105,-280,-125,-145,-216,56,-270,251,-151,335,111,144,280
150,-229,-123,-467,229,-413,421,-6,326,301,39,353,-267,265,-396,76
231,-244,-49,-556,421,-326,621,120,355,446,-163,456,-529,271,-492,-31
69,-75,-32,-152,101,-79,212,10,152,100,-49,147,-196,127,-163,26
-40,50,81,137,-167,63,-238,-41,-37,-112,154,-112,133,-44,27,43
25,82,252,78,-59,107,-285,91,-131,-16,115,-103,80,-125,-46,-57
85,90,240,41,151,162,-80,146,-171,64,-107,-37,-64,-92,-17,-126
21,92,66,157,136,122,11,7,-164,-4,-180,9,-12,-60,148,-111
18,59,48,158,43,31,1,-54,-92,44,-132,55,-19,-93,124,-161
156,62,272,7,89,71,-4,197,-83,284,-210,69,-225,-252,-36,-303
237,153,421,-30,184,245,7,434,-181,347,-383,-39,-345,-358,-32,-369
176,170,308,23,214,306,36,369,-238,210,-414,-76,-247,-277,104,-290
192,75,254,-84,309,149,161,260,-140,236,-346,108,-272,-105,-35,-285
346,44,477,-343,501,70,237,434,-84,505,-377,278,-521,-109,-323,-445
341,134,606,-270,446,240,76,591,-203,489,-405,82,-504,-272,-255,-459
-42,195,191,208,-138,312,-310,210,-248,-101,-62,-358,103,-288,222,-26
-474,83,-466,624,-770,50,-565,-485,-36,-717,498,-555,751,-36,543,557
-487,-59,-632,513,-761,-201,-395,-696,184,-657,635,-321,712,154,366,634
-141,-49,-239,102,-199,-168,-30,-230,129,-128,198,-19,142,79,30,195
60,21,-2,-110,148,-34,150,109,-11,131,-159,61,-138,-12,-34,-93
-103,-27,-257,17,-106,-112,66,-141,68,-123,76,-15,130,104,78,117
-289,-131,-508,128,-448,-271,-88,-482,300,-378,460,-49,350,260,50,401
-214,-106,-312,65,-397,-194,-108,-309,298,-243,402,-45,166,177,-85,319
-66,19,-29,-18,-124,1,-81,67,81,-16,94,-104,-60,-36,-83,71
-133,81,-88,92,-145,76,-149,33,-64,-129,68,-236,104,-87,104,106
-299,58,-323,338,-391,-8,-304,-288,-59,-413,290,-305,471,-17,297,300
-287,40,-283,406,-438,-41,-340,-389,-36,-404,331,-239,510,-16,327,269
-82,-3,-92,168,-188,-79,-124,-189,19,-112,102,-17,184,-24,154,44
49,-91,-55,-147,41,-151,192,-57,172,108,-23,199,-146,119,-116,-36
28,-115,-129,-216,83,-164,283,-75,262,71,3,253,-209,260,-222,18
16,4,9,-53,123,26,120,0,53,24,-69,123,-161,114,-67,-70
103,115,283,39,206,182,-35,201,-224,132,-249,5,-114,-171,83,-263
145,65,276,-35,189,87,-35,223,-219,196,-191,-10,-43,-217,47,-210
10,-35,-51,-12,-56,-79,-37,-25,-14,-9,87,-53,156,-15,-10,127
-217,5,-322,244,-330,-42,-192,-281,12,-389,296,-241,446,120,192,403
-334,135,-336,497,-451,111,-388,-344,-162,-617,265,-432,649,49,503,403
-293,136,-207,430,-383,129,-413,-272,-207,-524,214,-391,598,-26,521,281
-141,-20,-97,112,-215,-22,-212,-164,-12,-213,199,-135,287,14,165,150
0,-110,-23,-115,-37,-103,16,-30,143,57,134,72,-40,37,-150,34
22,-59,-1,-76,13,-31,54,53,56,95,-1,27,-75,-50,-82,4
-49,34,-76,93,-75,45,-72,18,-106,-70,-22,-168,164,-112,175,69
-85,55,-84,129,-133,47,-144,-28,-137,-164,45,-222,275,-66,219,141
12,-37,16,-70,13,-22,-3,12,34,-29,59,-6,30,70,-40,76
100,-164,45,-311,173,-150,252,33,221,174,13,258,-258,202,-290,-6
26,-179,-79,-249,101,-163,255,-37,246,102,8,210,-198,168,-189,40
-122,5,-117,121,-115,103,-61,-33,-31,-143,-5,-147,83,-72,192,73
-68,226,139,325,-82,421,-276,181,-357,-157,-204,-347,113,-337,374,-136
188,198,395,19,264,359,-51,405,-335,196,-374,-71,-206,-280,45,-385
341,-67,331,-441,469,-45,308,355,19,472,-252,314,-436,15,-416,-302
181,-126,116,-370,220,-147,201,176,137,271,2,179,-228,89,-359,-31
-91,152,115,210,-137,275,-341,132,-249,-173,8,-358,187,-244,235,32
-139,376,268,553,-163,581,-582,199,-605,-297,-183,-566,339,-500,622,-159
19,206,237,220,98,284,-223,147,-387,-45,-195,-163,118,-246,289,-242
97,-115,-4,-265,212,-192,213,-21,119,166,18,271,-140,189,-261,-68
12,-186,-156,-305,49,-243,256,-93,352,72,161,261,-217,311,-366,96
-103,-83,-206,-79,-136,-81,111,-112,266,-96,109,51,-125,180,-99,119
-91,-91,-264,-69,-82,-152,159,-141,202,-70,51,68,-48,154,-7,115
42,-154,-194,-254,135,-280,301,-78,187,122,20,213,-72,194,-163,73
171,-85,76,-298,301,-145,238,152,6,278,-123,178,-160,40,-196,-98
174,16,262,-164,305,36,88,248,-142,247,-230,88,-167,-113,-43,-224
37,-29,25,-42,103,-58,44,-6,-66,51,-52,56,39,-18,74,-47
-149,-64,-272,105,-177,-116,-82,-248,-6,-225,204,-106,362,75,185,249
-195,156,-103,349,-284,244,-423,-38,-307,-383,165,-477,508,-196,373,198
-54,342,305,394,-87,569,-543,314,-586,-242,-111,-574,323,-447,402,-94
92,141,274,33,185,244,-128,240,-292,37,-151,-141,3,-157,60,-130
57,-186,-163,-260,211,-295,308,-146,221,89,91,290,-86,342,-276,134
-90,-95,-278,-14,-28,-156,118,-236,140,-134,150,81,93,232,-56,188
-148,280,69,421,-202,432,-407,101,-383,-279,-100,-428,250,-333,439,-106
-42,311,288,337,-90,464,-432,292,-486,-102,-223,-427,140,-487,416,-270
66,-53,42,-167,103,-134,66,65,32,161,20,66,-49,-24,-115,-43
18,-273,-232,-340,43,-464,264,-198,370,143,285,300,-61,294,-401,209
-86,-151,-178,-77,-206,-224,-30,-227,260,-67,350,104,69,161,-230,182
-85,-147,-106,-60,-254,-154,-101,-206,292,-92,355,87,33,137,-219,119
46,-372,-221,-471,-52,-489,351,-238,640,151,365,433,-256,452,-588,232
145,-367,-217,-606,152,-470,595,-44,638,329,122,477,-488,427,-630,170
109,99,155,-67,109,216,129,345,-51,201,-347,-53,-360,-217,5,-227
32,452,465,428,-25,714,-420,504,-613,21,-537,-459,-73,-713,564,-542
61,224,338,221,36,359,-263,245,-358,51,-263,-169,-16,-401,267,-381
171,-181,62,-323,252,-219,282,-12,193,246,29,364,-219,208,-371,-53
211,-164,47,-389,358,-197,402,67,220,302,-81,395,-347,251,-425,-78
114,146,196,31,192,207,26,234,-222,127,-303,-10,-140,-178,79,-298
-4,264,188,306,-3,291,-263,152,-417,-35,-239,-229,145,-358,370,-279
-17,97,52,200,-36,45,-158,-31,-210,-41,-21,-105,202,-157,196,-47
29,-34,22,25,55,-47,45,-53,19,33,8,56,-10,41,-42,45
48,13,87,9,72,93,89,31,58,32,-111,88,-202,57,-67,-67
34,64,139,38,63,151,12,62,-5,0,-102,78,-168,31,-36,-165
63,95,192,-10,111,115,-77,115,-129,37,-33,26,-48,-34,-69,-185
151,110,346,-125,255,150,-109,324,-274,204,-128,-40,-65,-202,-101,-269
237,103,470,-287,377,197,28,529,-237,394,-322,24,-333,-295,-154,-416
270,30,407,-353,412,136,228,474,-55,457,-397,190,-531,-193,-206,-438
139,46,250,-91,241,131,143,207,-49,224,-292,133,-319,-93,-36,-279
-105,209,89,426,-115,277,-285,-42,-294,-214,-99,-242,222,-195,391,-43
-306,289,-80,705,-439,338,-584,-190,-393,-497,89,-531,568,-286,640,130
-254,145,-157,453,-415,151,-403,-184,-176,-370,171,-368,419,-196,414,145
-61,55,12,136,-123,50,-147,-5,-83,-29,15,-106,93,-167,117,-53
37,250,358,255,61,352,-322,280,-457,46,-239,-260,84,-439,291,-294
-16,527,573,571,12,744,-690,460,-886,-135,-387,-623,307,-744,672,-428
22,475,535,446,80,705,-565,475,-797,-98,-400,-534,201,-635,562,-426
240,120,397,-146,395,258,87,422,-275,289,-395,61,-271,-204,-49,-397
332,-203,183,-577,575,-184,578,237,200,509,-271,520,-541,204,-493,-245
99,-323,-204,-495,275,-386,520,-107,406,196,70,450,-254,426,-424,128
-180,-247,-505,-174,-158,-327,212,-353,379,-223,340,113,124,431,-153,425
-142,-9,-248,62,-136,-27,-21,-132,66,-194,135,-100,134,112,29,197
135,269,383,194,229,379,-152,353,-443,164,-393,-153,-106,-384,193,-388
252,312,657,177,405,446,-157,506,-583,357,-597,-78,-218,-551,235,-628
174,21,298,-103,308,76,109,214,-133,281,-290,149,-245,-151,-39,-315
128,-270,-105,-459,262,-299,473,-16,388,268,-12,410,-378,300,-427,24
144,-285,-156,-516,270,-317,529,-7,414,253,3,424,-394,393,-490,72
22,-177,-193,-258,65,-238,259,-139,265,-7,139,215,-56,350,-240,172
-228,-245,-500,-98,-309,-400,38,-498,388,-353,534,72,354,497,-109,524
-235,-332,-613,-152,-381,-551,83,-561,504,-281,635,108,341,481,-206,595
0,-163,-174,-146,-38,-308,113,-99,177,151,146,123,3,15,-183,76
178,76,310,-3,220,50,-26,245,-238,367,-260,70,-157,-368,-20,-401
97,14,208,36,109,0,-74,-5,-111,121,-26,139,-4,-77,-42,-236
-61,-154,-125,-66,-98,-216,9,-343,253,-173,338,232,118,374,-177,152
-90,2,-31,86,-116,32,-120,-154,40,-195,150,-3,115,125,33,57
-64,391,302,519,-123,566,-503,277,-583,-159,-283,-475,180,-566,533,-313
-130,425,216,642,-258,576,-598,207,-630,-254,-248,-595,334,-632,667,-248
-154,-6,-248,203,-282,-35,-124,-241,39,-269,184,-121,278,70,171,201
-37,-296,-407,-228,-66,-486,326,-427,456,-61,310,348,51,517,-265,336
44,-100,-89,-67,72,-262,142,-173,105,90,47,216,26,140,-75,20
-41,202,149,344,-97,144,-347,26,-361,-32,-71,-221,243,-361,330,-171
-145,181,60,378,-261,185,-442,-5,-298,-189,71,-352,328,-350,341,-27
-78,44,-23,105,-149,63,-162,-1,-73,-108,66,-161,135,-101,136,37
19,113,83,66,49,140,-74,118,-187,-21,-151,-124,49,-135,179,-100
-68,235,80,282,-62,279,-267,114,-354,-164,-116,-312,211,-234,338,-91
-198,139,-166,280,-318,140,-302,-100,-94,-351,203,-322,294,-33,170,181
-146,-87,-296,-29,-251,-140,-9,-198,267,-209,327,-26,73,247,-175,279
47,-113,-107,-204,67,-200,221,-86,235,95,67,234,-161,220,-247,9
92,9,79,-20,177,-56,98,-17,-61,120,-123,166,-54,11,4,-187
-72,66,-16,239,-70,71,-168,-132,-146,-149,33,-76,208,-57,186,-1
-182,56,-124,284,-290,142,-283,-152,-73,-316,186,-289,297,-64,224,223
-118,129,4,227,-218,254,-269,92,-171,-207,3,-379,175,-226,282,101
26,210,199,180,27,315,-191,275,-360,-10,-264,-297,62,-347,309,-166
67,126,126,67,128,165,-36,147,-238,31,-193,-79,23,-140,152,-153
-23,-67,-103,-64,26,-101,62,-122,83,-50,101,82,50,149,-62,86
-103,-122,-147,-51,-123,-183,-41,-193,152,-82,237,30,121,102,-36,167
-73,11,55,41,-126,-71,-212,2,-69,39,104,-103,135,-211,97,-36
94,97,264,-12,61,45,-144,247,-192,252,-136,-89,-50,-358,39,-236
186,5,225,-195,242,35,141,318,-47,358,-256,78,-316,-216,-144,-247
74,-97,-28,-211,137,-64,289,94,163,201,-166,132,-290,14,-121,-27
-174,-134,-344,24,-182,-171,102,-284,223,-169,144,7,109,157,116,274
-337,-98,-477,226,-443,-206,-172,-492,178,-461,433,-166,474,205,220,473
-295,-18,-362,237,-426,-72,-277,-349,70,-457,428,-255,476,132,162,411
-169,76,-171,170,-237,106,-215,-56,-69,-283,175,-266,263,-21,115,183
-100,68,-146,131,-152,88,-97,-24,-59,-160,30,-172,143,-45,140,74
-151,-87,-317,69,-249,-181,6,-273,175,-171,193,0,164,131,55,196
-223,-230,-432,-6,-373,-368,24,-458,406,-211,438,89,200,278,-71,372
-183,-185,-277,-26,-314,-281,-55,-337,334,-155,397,59,151,181,-107,280
24,-68,70,-49,-1,-100,-19,-51,67,100,87,120,-36,-17,-123,-77
268,-26,296,-201,370,-64,193,145,-51,389,-206,353,-271,-31,-270,-381
266,-76,204,-280,396,-134,317,133,4,395,-241,391,-304,32,-262,-313
-34,-27,-108,-8,-49,-58,55,-47,26,-13,-37,-8,54,-7,99,31
-339,51,-362,349,-483,51,-289,-248,-33,-443,219,-424,451,-86,455,359
-313,19,-362,284,-422,24,-233,-242,10,-427,255,-363,403,-7,310,386
-77,-74,-200,-77,-57,-58,92,-53,137,-88,106,-42,11,134,-68,210
-17,-45,-91,-139,34,-1,114,91,89,-2,-7,-41,-83,61,-79,112
-157,90,-77,165,-249,122,-234,25,-91,-184,68,-316,180,-172,227,114
-154,129,30,278,-311,128,-387,-16,-147,-179,137,-294,227,-232,222,12
65,88,293,14,27,124,-175,168,-83,126,-35,5,-146,-161,-112,-241
158,152,442,-51,197,321,-75,396,-191,211,-281,-7,-331,-240,-81,-387
-62,304,247,352,-139,509,-396,285,-430,-151,-241,-449,117,-453,454,-206
-296,288,-93,658,-535,349,-639,-80,-434,-472,58,-664,631,-448,736,135
-260,56,-225,451,-461,-31,-402,-308,-135,-366,276,-351,585,-148,420,292
-133,-128,-249,70,-219,-218,-37,-316,166,-168,280,21,228,170,18,281
-191,-193,-370,-25,-233,-239,60,-383,327,-264,353,75,160,349,-64,354
-269,-271,-580,-74,-357,-382,84,-544,496,-367,535,134,223,511,-155,486
-106,-364,-479,-305,-161,-523,309,-464,612,-111,469,383,-8,581,-422,375
104,-195,-82,-335,129,-220,344,-27,329,187,18,309,-300,259,-349,20
12,163,150,140,8,353,-70,265,-207,-10,-287,-250,-126,-261,227,-128
-215,244,-37,476,-340,396,-424,63,-330,-332,-44,-553,322,-369,524,87
-149,-148,-273,1,-249,-262,-101,-252,162,-140,351,-37,273,69,-28,269
222,-450,-148,-723,300,-722,545,-136,525,477,227,646,-287,389,-709,49
376,-270,164,-728,575,-407,608,219,280,649,-200,624,-556,199,-614,-289
103,10,109,-112,157,25,126,120,-1,139,-158,123,-187,1,-75,-171
-238,-122,-315,157,-372,-157,-127,-434,277,-370,426,3,236,295,-4,347
-277,-373,-538,-98,-410,-517,62,-673,636,-343,701,231,217,594,-265,590
-104,-160,-184,-106,-97,-217,79,-217,245,-102,224,78,52,227,-60,247
-39,357,257,371,3,501,-339,301,-546,-130,-360,-465,152,-449,559,-205
-140,454,211,645,-196,615,-585,226,-676,-319,-267,-642,364,-541,698,-180
-184,75,-163,298,-297,61,-268,-205,-46,-304,213,-198,297,-10,195,167
-105,-186,-292,-94,-149,-290,99,-318,311,-129,308,142,83,305,-148,275
-79,20,-105,87,-70,18,-36,-84,-17,-152,37,-91,119,52,137,119
-242,270,-58,543,-365,316,-481,-79,-335,-448,58,-510,469,-229,547,138
-427,170,-297,666,-787,150,-691,-398,-110,-676,475,-579,708,-119,500,428
-402,1,-352,476,-795,-40,-564,-467,139,-583,616,-390,587,4,262,480
-146,84,11,291,-347,124,-377,-108,-85,-237,207,-255,283,-158,205,97
56,220,279,231,99,278,-242,165,-382,-13,-193,-159,109,-264,234,-238
15,93,43,137,122,71,-60,-31,-225,-87,-77,-14,179,6,151,-73
-112,-70,-306,74,-69,-171,72,-322,88,-214,161,56,240,269,82,236
-61,6,-126,138,-56,-16,-3,-167,-39,-156,25,-23,181,86,164,117
122,199,370,216,152,250,-182,175,-379,92,-264,-86,52,-282,243,-275
185,167,433,109,233,128,-153,210,-345,247,-238,30,-31,-299,95,-377
100,-68,30,-142,157,-241,153,-25,52,243,-15,217,-88,7,-151,-103
51,-215,-262,-338,176,-423,434,-106,298,219,36,299,-170,246,-277,131
56,-193,-201,-334,214,-321,365,-74,244,140,48,238,-117,293,-273,185
-70,-150,-172,-100,-55,-223,38,-223,192,-126,288,59,162,275,-122,313
-284,-123,-335,189,-497,-149,-234,-411,240,-396,484,-160,378,165,101,460
-218,-38,-267,227,-475,-9,-151,-197,164,-221,173,-216,150,-106,207,227
186,47,197,-116,177,79,189,321,-44,383,-405,80,-391,-308,-15,-368
472,-27,542,-501,707,-46,425,492,-95,763,-544,480,-642,-167,-381,-642
320,-134,328,-467,548,-228,347,159,49,494,-165,508,-354,137,-419,-319
-20,-94,-111,-99,57,-128,140,-123,126,-26,69,130,-13,187,-96,109
-115,34,-228,152,-129,121,74,-44,38,-161,-98,-138,-24,12,163,119
24,99,-17,114,56,175,126,107,-37,46,-275,-11,-218,-96,88,-157
136,51,178,8,206,16,126,56,-35,214,-212,261,-255,-39,-104,-344
154,-1,245,-42,222,-83,87,5,-16,276,-121,327,-210,-20,-165,-345
130,-42,161,-135,187,-112,134,87,24,288,-124,224,-219,-47,-151,-225
29,-110,-63,-195,28,-217,132,10,136,167,37,95,-73,17,-145,52
-124,-132,-256,-27,-206,-282,-56,-224,133,-90,314,-52,281,94,-19,292
-95,37,-47,200,-162,-36,-281,-116,-174,-117,178,-177,388,-137,167,91
233,254,518,92,326,331,-168,475,-531,323,-427,-116,-102,-512,142,-517
468,242,761,-251,665,375,155,830,-459,715,-780,73,-616,-560,-86,-812
226,49,293,-305,330,68,209,415,-71,411,-363,115,-420,-180,-156,-355
-233,-64,-301,101,-313,-126,-124,-256,124,-273,277,-150,266,97,139,289
-339,60,-285,425,-484,88,-416,-296,-86,-488,314,-401,528,-81,398,319
-28,169,194,236,-100,329,-285,219,-294,-32,-143,-302,64,-394,256,-160
240,76,409,-180,269,225,91,495,-140,427,-413,17,-440,-369,-101,-416
216,-126,155,-380,299,-122,337,261,151,442,-233,259,-458,-35,-300,-196
93,-225,-85,-359,199,-306,336,-9,258,242,26,258,-187,189,-286,92
66,-153,-1,-260,151,-202,133,27,102,146,80,105,-23,88,-199,127
82,49,250,-43,98,118,-135,223,-167,109,-56,-111,4,-186,-6,-89
100,293,447,252,96,452,-316,375,-486,68,-326,-277,-2,-457,273,-362
144,404,523,324,259,591,-236,477,-662,121,-585,-263,-108,-556,405,-558
191,286,434,87,382,446,-17,508,-490,256,-602,-114,-260,-426,227,-523
166,92,268,-154,248,203,106,412,-133,275,-356,-36,-346,-227,-51,-275
138,55,235,-139,107,163,57,356,0,238,-216,-41,-359,-187,-141,-171
246,129,397,-114,272,240,77,435,-145,336,-369,27,-424,-246,-139,-350
327,66,375,-240,489,87,256,383,-138,446,-401,236,-432,-96,-235,-414
168,-148,-56,-322,283,-285,372,-60,195,226,-13,394,-190,296,-349,-52
-104,-251,-447,-120,-129,-450,230,-509,435,-190,402,318,141,558,-245,350
-145,-79,-287,167,-189,-115,9,-412,174,-324,248,82,219,329,49,258
25,190,197,233,119,327,-109,125,-305,-85,-271,-131,19,-148,289,-167
102,254,338,122,218,408,-98,417,-425,110,-459,-253,-119,-397,309,-297
16,115,83,-8,32,172,-10,297,-152,95,-255,-215,-128,-288,171,-111
58,23,0,-162,71,45,149,263,23,184,-202,-55,-259,-144,-48,-103
277,74,293,-306,373,163,224,543,-125,428,-415,41,-461,-252,-214,-366
308,171,469,-184,371,321,35,620,-322,431,-446,-66,-361,-416,-120,-465
42,137,216,173,-77,250,-248,210,-241,43,-109,-226,47,-356,136,-151
-156,-8,-153,274,-313,-9,-176,-257,66,-211,180,-100,209,-3,174,158
-35,-185,-254,-106,-11,-264,281,-294,347,-35,112,302,-93,370,-133,160
148,-230,-154,-466,271,-316,563,-45,430,236,-63,448,-420,421,-391,38
89,-91,-40,-290,69,-66,284,122,245,161,-82,152,-333,127,-249,-8
-40,111,132,107,-168,281,-188,188,-52,-50,-72,-201,-103,-232,96,-90
30,233,410,166,28,457,-305,328,-297,5,-213,-229,-120,-347,177,-314
192,231,550,-56,364,366,-109,464,-376,247,-365,-33,-280,-288,7,-472
224,202,449,-102,348,227,-17,456,-302,336,-365,6,-293,-306,-56,-437
153,186,328,65,99,246,-66,397,-233,289,-357,-124,-267,-425,60,-354
147,174,348,31,143,324,-14,471,-228,292,-461,-156,-339,-462,117,-353
201,140,376,-161,374,289,142,503,-243,322,-502,-54,-400,-287,59,-341
137,135,268,-111,364,152,87,301,-235,183,-324,21,-185,-111,41,-260
-10,123,123,161,46,45,-157,-39,-190,-20,-15,27,102,-62,86,-188
-59,21,46,223,-170,-72,-228,-245,-16,-57,186,106,147,-36,-3,-149
-12,-152,-88,-62,-108,-306,34,-301,267,53,271,309,14,194,-247,-11
72,-287,-257,-349,109,-526,376,-309,411,148,239,464,-71,448,-416,153
130,-212,-212,-377,274,-469,448,-151,269,230,63,415,-112,384,-375,100
189,-52,87,-280,310,-112,284,199,12,311,-195,175,-233,28,-207,-117
131,40,235,-178,167,163,83,383,-61,231,-257,-82,-289,-211,-66,-117
-70,-17,-35,-10,-128,99,-23,90,102,-41,8,-168,-86,-71,21,153
-199,-91,-362,134,-281,-170,24,-332,233,-233,234,-15,155,196,60,296
-68,-83,-255,34,-40,-240,137,-293,144,-51,115,206,65,210,-56,29
181,14,201,-224,301,3,160,222,-71,295,-221,206,-257,-71,-173,-343
247,124,481,-237,366,320,25,561,-269,322,-377,-44,-322,-283,-94,-387
117,203,395,39,174,449,-164,414,-369,45,-294,-252,-67,-289,165,-202
42,201,259,222,97,349,-202,172,-363,-82,-207,-187,101,-200,272,-164
126,94,275,2,211,117,-19,181,-215,185,-232,70,-102,-160,50,-311
211,-82,241,-319,274,-138,200,224,74,441,-167,266,-378,-87,-286,-293
108,-228,-18,-414,136,-362,301,30,354,349,71,321,-345,136,-428,-14
-43,-269,-282,-331,-6,-441,288,-228,449,72,282,292,-133,376,-388,238
-26,-208,-235,-296,34,-323,246,-187,333,7,246,255,-67,391,-325,187
106,-91,20,-269,133,-118,172,55,133,136,18,189,-155,161,-264,-40
125,42,181,-46,97,41,26,135,-63,142,-141,63,-104,-67,-21,-160
-39,193,117,298,-99,227,-216,33,-265,-135,-151,-193,151,-184,373,-109
-186,333,43,491,-246,464,-418,93,-445,-375,-182,-514,326,-329,648,-61
-137,355,115,386,-207,558,-410,321,-474,-257,-261,-603,188,-472,563,-119
51,180,164,97,-15,306,-116,363,-248,97,-280,-278,-92,-397,169,-179
174,-98,44,-202,156,-145,258,118,119,343,-151,207,-272,-64,-215,-132
173,-243,-85,-370,207,-385,443,-53,336,364,-37,442,-328,182,-381,-60
158,-171,-14,-361,173,-241,354,90,271,339,-83,300,-363,88,-328,-108
181,-49,171,-259,152,-65,174,264,89,393,-171,144,-367,-154,-248,-221
175,-52,162,-208,168,-133,136,180,33,381,-127,186,-255,-154,-211,-249
108,-108,-4,-200,157,-235,183,-39,77,243,-24,269,-101,15,-152,-159
23,-41,-64,-59,89,-61,130,-43,23,63,-88,140,-68,27,21,-147
-58,124,-16,215,-74,231,-19,36,-91,-90,-205,-93,-83,-136,222,-152
-187,111,-173,373,-307,183,-123,-151,20,-276,-21,-192,47,-51,270,93
-317,-128,-549,204,-472,-227,-43,-510,353,-448,439,-91,292,336,91,545
-285,-291,-637,-93,-381,-461,101,-563,499,-399,614,48,339,561,-151,684
-58,-108,-168,-116,-63,-164,53,-163,179,-119,229,55,74,240,-131,220
94,221,358,181,111,331,-172,253,-295,78,-281,-100,-129,-279,158,-336
-19,327,337,411,-16,467,-356,228,-431,-51,-308,-285,7,-437,386,-351
-178,128,-80,267,-196,168,-235,-57,-143,-247,37,-272,196,-122,298,75
-100,-93,-288,-68,-72,-163,93,-181,160,-172,197,0,119,253,-62,309
86,-128,-141,-202,171,-221,289,-150,197,23,80,258,-41,390,-248,170
62,-46,-71,-40,119,-131,168,-187,79,-42,46,223,39,295,-107,61
-125,-30,-230,115,-164,-88,-59,-265,63,-240,199,-4,254,164,103,170
-145,-81,-254,22,-193,-133,-34,-190,135,-167,226,-63,178,89,14,221
60,-133,-71,-223,116,-164,225,10,188,152,28,155,-165,121,-250,76
157,-191,-26,-332,282,-218,391,-7,264,241,-27,354,-297,260,-383,33
-47,-273,-343,-227,-2,-382,304,-314,390,-38,270,261,-4,415,-280,329
-270,-285,-607,-58,-351,-491,75,-545,427,-283,556,55,347,388,-113,562
-211,-153,-388,16,-264,-376,-60,-368,202,-176,423,1,320,167,-39,347
91,15,114,-70,195,-90,46,56,-91,174,-63,103,-41,-41,-73,-125
271,21,289,-262,504,27,307,294,-100,372,-357,259,-356,-1,-193,-305
196,-132,-10,-406,389,-128,487,153,167,292,-203,299,-371,213,-319,-46
-13,-213,-335,-306,56,-283,355,-110,344,21,144,177,-112,331,-301,272
-174,-110,-332,-28,-199,-172,5,-208,204,-191,299,-51,141,189,-92,289
-140,14,-122,79,-156,18,-127,-72,13,-173,146,-126,121,0,57,111
5,-42,-58,-105,57,-3,133,39,71,15,-53,31,-96,81,-40,46
27,-148,-218,-211,96,-147,319,-70,222,-14,17,141,-80,318,-165,234
-181,-58,-337,76,-226,-79,-32,-269,136,-359,289,-120,296,306,52,433
-347,164,-169,493,-544,225,-586,-234,-182,-589,359,-507,578,-86,413,322
-188,273,182,462,-371,365,-594,93,-335,-245,27,-472,263,-441,415,-91
154,140,358,-14,152,200,-8,376,-159,335,-370,-11,-348,-372,12,-402
235,-26,208,-284,353,28,363,333,52,404,-389,238,-513,-52,-214,-292
-13,15,-33,-18,10,148,75,91,21,-39,-112,-47,-127,3,19,10
-179,172,22,357,-283,378,-359,37,-208,-289,-9,-387,181,-261,355,1
1,246,345,322,-26,410,-337,248,-384,12,-263,-246,-1,-451,320,-339
304,194,597,-24,460,267,6,427,-393,420,-513,122,-329,-352,30,-608
325,106,471,-184,555,157,174,400,-282,425,-456,199,-339,-171,-112,-479
96,33,120,-76,181,111,67,220,-105,156,-175,-23,-141,-129,-51,-116
-91,-14,-113,36,-187,31,-62,64,73,-34,68,-194,-16,-128,-11,133
-112,-35,-123,4,-231,-45,-92,-11,142,-69,170,-153,8,-35,-52,183
-29,-30,-7,-82,-35,-41,-62,4,44,-56,147,-38,55,78,-94,107
36,-34,57,-145,212,-33,51,29,-61,19,17,73,25,99,-82,-15
68,-70,-41,-155,290,-108,224,-5,-39,115,-96,175,-45,89,-75,-64
7,-92,-170,-83,124,-150,224,-87,63,48,-51,140,-35,109,-40,28
-94,-14,-176,50,-135,-27,-12,-103,56,-154,86,-86,118,84,92,146
-103,77,-20,102,-181,139,-185,29,-56,-179,47,-230,130,-60,174,88
8,115,107,46,23,144,-55,161,-142,39,-160,-113,-63,-180,125,-140
73,45,32,8,145,-25,126,66,-52,173,-204,109,-153,-89,7,-209
-10,-97,-195,-18,-37,-248,152,-217,175,24,92,198,-7,167,-111,52
-63,-279,-368,-212,-177,-446,202,-374,456,-57,378,245,63,396,-277,332
57,-396,-305,-546,61,-551,488,-211,614,194,253,429,-252,457,-502,281
254,-319,-59,-678,440,-397,723,112,478,501,-169,553,-622,335,-556,-23
281,-78,169,-376,467,-25,511,281,142,423,-389,346,-584,100,-311,-225
94,110,179,67,86,240,21,173,-112,18,-231,-61,-139,-80,78,-106
-173,95,-115,337,-346,170,-285,-162,-74,-368,136,-291,327,-20,320,214
-347,15,-425,402,-519,-54,-292,-492,73,-583,400,-274,555,186,363,457
-337,25,-400,406,-450,-57,-282,-512,48,-575,400,-186,533,232,313,402
-117,104,6,302,-161,139,-277,-165,-139,-246,127,-123,246,-33,173,14
146,146,383,53,191,230,-123,283,-262,224,-253,-9,-162,-333,21,-383
237,132,407,-116,357,168,84,416,-253,414,-424,75,-343,-344,-25,-469
165,96,210,-150,327,64,171,272,-165,269,-339,94,-242,-109,-12,-281
234,-13,199,-329,414,-42,310,256,-26,316,-264,239,-293,87,-217,-211
470,-163,374,-732,710,-214,603,466,116,752,-400,526,-654,54,-567,-390
534,-211,386,-821,770,-314,704,525,143,949,-505,593,-764,-67,-585,-487
200,-76,122,-290,299,-186,291,178,11,409,-251,225,-246,-93,-118,-202
-123,9,-121,230,-178,-61,-172,-248,-54,-215,160,-96,340,21,236,167
-21,-102,-80,16,-40,-212,-4,-270,91,-62,208,155,177,183,-54,111
298,-248,83,-506,435,-423,509,39,253,551,-130,582,-399,178,-475,-227
278,-117,103,-400,392,-261,477,202,118,555,-328,411,-435,-33,-277,-315
-102,145,-51,244,-190,207,-180,60,-172,-160,-102,-297,154,-220,342,15
-302,190,-112,478,-444,382,-499,-87,-226,-555,161,-570,462,-159,498,291
-71,32,34,90,-20,159,-127,14,-96,-150,27,-147,104,-19,107,88
194,52,284,-99,359,71,153,211,-164,302,-330,178,-249,-130,-34,-344
104,293,430,326,158,362,-191,231,-443,133,-441,-78,-90,-410,332,-488
-65,322,351,531,-145,483,-448,109,-403,-163,-226,-283,91,-389,461,-300
61,-20,164,-31,120,53,74,37,65,99,-100,175,-243,47,-113,-145
324,-286,83,-618,592,-383,725,87,370,589,-226,713,-650,329,-616,-234
279,-104,127,-332,493,-180,492,157,77,493,-366,450,-449,51,-268,-332
-59,227,142,387,-146,323,-277,89,-317,-120,-191,-297,147,-327,422,-141
-245,168,-63,439,-458,293,-458,-73,-160,-435,154,-480,371,-166,410,214
-103,-213,-356,-193,-184,-287,142,-254,362,-163,344,67,101,376,-208,404
47,-352,-446,-443,78,-584,512,-345,516,67,280,444,-43,591,-451,339
-86,-85,-300,90,-150,-174,85,-316,132,-172,157,79,194,235,46,192
-274,218,-71,558,-441,383,-476,-123,-223,-474,78,-446,339,-188,480,98
-163,201,135,262,-287,450,-399,186,-150,-255,17,-417,0,-247,206,-8
132,-54,244,-391,148,97,98,410,152,262,-52,22,-473,-57,-406,-124
224,-238,121,-627,232,-228,359,271,382,409,35,294,-497,172,-623,-12
11,-324,-282,-406,-47,-425,329,-216,555,64,328,323,-168,464,-499,312
-152,-399,-602,-293,-178,-608,378,-605,708,-183,549,446,11,756,-466,485
-25,-421,-501,-430,72,-711,529,-555,680,25,445,658,-123,775,-597,292
117,-303,-156,-422,225,-541,399,-259,382,234,219,533,-133,437,-485,70
-70,-106,-146,16,-118,-223,-73,-232,63,-109,247,6,278,113,37,215
-413,14,-423,480,-596,-14,-450,-507,-23,-663,480,-417,728,68,476,517
-398,5,-418,459,-529,1,-384,-512,24,-623,460,-292,601,119,348,426
42,-8,105,20,88,19,-11,-26,-27,52,14,112,-58,7,-109,-135
362,64,543,-262,538,152,190,447,-182,493,-396,258,-474,-160,-283,-488
197,171,380,-60,364,275,42,374,-296,192,-367,-12,-218,-143,24,-287
-121,192,-16,282,-69,273,-220,11,-281,-316,-55,-328,270,-51,381,102
-183,135,-96,327,-254,194,-294,-97,-189,-352,87,-344,347,-95,352,166
-80,59,34,140,-208,120,-246,46,-94,-94,90,-227,128,-201,114,29
-137,20,-34,105,-283,46,-289,-32,-2,-145,217,-227,178,-143,62,86
-305,30,-256,265,-426,-31,-400,-305,-4,-423,416,-277,465,25,201,280
-220,-20,-218,171,-261,-139,-265,-312,8,-306,373,-123,408,95,118,225
124,-142,77,-292,171,-257,139,18,121,255,82,238,-118,80,-302,-58
329,-236,194,-642,387,-335,455,250,304,582,-95,462,-509,127,-606,-182
208,-201,4,-488,217,-317,394,79,323,353,-6,371,-335,222,-455,-39
8,-64,-129,-87,22,-223,127,-149,121,15,73,147,28,185,-77,63
-11,30,-59,85,35,-112,36,-129,-44,-5,0,67,95,55,63,1
16,11,-18,21,74,-77,63,-52,5,50,-25,75,-19,49,-35,-7
-68,-35,-92,12,-46,-45,9,-108,89,-100,113,-6,37,120,-38,149
-72,-8,-36,28,-93,43,-101,-52,0,-157,121,-103,137,57,41,156
155,39,270,-146,191,87,-1,260,-138,201,-145,-5,-98,-145,-73,-164
400,14,510,-420,531,38,248,532,-113,630,-404,249,-514,-221,-354,-477
398,-11,445,-449,575,24,357,498,-35,636,-428,352,-615,-125,-445,-489
245,29,298,-185,401,169,220,339,-117,330,-366,174,-379,-119,-181,-336
163,147,297,32,283,286,39,337,-312,199,-414,-45,-152,-266,134,-322
163,177,300,61,209,213,-11,321,-320,233,-397,-72,-118,-347,172,-339
65,86,110,44,68,10,-4,100,-122,148,-165,16,-74,-164,53,-202
-23,3,-43,26,26,-84,31,-104,31,-2,20,109,-9,66,-28,-59
72,-32,47,-133,284,-71,193,15,-24,105,-108,200,-114,137,-114,-106
229,-75,149,-356,534,-135,360,185,-52,346,-254,296,-245,105,-220,-169
108,-148,-31,-308,275,-303,256,1,84,217,1,209,-45,146,-196,72
-201,-173,-343,-13,-251,-320,-64,-352,228,-213,415,-28,311,217,-27,390
-255,-159,-375,63,-339,-199,-95,-382,258,-331,423,-48,274,239,11,396
23,-178,-159,-260,125,-217,307,-124,282,70,64,304,-185,324,-266,49
247,-230,-35,-502,454,-346,625,-23,329,383,-146,606,-460,401,-483,-155
162,-156,-29,-292,286,-251,400,-45,208,268,-119,424,-287,229,-286,-129
79,68,183,13,85,168,-39,210,-137,139,-201,-43,-130,-228,59,-229
206,214,519,-28,242,432,-138,576,-373,318,-433,-158,-295,-530,68,-480
270,106,422,-176,382,173,76,429,-245,389,-354,82,-303,-254,-113,-432
-12,-92,-166,25,61,-260,104,-303,43,-59,121,197,195,248,-13,104
-333,-114,-608,396,-396,-319,-92,-756,132,-560,439,-30,670,387,326,523
-268,8,-397,397,-377,28,-178,-388,-21,-454,187,-222,453,62,399,305
68,139,176,92,15,330,-77,302,-212,76,-279,-202,-125,-329,151,-213
242,226,505,11,231,450,-89,616,-388,331,-498,-212,-314,-535,87,-443
160,319,498,199,188,483,-229,561,-545,225,-508,-371,-104,-622,335,-356
117,278,386,161,219,370,-149,463,-509,193,-490,-315,-62,-522,367,-314
137,43,182,-145,272,11,138,238,-127,264,-283,72,-196,-147,5,-249
3,-164,-183,-205,-8,-320,181,-192,260,45,189,247,-25,251,-231,71
-244,-102,-417,155,-438,-235,-149,-447,249,-375,473,-75,377,260,21,424
-197,98,-176,333,-362,106,-294,-155,-65,-362,192,-346,350,-41,262,304
167,112,272,-52,289,232,79,304,-189,162,-299,-28,-204,-115,-15,-167
413,-77,360,-483,725,-8,516,330,16,516,-397,500,-587,163,-468,-381
255,-212,37,-450,505,-221,532,-6,238,307,-106,555,-381,386,-483,-128
29,-195,-218,-227,83,-249,298,-159,274,36,111,234,-74,309,-233,195
38,-196,-184,-297,15,-268,288,-50,335,107,108,152,-158,217,-275,231
124,-254,-107,-447,113,-344,380,-20,439,245,115,318,-329,293,-473,146
41,-163,-109,-233,27,-202,219,-94,305,81,139,226,-173,249,-316,113
-64,73,-2,126,-105,143,-142,27,-90,-119,5,-176,95,-89,132,36
-26,212,198,136,-36,294,-291,282,-346,-38,-146,-359,137,-354,271,-104
13,49,143,-86,22,67,-164,191,-163,44,20,-166,90,-184,28,-36
-137,-128,-204,-77,-183,-156,-83,-206,174,-178,343,-6,195,169,-99,234
-234,-108,-370,113,-356,-77,-56,-332,240,-334,315,-44,183,198,21,295
-16,12,-96,16,-54,55,124,23,92,0,-118,3,-142,-11,48,-25
248,-21,191,-313,310,-31,341,309,49,407,-361,202,-429,-62,-170,-250
168,-128,34,-346,178,-212,287,91,199,267,-34,233,-226,142,-298,-9
-120,-187,-316,-73,-240,-248,48,-336,364,-216,415,108,123,381,-236,363
-131,-179,-326,-45,-243,-217,93,-381,413,-240,395,173,50,450,-269,327
147,-153,18,-292,207,-184,351,-40,286,211,-26,403,-337,297,-358,-74
237,-4,276,-221,346,13,232,246,-50,355,-328,230,-314,-72,-117,-305
-10,267,276,347,-59,437,-345,258,-484,-69,-269,-386,171,-484,455,-227
-213,404,208,683,-347,685,-722,187,-643,-428,-119,-736,476,-593,713,-73
-117,238,170,354,-134,433,-429,156,-395,-255,-44,-420,254,-297,343,-41
9,-40,25,-111,92,-37,21,35,3,25,55,43,-4,49,-111,16
-94,-170,-236,-107,-128,-295,46,-240,225,-56,280,113,118,185,-131,190
-245,-171,-387,121,-412,-333,-115,-480,287,-244,474,40,314,197,-23,327
-132,-179,-244,26,-208,-340,-4,-408,311,-115,391,179,134,264,-163,235
105,-135,87,-209,230,-208,194,-23,155,196,40,267,-205,180,-294,-2
156,90,343,-125,307,152,10,350,-201,260,-246,-30,-230,-194,-74,-218
25,257,357,223,-9,405,-388,342,-426,4,-188,-364,75,-469,253,-234
-86,147,146,314,-193,216,-425,-33,-255,-199,106,-230,302,-197,219,-68
-70,-63,-96,129,-91,-115,-97,-332,42,-216,253,109,259,226,2,134
-64,-54,-130,75,-18,-93,28,-224,47,-147,94,55,141,184,59,157
-76,122,27,199,-96,194,-171,81,-184,-114,-91,-259,112,-192,265,34
-30,117,110,174,-116,191,-242,118,-189,-73,-10,-244,116,-222,146,-16
20,-94,-47,-64,11,-125,12,-141,96,-37,209,130,83,195,-229,106
12,-191,-234,-123,43,-258,204,-301,269,-80,256,283,42,432,-303,211
-83,-54,-254,77,-69,-83,112,-225,139,-155,93,66,46,214,-15,156
-110,8,-220,145,-122,-16,21,-167,59,-168,25,-47,78,94,134,127
-70,-196,-349,-138,-24,-334,237,-338,305,-133,253,201,98,438,-150,328
-53,-431,-532,-454,61,-683,439,-525,586,-108,536,456,135,802,-497,565
-32,-422,-424,-483,31,-645,345,-445,541,-31,545,424,104,667,-538,475
99,-210,20,-311,88,-316,125,-96,256,185,238,300,-96,199,-392,24
277,-21,452,-227,322,-11,81,261,-30,460,-171,307,-389,-159,-333,-450
334,97,584,-161,421,188,55,424,-189,506,-381,249,-484,-286,-255,-606
122,222,459,145,112,353,-233,360,-335,189,-277,-125,-178,-439,89,-427
-201,345,201,582,-418,488,-673,114,-463,-314,-36,-615,373,-554,588,-84
-374,343,-45,808,-635,493,-798,-118,-471,-630,129,-774,686,-466,832,177
-288,230,-120,587,-408,326,-469,-161,-312,-514,81,-508,512,-188,592,204
-7,73,-4,113,20,89,-56,-2,-113,-89,-25,-73,94,0,85,26
186,-35,147,-281,281,-98,196,182,-2,262,-98,168,-182,45,-243,-127
212,-54,114,-371,320,-117,278,241,40,302,-161,168,-245,52,-240,-86
110,-21,-55,-241,202,-21,323,188,62,148,-237,46,-223,77,-56,22
-2,11,-151,-52,21,53,240,78,86,19,-225,-9,-190,31,83,21
-65,82,-29,155,-140,78,-63,-17,-9,-35,-96,-57,-42,-127,179,-106
-75,224,216,397,-213,206,-414,16,-308,-66,-78,-221,196,-389,364,-247
-20,386,424,528,-91,458,-553,229,-616,-63,-262,-417,246,-608,543,-347
104,356,465,330,130,466,-319,387,-571,96,-418,-326,18,-520,372,-374
209,40,250,-163,325,1,195,223,-68,320,-281,194,-281,-48,-144,-266
199,-302,-113,-525,360,-519,589,-144,428,372,5,637,-355,462,-499,-33
31,-302,-303,-413,199,-485,505,-265,435,122,113,453,-153,504,-313,195
-158,-7,-161,54,-68,69,4,-49,23,-204,16,-172,78,62,181,223
-190,221,111,373,-190,457,-372,157,-291,-302,-89,-498,152,-291,417,95
-43,162,157,261,-38,288,-192,101,-207,-116,-128,-213,45,-169,240,-49
106,-60,-34,-98,215,-160,287,-88,84,132,-124,296,-132,197,-103,-85
100,-237,-233,-341,239,-432,497,-224,334,196,29,489,-180,429,-327,42
-57,-303,-330,-316,-10,-486,270,-339,447,6,367,336,-12,458,-373,297
-171,-280,-300,-169,-201,-388,11,-384,401,-182,539,129,170,404,-272,450
-61,-147,-121,-126,-28,-121,56,-104,156,-85,177,19,72,176,-98,240
170,43,177,-210,281,225,197,398,-129,208,-372,-19,-282,-139,-13,-194
272,79,377,-319,386,314,191,592,-164,369,-457,16,-456,-241,-120,-389
180,-64,248,-323,221,20,126,258,60,260,-98,154,-281,8,-287,-172
94,-172,-18,-251,152,-274,200,-102,195,147,103,281,-66,233,-253,48
142,-47,30,-142,275,-169,244,37,-33,249,-187,216,-105,26,-57,-139
242,188,393,-32,355,211,33,448,-383,397,-487,-24,-243,-423,83,-485
245,249,602,38,275,374,-206,531,-448,348,-403,-115,-241,-512,38,-543
165,76,388,-44,210,151,-77,210,-153,196,-135,91,-176,-119,-125,-296
125,-128,39,-212,268,-177,275,-109,165,140,-17,386,-199,281,-250,-81
96,-138,-63,-204,219,-238,308,-159,177,117,-23,371,-153,308,-192,-47
-9,71,84,116,-45,37,-128,-41,-96,-52,-5,-7,87,-44,113,-101
-79,322,279,464,-207,444,-504,150,-428,-194,-124,-391,208,-410,445,-236
-20,419,371,498,-61,672,-419,355,-565,-119,-429,-435,17,-562,543,-401
24,317,255,319,80,542,-153,335,-416,-31,-476,-279,-122,-412,399,-348
-120,117,-54,290,-143,229,-177,-46,-154,-249,-30,-222,174,-88,270,60
-274,37,-251,395,-421,4,-380,-370,-45,-479,377,-297,547,70,283,394
-113,85,7,279,-226,45,-324,-128,-139,-187,154,-206,303,-119,223,98
240,168,493,-51,307,190,-26,430,-291,421,-415,43,-336,-421,1,-532
297,165,519,-176,437,165,74,518,-296,537,-476,118,-434,-395,-96,-597
-56,36,-77,69,-106,-77,-129,-78,-66,-98,124,-103,218,-14,91,99
-405,-81,-617,302,-631,-243,-264,-587,201,-621,593,-298,685,285,273,689
-276,-85,-436,155,-455,-126,-95,-346,242,-384,335,-190,286,176,160,452
92,4,126,-143,141,118,165,229,53,192,-227,56,-358,-95,-92,-177
187,17,239,-212,377,107,224,295,-72,296,-308,146,-364,-80,-151,-262
-44,-128,-222,-113,73,-210,137,-193,97,-81,155,86,164,238,-56,239
-221,-259,-528,-54,-291,-436,64,-508,329,-302,502,34,422,398,-17,575
-141,-127,-233,-10,-289,-191,-48,-226,232,-160,277,-53,172,128,8,300
45,168,274,121,-26,280,-173,284,-177,62,-203,-194,-127,-311,137,-189
167,298,505,108,248,461,-171,520,-455,214,-453,-227,-193,-455,162,-415
254,171,449,-99,422,216,24,464,-357,366,-401,8,-238,-303,-36,-417
279,51,402,-205,443,61,139,331,-186,428,-319,207,-314,-169,-193,-408
142,114,304,34,209,188,13,224,-165,211,-292,57,-229,-195,16,-322
-78,147,22,263,-130,276,-117,49,-123,-148,-155,-216,6,-154,282,-13
-138,-10,-213,65,-192,20,9,-79,95,-189,50,-159,70,53,139,249
74,-142,-35,-304,154,-195,242,50,185,176,6,159,-169,146,-231,79
339,21,435,-339,531,6,260,369,-110,494,-363,295,-443,-57,-282,-407
391,246,648,-79,603,341,144,538,-399,465,-650,187,-474,-259,-54,-680
274,133,345,-109,438,169,245,281,-173,308,-455,257,-395,-28,-110,-461
163,-267,-136,-437,310,-409,515,-176,402,247,56,602,-314,478,-516,-47
34,-477,-411,-543,179,-729,582,-485,689,137,414,719,-197,758,-683,257
-142,-339,-455,-206,-119,-469,277,-492,536,-157,442,339,40,579,-349,411
-239,-105,-384,118,-382,-55,-47,-299,273,-375,304,-138,179,249,51,420
-113,-19,-164,101,-264,101,-70,-54,102,-217,108,-183,80,37,81,211
150,-4,124,-59,125,52,80,103,-48,151,-130,97,-111,-54,-91,-139
201,-16,170,-78,282,-56,141,62,-96,254,-161,249,-98,-31,-133,-260
17,-86,-126,-25,27,-212,106,-175,70,31,81,168,93,119,-65,17
-158,-128,-374,14,-208,-260,56,-322,201,-194,248,29,217,223,55,269
-141,42,-204,191,-176,5,-74,-179,-48,-224,38,-105,209,18,263,79
-93,284,105,477,-105,399,-301,49,-411,-212,-236,-298,183,-319,499,-220
-144,247,40,447,-287,366,-380,30,-285,-270,-75,-368,211,-295,417,-77
-164,-123,-302,-1,-386,-145,-90,-204,293,-221,366,-109,152,151,-87,350
37,-357,-327,-457,-27,-515,346,-234,532,89,381,325,-67,469,-530,360
324,-184,114,-499,518,-311,507,103,172,443,-138,502,-364,292,-500,-141
395,107,450,-259,596,150,304,460,-227,502,-547,264,-468,-137,-181,-511
165,178,328,-32,150,364,-9,488,-217,227,-410,-167,-330,-364,59,-322
-132,160,3,219,-304,357,-260,227,-110,-146,-88,-452,-5,-366,261,25
-294,231,-128,557,-451,386,-449,-44,-242,-413,30,-533,302,-338,526,100
-303,290,-112,684,-418,389,-476,-176,-308,-502,23,-452,397,-255,588,40
-187,121,-141,325,-338,172,-225,-127,-47,-302,62,-234,178,-61,285,85
37,-60,-99,-168,-93,-78,126,97,187,90,-13,-14,-145,3,-99,81
184,-1,138,-235,179,-16,189,324,3,336,-256,17,-278,-175,-110,-131
100,189,281,97,130,237,-94,295,-293,145,-310,-147,-88,-311,157,-249
-119,162,75,264,-207,254,-304,-12,-137,-245,30,-218,138,-106,234,-24
-203,-83,-221,48,-341,-58,-108,-274,271,-308,332,-19,112,232,-15,229
-22,-218,-218,-225,-51,-324,227,-236,382,45,219,301,-111,294,-297,112
174,-168,13,-308,307,-309,371,-50,208,362,-65,469,-306,161,-368,-191
193,-104,121,-281,323,-179,328,56,144,346,-127,406,-352,130,-348,-247
111,-90,48,-284,138,-71,238,76,209,160,-47,251,-308,181,-293,-100
42,9,51,-119,27,77,69,154,54,45,-81,-6,-154,14,-54,-34
-74,208,123,219,-116,296,-293,216,-305,-117,-123,-394,159,-312,320,-23
-232,297,84,476,-389,427,-636,142,-422,-364,65,-711,452,-465,519,130
-293,182,-52,417,-507,336,-602,9,-228,-456,268,-652,467,-294,375,297
-163,56,-66,181,-271,159,-266,-48,-47,-286,191,-281,223,-40,136,205
-33,25,-29,46,14,59,16,-48,-15,-100,-15,3,15,98,53,23
-45,-3,-117,-11,-8,24,89,-59,64,-123,-7,5,-2,156,56,91
-67,-150,-228,-203,-122,-83,182,-35,285,-85,88,-8,-86,195,-93,256
68,-272,-158,-450,21,-243,366,63,413,211,52,191,-307,150,-350,148
183,-226,29,-370,204,-273,355,56,264,401,-66,373,-345,45,-379,-140
-1,-19,14,105,18,-65,10,-148,15,44,10,163,-23,6,-23,-122
-271,140,-172,508,-359,221,-319,-314,-88,-481,153,-229,318,48,354,149
-235,111,-146,353,-307,269,-220,-176,-13,-449,106,-240,171,82,266,177
117,-87,106,-232,179,-27,193,84,159,169,-61,262,-314,135,-285,-141
352,-289,232,-638,477,-408,487,88,366,600,-20,714,-571,266,-753,-336
216,-305,19,-494,255,-520,383,-151,423,393,194,650,-311,359,-661,-122
-63,-132,-217,-36,-126,-266,37,-286,191,-65,262,154,130,213,-119,123
-176,96,-171,317,-282,97,-240,-155,-139,-299,86,-250,345,-82,355,107
-152,197,-40,372,-263,294,-320,16,-264,-289,-57,-391,272,-245,453,16
-161,160,-77,276,-291,321,-234,70,-141,-289,-68,-381,136,-197,358,73
-185,85,-211,185,-318,231,-109,44,7,-289,-22,-364,78,-112,289,206
-186,21,-254,137,-298,72,-93,-46,36,-247,75,-313,159,-52,233,281
-202,-48,-266,124,-301,-117,-179,-212,64,-278,296,-233,345,57,153,385
-204,-95,-293,129,-310,-183,-169,-344,137,-327,410,-141,406,212,77,465
-67,-64,-181,35,-78,-96,60,-183,128,-155,134,14,96,200,0,233
218,7,141,-218,382,3,369,206,38,319,-354,282,-447,60,-194,-274
404,-18,388,-467,650,-32,498,418,37,614,-469,482,-704,34,-455,-513
248,-72,224,-369,339,-75,267,200,112,303,-95,304,-352,163,-419,-163
-140,-10,-136,130,-269,81,-235,-129,22,-339,310,-245,332,112,59,365
-387,194,-226,623,-639,337,-686,-177,-291,-675,344,-751,738,-251,583,469
-306,332,20,670,-543,456,-784,47,-495,-462,111,-795,596,-570,674,129
-89,204,209,280,-206,270,-456,165,-307,-77,0,-380,190,-439,269,-118
15,-97,38,-164,-10,-106,37,-7,166,63,115,94,-95,74,-176,31
-73,-344,-366,-334,-57,-409,332,-325,522,-55,333,299,-59,481,-324,385
-214,-364,-634,-204,-238,-487,293,-547,566,-255,481,221,176,571,-206,577
-273,-242,-601,35,-336,-399,79,-593,387,-363,495,104,355,443,-40,515
-221,-96,-352,219,-285,-212,-107,-527,163,-375,412,50,387,315,50,323
-159,-22,-104,241,-170,-98,-216,-386,39,-293,332,26,321,222,34,196
-90,-13,10,107,-91,-86,-205,-216,6,-182,304,-6,260,162,-58,188
20,-50,13,-96,58,-128,-31,-63,19,-13,185,52,128,143,-173,124
188,-99,34,-288,323,-163,301,40,55,218,-81,299,-124,190,-263,-100
319,-142,105,-426,539,-213,555,75,126,435,-288,592,-415,259,-374,-341
285,-176,104,-462,457,-268,533,51,239,464,-205,640,-513,272,-484,-366
126,-152,-12,-311,144,-243,274,-15,276,246,38,362,-297,202,-405,-107
-68,-79,-187,-45,-118,-117,42,-90,141,-54,132,-35,55,88,-62,191
-164,14,-232,163,-141,4,-41,-130,-38,-238,50,-224,252,27,252,294
-125,44,-124,190,-45,48,-67,-115,-99,-222,12,-151,211,53,241,174
-32,66,63,131,-19,60,-144,-60,-91,-118,73,-34,115,56,31,2
26,103,202,135,-34,119,-239,9,-134,-80,83,-50,99,-20,-18,-74
4,113,161,170,-16,177,-210,22,-176,-113,4,-114,115,-41,107,-35
-49,41,-10,95,4,151,-19,-23,-59,-170,-47,-86,47,77,143,73
-80,3,-131,24,-19,111,93,-39,88,-195,-26,-45,-50,177,48,142
-110,79,-81,162,-162,199,-88,15,6,-206,-10,-184,3,5,128,101
-170,211,37,399,-349,320,-412,75,-224,-241,-8,-445,196,-345,367,26
-187,189,50,385,-412,272,-497,89,-244,-215,51,-520,271,-450,405,40
-81,-31,-62,-35,-215,4,-127,70,53,-39,112,-199,46,-136,27,117
123,-226,-106,-462,154,-203,350,65,304,166,52,240,-243,257,-379,84
211,-215,-64,-487,390,-257,497,37,253,262,-70,432,-303,358,-421,-28
114,-117,-39,-233,269,-243,281,-82,121,162,-21,331,-126,241,-224,-60
-43,-104,-140,-43,-50,-283,47,-242,177,12,206,199,31,181,-161,54
-133,-139,-243,9,-251,-269,-23,-332,303,-124,360,121,92,214,-160,200
-130,-91,-231,82,-237,-104,-27,-271,206,-210,238,10,115,187,-4,240
-74,32,-134,153,-72,76,22,-120,-9,-186,-27,-79,98,85,191,139
24,72,-20,102,91,102,105,32,-88,-10,-217,-14,-43,-19,156,-31
86,74,83,66,70,115,47,146,-119,132,-226,-13,-114,-185,75,-175
-18,204,205,291,-151,338,-336,245,-344,15,-163,-361,97,-521,300,-189
-175,354,254,557,-384,592,-737,309,-586,-262,-73,-808,422,-750,627,-22
-208,265,103,405,-347,454,-577,228,-395,-334,21,-732,373,-469,504,184
-87,-40,-197,-68,-103,-39,71,-32,154,-144,99,-97,-1,165,-15,274
-50,-179,-374,-194,-11,-264,403,-256,425,-75,106,275,-164,473,-214,244
-143,33,-281,213,-160,35,83,-229,88,-257,-11,-21,66,170,192,156
-151,229,-47,450,-185,332,-230,-16,-279,-293,-140,-351,223,-201,463,40
17,57,-14,91,37,62,17,14,-85,-20,-79,-47,33,-22,65,12
54,-291,-263,-339,103,-497,381,-309,418,119,242,450,-95,469,-427,176
-159,-314,-462,-173,-208,-566,167,-580,501,-167,534,330,204,526,-274,395
-286,-28,-294,254,-427,-111,-308,-371,60,-376,401,-195,452,56,223,301
-30,110,119,144,-87,138,-228,124,-205,0,-46,-209,110,-284,160,-95
323,-94,289,-444,476,-144,377,325,69,576,-293,375,-503,-50,-426,-351
307,-311,56,-681,534,-439,702,77,438,572,-151,688,-639,364,-648,-165
17,-214,-195,-280,155,-260,412,-153,339,84,1,322,-226,367,-222,131
-85,13,-168,115,-7,90,102,-74,-22,-169,-103,-80,63,75,210,139
22,28,-12,39,154,30,109,31,-108,23,-150,-7,10,2,102,3
-28,-172,-145,-176,67,-317,154,-187,198,31,191,191,35,249,-183,175
-284,-295,-479,-86,-374,-473,-35,-534,459,-324,658,80,322,449,-179,563
-375,-243,-593,116,-565,-318,-158,-590,413,-540,689,-121,492,394,4,666
-125,-131,-330,70,-212,-141,17,-290,174,-246,278,-16,260,226,-20,333
162,-72,61,-109,260,-89,212,11,5,193,-102,220,-110,90,-177,-73
216,-18,246,-160,359,-64,214,130,-30,318,-217,288,-293,22,-198,-241
153,-29,180,-139,264,-74,201,79,49,255,-178,271,-300,41,-163,-211
143,-105,3,-235,257,-188,324,-13,147,239,-119,336,-244,157,-210,-132
119,-144,-80,-279,288,-256,329,-60,103,176,-41,302,-91,229,-196,-6
64,-27,62,-80,198,-7,40,32,-107,16,-26,15,71,51,17,45
51,144,316,141,125,348,-204,231,-343,-22,-193,-198,45,-237,201,-139
173,166,427,90,229,373,-81,353,-329,179,-378,-72,-182,-334,118,-368
224,52,237,-135,318,108,188,299,-129,330,-367,136,-316,-170,-63,-349
99,-5,-25,-185,203,-5,247,196,-14,189,-254,49,-226,-58,-31,-117
-14,95,-60,-17,59,186,85,233,-122,13,-266,-188,-111,-170,185,-64
46,180,143,66,113,351,-10,337,-259,63,-383,-199,-158,-307,246,-252
161,164,294,-28,247,247,31,348,-273,225,-387,-36,-206,-273,105,-376
144,74,220,-123,220,55,49,230,-148,202,-210,27,-135,-116,-1,-200
27,-21,-16,-130,43,-60,61,66,21,47,-22,-15,-7,22,-2,53
-13,-125,-203,-123,-60,-167,159,-116,188,-17,74,74,17,133,-47,154
41,-180,-176,-191,22,-287,238,-159,245,106,86,264,-54,201,-187,63
138,-91,46,-249,176,-191,193,46,108,228,-17,230,-159,82,-239,-87
159,63,258,-203,215,113,47,349,-86,234,-188,-3,-246,-131,-147,-185
80,104,195,-84,49,292,-33,344,-101,65,-182,-155,-194,-171,-28,-117
-48,19,-51,55,-180,170,-88,29,26,-157,50,-145,41,-9,39,94
-103,4,-72,139,-248,58,-194,-122,1,-221,181,-149,242,-4,126,153
3,104,218,102,-59,161,-260,155,-231,24,-54,-203,112,-302,167,-111
139,136,372,-36,161,202,-114,417,-271,318,-296,-122,-195,-468,55,-369
121,-48,64,-209,158,-129,160,169,51,341,-131,131,-243,-143,-193,-183
-3,-244,-310,-273,13,-499,307,-270,369,123,260,327,-25,339,-356,208
-28,-207,-254,-169,-13,-431,162,-340,292,-39,342,265,145,410,-267,280
-5,7,69,44,14,0,-91,-103,-21,-101,120,47,110,146,-49,52
-73,90,67,196,-58,217,-174,-65,-110,-229,54,-89,121,53,113,15
-147,-7,-210,142,-119,34,-6,-211,69,-285,121,-39,138,217,95,197
-21,-70,-177,-46,61,-84,221,-97,105,-32,-55,87,-31,170,10,108
205,62,271,-103,325,165,196,335,-153,332,-439,79,-333,-223,23,-321
232,247,591,105,282,476,-107,542,-423,347,-559,-99,-347,-560,162,-579
81,285,468,298,68,465,-328,361,-458,103,-350,-243,-72,-507,277,-427
78,207,299,210,96,264,-210,220,-368,89,-258,-153,30,-343,220,-302
226,168,413,2,340,237,8,388,-383,338,-466,-1,-213,-380,130,-486
226,195,498,-15,342,354,-13,494,-369,353,-516,-38,-306,-447,119,-529
-2,86,168,62,18,214,-123,154,-130,-14,-96,-119,-73,-134,77,-111
-137,-202,-344,-111,-138,-291,124,-330,323,-197,347,111,109,389,-164,392
-37,-444,-538,-430,22,-680,528,-464,634,29,387,467,-30,649,-455,465
35,-363,-327,-421,80,-514,486,-244,512,179,177,432,-199,388,-388,228
-35,-63,-8,-43,-91,-9,-20,20,103,19,41,-28,-69,-63,-30,22
-9,110,210,132,-103,207,-265,145,-161,-20,-36,-192,29,-267,134,-126
206,-18,242,-166,269,-36,111,166,-81,311,-182,198,-177,-111,-120,-288
299,-168,122,-409,448,-261,464,108,100,478,-255,464,-335,77,-290,-285
46,-34,-18,-124,81,-7,142,83,7,83,-132,30,-82,-29,40,-50
-219,277,59,388,-361,466,-507,179,-334,-389,-32,-657,292,-371,535,107
-182,368,235,501,-341,561,-653,243,-487,-338,-78,-685,319,-505,570,-32
-14,112,156,211,-49,144,-223,32,-204,-25,-35,-104,110,-207,168,-143
-12,-153,-159,-24,39,-258,138,-335,176,-12,168,307,72,231,-127,41
-65,-109,-194,10,18,-132,89,-270,109,-149,162,142,142,268,-42,154
93,202,324,82,244,385,-115,339,-373,23,-297,-213,-46,-233,190,-181
336,428,817,27,527,703,-148,891,-719,387,-796,-310,-357,-669,266,-630
324,317,664,-77,472,513,-6,775,-515,425,-718,-185,-414,-535,150,-560
107,67,106,-126,147,101,126,231,-40,128,-209,-11,-198,-16,-47,-90
-1,-18,-92,-63,16,-35,98,-58,106,-60,57,76,-46,196,-117,80
56,137,226,118,100,234,-120,117,-192,11,-122,-21,-68,-119,23,-218
44,313,468,344,83,514,-385,319,-509,32,-311,-265,4,-513,312,-410
-106,272,225,415,-151,423,-456,168,-453,-148,-152,-428,235,-488,472,-177
-231,90,-171,320,-325,86,-319,-144,-135,-295,156,-332,372,-165,340,172
-203,-11,-234,204,-298,-63,-183,-250,48,-245,244,-138,290,15,149,210
-57,48,40,154,-83,61,-132,-57,-49,-56,33,-42,55,-88,62,-49
136,122,313,33,192,176,-32,207,-186,188,-233,54,-184,-174,-8,-303
256,87,393,-154,402,110,147,318,-168,353,-346,194,-325,-114,-140,-390
203,45,269,-162,329,62,136,272,-114,298,-259,148,-279,-93,-156,-299
13,83,118,15,22,166,-48,211,-111,93,-148,-114,-124,-218,30,-139
-24,109,118,48,-82,255,-122,280,-104,49,-157,-250,-137,-326,111,-97
146,73,319,-151,154,215,16,426,-108,265,-277,-82,-320,-282,-56,-245
262,122,548,-142,354,275,-13,479,-238,357,-344,49,-371,-271,-139,-431
129,268,554,210,189,492,-314,392,-446,109,-292,-167,-119,-403,103,-433
-27,301,351,391,-29,552,-383,299,-443,-91,-260,-345,13,-456,316,-301
79,106,155,21,135,268,49,286,-147,142,-327,-64,-255,-245,66,-255
260,-80,126,-377,430,-54,474,279,102,452,-395,321,-524,8,-283,-285
209,-66,100,-225,317,-52,318,163,51,312,-252,246,-333,23,-206,-180
-68,10,-88,125,-121,6,-86,-97,-10,-99,79,-92,126,-13,81,115
-225,-142,-401,83,-375,-256,-94,-352,237,-255,399,-85,301,171,29,384
-189,-314,-552,-180,-339,-521,153,-487,519,-202,529,159,207,440,-222,488
-159,-232,-433,-93,-234,-350,116,-404,367,-224,406,128,191,402,-142,402
-103,-15,-175,142,-113,3,-36,-191,26,-224,116,-61,186,144,111,198
113,-58,15,-149,232,-76,266,25,59,151,-150,230,-205,121,-119,-84
388,-276,111,-734,642,-417,784,167,400,683,-287,772,-742,326,-679,-339
415,-198,239,-708,654,-253,674,305,301,680,-326,685,-781,213,-671,-435
153,227,436,41,251,447,-128,434,-352,125,-341,-124,-232,-294,36,-390
-48,482,498,552,-17,778,-651,411,-762,-255,-288,-637,251,-571,542,-274
18,278,306,282,89,337,-348,178,-464,-109,-128,-278,204,-251,272,-146
115,-52,53,-133,262,-196,169,-58,16,158,-40,254,-57,172,-143,-75
79,-22,17,-86,217,-116,218,-21,27,154,-156,222,-143,71,-45,-131
41,191,187,183,110,278,-62,216,-293,70,-346,-132,-89,-290,274,-272
75,222,307,144,116,369,-141,347,-334,94,-356,-209,-106,-363,230,-286
99,62,202,-56,121,200,-12,240,-104,92,-157,-64,-146,-94,-41,-101
10,-36,-23,-66,10,72,68,46,92,-54,22,-33,-63,107,-88,137
-90,-68,-206,28,-119,-38,57,-145,129,-151,107,-31,79,136,18,206
-83,-131,-274,-14,-131,-311,62,-292,174,-34,221,142,165,140,-56,138
-29,-153,-187,-117,-75,-449,26,-283,189,93,310,229,154,145,-211,61
0,-7,21,-40,-79,-151,-113,-37,26,42,184,1,96,-8,-119,25
-56,169,158,164,-127,257,-263,181,-176,-106,-39,-308,58,-201,164,8
-139,165,41,326,-241,281,-312,19,-178,-251,-5,-342,193,-192,313,78
-248,32,-201,388,-403,-13,-338,-349,-44,-371,294,-220,458,-22,307,249
-253,-2,-275,350,-418,-140,-326,-427,0,-383,396,-182,534,56,229,299
-74,42,-61,122,-135,21,-125,-72,-33,-125,103,-116,144,-12,75,78
157,50,244,-182,227,148,127,293,-19,224,-231,93,-351,-60,-171,-247
208,11,320,-246,298,119,166,322,23,311,-249,204,-458,-45,-273,-336
69,-26,160,-107,85,64,36,105,40,108,-39,75,-186,-8,-154,-99
-12,-94,-81,-101,-44,-27,69,-7,139,-34,69,-4,-43,94,-82,157
28,-198,-175,-255,52,-161,290,-33,271,59,48,136,-142,221,-210,201
75,-145,-49,-197,122,-153,208,-18,139,139,-2,198,-112,104,-174,12
2,120,194,259,-17,153,-259,33,-301,-17,-74,-124,191,-283,239,-188
-124,325,241,598,-212,425,-598,71,-573,-231,-117,-481,421,-523,614,-170
-162,218,61,436,-296,318,-446,12,-314,-301,5,-430,341,-298,456,36
-105,-14,-113,61,-250,10,-161,-102,67,-204,200,-131,171,50,53,168
4,-34,29,-33,-112,-37,-113,-42,38,-11,149,27,84,-13,-74,-27
119,116,314,72,76,159,-143,219,-236,207,-201,-19,-85,-353,86,-389
130,143,306,54,165,219,5,328,-226,292,-436,-22,-292,-416,158,-456
5,31,8,-1,3,84,88,136,14,102,-202,-55,-202,-149,83,-93
-133,1,-156,102,-217,31,-148,-71,0,-232,172,-254,229,8,122,285
-79,80,-9,163,-132,110,-305,-16,-229,-261,182,-329,436,-58,206,249
107,41,156,-61,213,58,-8,109,-195,52,-78,-7,96,-12,20,-38
206,-136,54,-325,351,-190,400,41,162,303,-161,409,-324,185,-288,-178
78,-164,-119,-242,82,-240,310,-90,282,192,11,331,-241,162,-270,-68
-71,68,-60,144,-218,59,-189,24,-66,-67,74,-206,120,-190,84,40
-86,307,162,341,-177,431,-426,302,-422,-161,-131,-572,199,-457,363,-36
-9,312,257,214,54,537,-222,402,-406,-104,-339,-422,-43,-322,337,-141
34,142,156,12,137,313,39,202,-155,-73,-272,-91,-149,-11,157,-124
47,-26,-4,-108,91,-31,108,-33,27,-28,-25,117,16,161,5,-15
102,-96,-86,-188,138,-284,185,-104,67,114,44,214,89,176,-105,45
155,-61,-65,-220,289,-278,307,-13,23,238,-107,244,-46,157,-157,-16
136,41,52,-89,312,-34,259,109,-89,202,-279,160,-171,31,-26,-150
18,108,109,127,90,171,-5,96,-159,8,-214,-52,-58,-122,163,-136
-128,50,-56,211,-207,75,-196,-93,-53,-185,84,-180,166,-83,181,100
-226,-82,-298,137,-343,-166,-155,-317,161,-269,360,-119,293,127,49,337
-187,-125,-325,56,-260,-268,-37,-362,231,-208,366,27,230,232,-54,311
-45,-95,-112,-6,-48,-203,25,-207,134,-2,160,144,62,117,-94,64
53,-32,69,-37,88,-82,51,-21,21,115,-20,153,-69,9,-94,-109
21,68,90,87,59,77,-44,41,-92,-3,-67,-21,-4,-14,17,-60
-54,211,104,317,-81,302,-265,57,-283,-211,-57,-260,178,-104,235,-14
-39,238,203,348,-114,371,-361,103,-343,-187,-70,-302,200,-222,269,-100
73,35,214,22,41,117,-113,127,-110,80,-46,-12,-43,-144,-27,-163
153,-159,116,-329,244,-158,239,97,144,296,-63,273,-262,51,-278,-124
158,-97,105,-267,330,-69,287,141,40,256,-199,217,-249,35,-126,-120
136,64,178,-54,265,153,145,201,-168,156,-346,55,-151,-111,132,-224
126,-17,75,-126,139,32,221,106,49,174,-230,152,-255,9,-40,-163
52,-259,-248,-350,20,-315,437,-131,518,135,89,367,-345,359,-399,117
-73,-242,-357,-249,-78,-254,301,-203,443,-62,214,200,-157,376,-307,281
-112,67,-85,138,-79,194,-132,18,-126,-229,21,-235,150,-49,162,116
-8,199,177,231,0,349,-252,216,-372,-101,-176,-313,143,-302,294,-107
116,-13,63,-122,57,-49,101,128,39,172,-86,58,-122,-27,-110,-53
109,-205,-143,-334,14,-364,309,-41,360,227,93,249,-196,208,-357,128
0,-49,-54,-40,-88,-132,5,-34,76,48,82,-2,38,-5,-44,80
-47,170,168,304,-84,221,-322,41,-291,-105,-39,-206,178,-256,268,-138
21,91,160,151,58,126,-96,-4,-110,-6,-70,74,-59,-39,28,-209
153,-110,37,-285,265,-159,346,4,242,236,-74,409,-394,272,-392,-167
227,-44,173,-362,362,-76,333,260,78,383,-243,267,-421,36,-304,-244
154,270,430,29,250,356,-147,534,-483,252,-453,-261,-130,-512,221,-403
-1,438,414,449,30,608,-472,441,-713,-51,-416,-539,170,-656,583,-348
-107,343,118,489,-93,450,-373,101,-480,-283,-192,-410,270,-293,503,-102
-47,165,19,217,5,193,-141,-3,-222,-180,-66,-142,161,-27,219,-33
146,92,284,-99,244,121,7,244,-189,186,-199,37,-124,-141,-35,-253
319,80,510,-275,434,177,116,529,-203,501,-419,124,-430,-322,-178,-484
329,86,442,-260,417,200,202,543,-161,508,-473,114,-510,-302,-191,-459
153,32,140,-153,197,81,158,267,-51,241,-237,42,-249,-112,-116,-173
-73,-134,-215,-101,-118,-222,59,-179,223,-44,225,93,53,163,-152,167
-192,-378,-513,-195,-331,-604,169,-602,651,-132,605,351,92,507,-377,390
-132,-517,-632,-330,-253,-797,434,-700,889,1,606,622,-99,685,-595,407
18,-419,-446,-418,26,-671,551,-422,666,188,309,587,-211,540,-550,229
81,-253,-193,-414,216,-415,392,-94,288,225,88,336,-131,282,-352,122
-24,-188,-169,-294,97,-296,179,-111,212,12,193,137,31,289,-204,244
-196,-221,-409,-99,-236,-274,97,-397,383,-313,414,64,180,455,-110,489
-314,-219,-583,98,-469,-237,34,-556,442,-491,481,-26,298,480,28,606
-314,-195,-575,99,-454,-223,-3,-475,347,-456,447,-104,351,347,83,562
-237,-233,-487,-120,-303,-299,66,-348,362,-301,428,-39,239,332,-59,501
-135,-261,-407,-268,-199,-359,189,-280,454,-141,377,125,46,400,-230,402
-63,-221,-265,-210,-165,-284,187,-211,424,-34,232,181,-69,280,-215,232
-45,-149,-152,-86,-182,-199,80,-178,284,-5,163,128,-36,124,-118,96
-76,-191,-186,-114,-143,-275,69,-246,304,-28,262,170,-5,192,-163,141
-48,-270,-237,-260,-23,-372,229,-271,427,11,299,296,-89,382,-338,225
67,-225,-97,-324,138,-296,297,-96,324,150,124,306,-208,287,-360,104
144,-120,87,-252,200,-158,188,107,75,297,-65,195,-194,-15,-230,-110
102,-79,69,-138,100,-181,59,62,23,268,-2,127,-69,-131,-150,-122
-12,-112,-98,-36,-86,-204,27,-112,133,93,127,88,4,-26,-117,31
-76,-31,-132,85,-180,-28,-16,-94,112,-78,64,-53,22,-25,41,105
-53,82,-25,139,-116,171,-75,72,-76,-102,-90,-207,41,-123,202,44
10,29,-32,-27,47,60,33,52,-43,-32,-61,-51,6,21,44,27
98,-188,-146,-298,201,-293,337,-143,256,112,104,363,-126,347,-364,60
142,-278,-145,-379,205,-430,421,-212,398,241,152,539,-226,400,-513,23
53,-136,-30,-128,-27,-207,77,-101,192,121,134,190,-62,53,-210,-1
-183,46,-47,228,-364,58,-370,-99,-35,-226,252,-291,284,-160,178,163
-302,77,-195,342,-498,82,-444,-225,-14,-457,386,-390,421,-30,242,349
-162,30,-156,185,-303,17,-203,-191,75,-285,244,-156,203,90,68,220
34,19,50,1,-32,36,-17,44,0,40,-13,6,-45,-52,-29,-59
-2,2,18,-17,-27,-27,-47,26,-33,28,25,-40,51,-72,28,-3
-220,-113,-340,84,-287,-226,-118,-387,168,-338,427,-75,415,271,44,419
-331,-186,-564,180,-485,-336,-146,-680,338,-559,700,-23,565,519,-14,641
-237,-99,-317,211,-439,-136,-209,-451,230,-397,485,-43,351,251,-5,345
-99,47,30,188,-250,136,-207,-41,6,-102,74,-91,23,-151,82,-80
-38,56,20,88,-61,82,-13,24,8,18,-95,10,-122,-99,58,-150
-4,-69,-160,-21,84,-178,236,-206,152,24,-37,262,-93,237,-53,-12
47,-45,-62,20,119,-168,199,-191,68,63,-52,272,-40,172,-29,-68
74,180,307,257,22,251,-221,171,-338,90,-236,-131,40,-364,258,-295
-1,384,454,453,-120,579,-557,439,-631,-6,-326,-554,150,-764,527,-357
-79,281,213,343,-154,430,-438,308,-466,-84,-202,-501,183,-564,438,-185
-68,-20,-86,-1,-39,-23,-13,-8,-21,-25,11,-50,50,-69,84,0
-18,-203,-176,-188,59,-274,248,-201,255,86,64,287,-114,206,-142,23
6,-133,-103,-30,22,-166,196,-198,185,52,-10,242,-92,131,-38,-29
-14,0,-60,224,-86,-4,-13,-160,-24,-53,-48,38,80,-40,152,-18
-57,40,-31,255,-158,28,-178,-124,-110,-92,59,-72,204,-129,154,-21
-89,20,42,150,-157,49,-280,-81,-92,-107,179,-99,194,-135,55,-39
-133,53,50,165,-164,152,-303,-74,-91,-215,175,-137,180,-72,99,-12
-157,50,-115,246,-185,141,-179,-193,-52,-342,132,-130,221,95,201,130
-137,-95,-372,141,-162,-152,113,-381,166,-272,163,49,220,314,107,321
-20,-276,-416,-166,-12,-459,382,-374,386,11,197,293,28,385,-184,333
144,-259,-141,-348,213,-381,453,-75,324,301,-19,372,-250,231,-339,78
258,-24,181,-233,366,-36,347,243,-1,393,-337,247,-377,-24,-187,-223
195,136,217,-24,275,131,115,252,-207,206,-347,46,-166,-131,31,-256
-32,96,-7,137,-31,64,-144,-4,-185,-100,29,-145,217,-62,134,28
-206,81,-120,282,-289,74,-393,-134,-187,-325,276,-363,473,-111,251,265
-160,221,78,423,-254,367,-461,79,-359,-291,23,-508,346,-347,410,108
35,311,292,294,64,508,-196,371,-403,11,-414,-331,-115,-424,332,-267
207,112,241,-147,366,170,273,358,-78,344,-462,168,-506,-118,-115,-410
228,-204,28,-524,414,-331,520,67,324,417,-92,551,-500,292,-553,-194
131,-273,-94,-422,202,-439,335,-156,349,230,203,425,-150,355,-479,105
6,-80,-73,-76,-57,-180,-4,-97,65,-8,164,9,156,98,-72,195
-76,63,-71,53,-149,30,-124,58,-68,-84,25,-236,137,-118,153,113
-107,64,-94,6,-140,74,-77,111,-29,-58,-21,-214,19,-147,118,28
-148,155,-16,245,-227,209,-266,66,-168,-141,-25,-312,132,-285,270,-27
-193,410,199,711,-369,535,-660,114,-575,-307,-138,-620,393,-604,682,-147
-136,556,406,811,-281,729,-788,298,-802,-263,-329,-752,387,-811,844,-314
45,384,487,310,75,516,-381,455,-578,75,-419,-389,-11,-604,429,-429
231,22,355,-254,347,70,141,359,-101,388,-313,166,-352,-186,-138,-383
174,-178,66,-286,187,-216,286,3,199,291,-38,353,-239,119,-294,-107
-30,-107,-153,59,-108,-162,61,-246,166,-50,137,131,81,154,-43,141
-86,109,-5,248,-60,161,-131,-33,-135,-160,-54,-136,95,-49,194,27
106,322,450,194,264,525,-161,451,-492,94,-480,-215,-191,-380,245,-412
231,390,692,175,364,655,-197,650,-601,267,-657,-212,-324,-584,254,-678
69,289,406,299,9,499,-282,350,-398,48,-354,-252,-121,-455,284,-397
-174,147,-31,353,-313,290,-302,-49,-121,-319,36,-326,189,-132,321,101
-215,121,-132,315,-260,254,-279,-85,-156,-430,104,-391,324,-19,356,256
-111,199,45,280,-100,291,-301,82,-362,-269,-68,-405,337,-181,423,77
-48,191,91,243,-99,189,-286,99,-330,-118,-87,-306,262,-272,356,-55
-28,50,3,80,-106,1,-120,1,-38,-28,27,-88,59,-86,71,-11
31,-60,20,-117,26,-34,78,1,148,39,58,108,-155,123,-209,11
55,-44,87,-63,95,44,22,7,47,5,46,101,-96,112,-167,-11
-76,-38,-73,118,-106,-31,-120,-190,17,-162,189,-15,202,74,39,119
-188,-155,-386,72,-257,-273,-18,-409,213,-243,339,16,306,209,48,329
-104,-204,-411,-155,-96,-325,248,-299,339,-101,211,160,23,328,-118,289
35,-60,-91,-147,84,-51,224,17,132,40,-80,118,-165,143,-80,28
-20,132,117,172,-40,234,-147,93,-164,-73,-124,-152,12,-161,204,-102
-160,126,17,339,-219,205,-316,-74,-171,-236,44,-252,216,-194,318,19
-110,-16,-102,99,-60,-21,-29,-137,17,-120,47,-19,80,19,127,57
59,-50,-40,-121,230,-73,284,-13,55,111,-188,210,-177,107,-13,-101
49,87,44,54,142,107,104,66,-113,63,-260,58,-110,-60,147,-205
-113,224,64,352,-187,309,-290,56,-254,-186,-118,-284,131,-267,348,-120
-108,263,186,321,-176,393,-378,191,-286,-165,-90,-387,66,-339,287,-120
94,243,396,66,154,398,-153,409,-294,115,-326,-189,-231,-306,93,-303
164,205,403,-20,283,334,-10,379,-256,184,-374,-28,-299,-194,18,-356
3,90,102,46,14,128,-81,65,-61,-44,-15,-42,-40,7,-22,-64
-92,-102,-165,-46,-216,-168,-72,-178,208,-129,357,6,111,190,-213,242
-10,-185,-165,-229,-105,-365,74,-154,305,81,346,151,20,203,-377,210
15,-72,-42,-85,-17,-267,33,-75,90,147,113,97,32,8,-128,25
-154,180,-10,392,-226,135,-327,-60,-247,-187,13,-305,296,-259,378,20
-317,333,-12,697,-478,486,-663,-29,-448,-523,74,-708,531,-417,658,130
-268,233,6,529,-473,446,-603,26,-312,-451,137,-624,419,-355,452,166
-112,-70,-105,100,-277,-9,-147,-132,99,-141,196,-101,148,-40,28,145
-14,-338,-333,-236,-81,-459,339,-380,492,67,235,402,-70,350,-263,189
31,-361,-386,-395,115,-472,580,-305,549,117,113,486,-237,515,-339,235
87,-181,-195,-377,242,-162,499,47,299,128,-108,221,-325,339,-272,181
56,-20,-67,-174,126,51,213,189,47,54,-130,-65,-171,70,-83,135
-118,-11,-189,105,-178,-53,-80,-92,18,-126,131,-168,161,-17,81,214
-216,-55,-287,183,-347,-178,-179,-295,115,-225,340,-115,296,40,54,262
-90,-45,-122,47,-173,-76,-97,-108,114,-100,207,-46,76,57,-92,140
103,41,158,-113,115,122,45,213,-16,102,-99,-10,-203,-19,-134,-80
250,80,340,-185,365,179,164,382,-154,299,-383,85,-332,-113,-81,-300
399,67,502,-325,631,94,324,488,-230,576,-588,269,-479,-208,-129,-535
542,52,664,-488,814,32,406,652,-254,835,-684,413,-655,-289,-288,-746
427,60,574,-404,614,44,230,554,-215,685,-479,306,-525,-275,-299,-648
97,68,217,-43,109,75,-85,168,-129,155,-77,22,-85,-155,-72,-234
-27,84,50,110,-94,134,-177,46,-109,-90,46,-129,81,-96,43,-34
260,101,330,-222,338,182,147,429,-138,334,-345,79,-369,-142,-185,-354
592,75,625,-603,844,114,562,750,-112,850,-738,457,-904,-146,-507,-731
514,-49,428,-546,762,-117,649,409,88,783,-567,668,-843,73,-551,-635
161,-179,-22,-175,254,-317,413,-224,284,263,-52,574,-307,306,-342,-167
-36,-180,-199,34,-82,-294,127,-399,273,-42,239,297,69,286,-156,154
-18,-91,-30,7,-73,-123,-55,-121,66,-12,176,38,123,25,-64,112
5,7,98,0,-12,1,-145,72,-102,65,54,-93,112,-164,13,-12
1,8,95,-7,34,-14,-92,46,-77,79,13,-11,32,-130,-2,-97
125,-68,119,-220,174,-95,153,80,105,239,-63,241,-244,30,-237,-196
228,-153,139,-435,315,-206,370,121,256,375,-96,432,-439,183,-446,-212
103,-165,-40,-286,137,-270,254,-72,248,165,80,296,-146,260,-306,34
-182,-74,-265,166,-260,-192,-120,-366,104,-269,324,-47,358,185,105,319
-276,53,-220,402,-422,38,-348,-319,-39,-400,287,-260,428,-23,301,255
-113,123,68,219,-235,240,-270,57,-101,-153,23,-224,51,-202,163,-65
-30,132,167,37,-110,266,-204,236,-96,-26,-77,-196,-112,-226,65,-159
-174,129,3,205,-252,214,-330,37,-136,-256,79,-348,193,-156,262,82
-292,180,-134,471,-400,239,-457,-131,-229,-474,160,-502,447,-149,474,260
-203,234,-33,468,-243,387,-344,-1,-315,-387,-49,-450,290,-205,450,93
-21,241,140,291,58,472,-153,203,-355,-147,-306,-260,13,-232,330,-176
59,166,188,129,196,344,-39,197,-321,-22,-326,-109,-30,-168,250,-238
66,-36,50,-90,142,-12,92,20,-15,82,-93,113,-67,28,-16,-99
107,-318,-134,-451,102,-459,390,-159,489,264,167,487,-305,353,-499,47
151,-453,-231,-627,121,-653,571,-255,736,338,295,692,-424,553,-770,104
69,-252,-164,-282,78,-405,289,-254,365,119,222,431,-114,374,-386,78
-49,116,48,310,-46,47,-220,-148,-245,-142,26,-72,295,-78,256,-55
-68,235,143,479,-120,235,-349,-40,-363,-141,-125,-232,241,-296,410,-153
-4,21,1,107,-78,22,29,-16,62,46,-70,25,-128,-55,10,-77
49,-184,-165,-270,-12,-202,302,-57,388,113,85,217,-276,240,-324,128
16,-127,-111,-207,-73,-151,83,-36,230,-14,191,43,-19,202,-215,212
-66,32,26,83,-236,38,-278,-28,-17,-165,236,-194,224,-17,19,174
-127,10,-21,159,-308,46,-275,-122,67,-198,276,-140,152,-6,-17,135
-118,-147,-209,-48,-185,-107,59,-197,333,-119,245,87,-79,218,-200,221
-20,-235,-295,-305,57,-266,368,-174,415,2,146,257,-194,406,-309,238
90,-247,-240,-439,221,-416,470,-161,370,136,112,408,-165,479,-382,185
144,-271,-180,-437,232,-538,423,-262,379,188,208,538,-92,532,-476,108
109,-223,-91,-305,145,-450,250,-278,327,114,289,458,-35,459,-466,101
54,-62,65,-103,94,-92,9,-41,80,36,151,122,-25,167,-253,55
39,88,158,4,37,180,-103,207,-111,39,-62,-147,-74,-134,-45,-45
5,46,16,-12,-39,56,-4,104,8,53,-54,-50,-103,-88,-28,-56
-63,-90,-188,-10,-113,-200,83,-204,197,-13,128,135,-7,133,-88,69
-110,-62,-168,95,-136,-138,-30,-231,102,-107,191,11,136,99,-2,159
-82,78,42,177,-97,142,-194,37,-130,-116,26,-227,137,-144,142,93
-16,97,137,101,-42,202,-171,165,-154,-18,-68,-201,6,-207,110,-44
5,-38,44,-49,-16,-22,-20,5,42,40,37,47,-40,-11,-77,-59
9,-82,-18,-88,57,-134,35,-119,85,16,131,169,18,143,-158,-10
93,13,107,-104,243,0,67,61,-90,57,-48,107,-18,102,-101,-73
277,45,266,-262,506,79,285,308,-158,295,-355,199,-271,55,-154,-244
420,-65,268,-478,603,-109,552,346,33,554,-464,451,-536,110,-337,-356
325,-158,141,-457,407,-265,521,188,206,533,-289,472,-504,111,-390,-261
124,-78,46,-174,110,-112,208,91,129,245,-122,166,-251,-17,-156,-93
73,76,142,33,113,215,57,198,-114,74,-269,-54,-174,-132,107,-135
287,136,436,-65,472,377,190,412,-292,266,-589,97,-373,-167,82,-421
407,137,620,-175,625,306,213,485,-323,455,-601,250,-462,-177,-89,-595
122,160,358,117,107,222,-196,202,-259,97,-139,-52,-44,-220,34,-283
-382,240,-134,681,-647,305,-734,-238,-264,-610,349,-612,629,-248,526,264
-488,297,-260,890,-726,444,-780,-318,-377,-816,264,-769,796,-301,827,348
-21,247,183,375,39,388,-234,104,-438,-134,-284,-241,161,-310,483,-212
439,49,548,-369,722,74,373,480,-193,644,-600,407,-600,-155,-232,-649
335,-149,248,-579,534,-211,504,262,212,544,-260,523,-614,168,-519,-341
-141,-178,-365,-124,-149,-170,168,-262,333,-210,242,78,20,345,-106,323
-350,-2,-464,304,-410,85,-168,-363,64,-590,275,-320,439,177,367,485
-109,110,-36,164,-79,151,-141,16,-145,-189,-27,-211,132,-82,227,44
164,14,237,-270,235,-31,130,245,32,323,-135,198,-353,-43,-283,-291
125,-139,60,-360,139,-208,245,63,294,270,38,322,-359,170,-436,-117
-44,-101,-149,-58,-91,-113,77,-153,191,-87,142,75,24,187,-84,162
-50,58,-19,145,-45,58,-87,-43,-120,-122,-9,-127,184,-31,201,98
123,127,257,4,230,89,-25,208,-240,183,-227,5,-77,-182,50,-248
224,67,330,-187,386,92,167,306,-118,366,-313,198,-371,-126,-206,-398
160,-9,130,-169,292,86,246,175,23,219,-240,195,-328,43,-197,-198
-34,-115,-238,-87,13,-136,244,-166,224,-82,68,134,-53,301,-123,227
-202,-306,-615,-139,-277,-545,251,-587,570,-278,529,229,200,644,-246,583
-287,-385,-702,-165,-415,-657,177,-763,703,-378,759,302,292,756,-324,640
-214,-205,-405,-18,-292,-262,-11,-481,363,-364,504,133,258,457,-154,376
-123,24,-91,146,-131,105,-152,-132,-36,-268,132,-103,190,89,96,120
-143,-21,-170,123,-159,-39,-110,-156,3,-199,162,-110,222,61,99,198
-231,-157,-391,80,-357,-306,-105,-369,228,-251,426,-91,357,158,35,410
-236,-28,-228,198,-424,-31,-302,-195,24,-310,328,-327,397,-56,216,345
-90,264,212,327,-177,476,-430,285,-404,-173,-144,-542,194,-434,418,-33
68,237,304,139,120,384,-128,398,-343,96,-374,-263,-144,-363,241,-255
115,-146,-60,-260,228,-279,375,-26,217,294,-129,358,-303,143,-212,-109
110,-362,-274,-417,168,-593,549,-301,505,293,109,597,-248,421,-418,56
132,-140,-27,-213,187,-205,307,-46,195,211,-60,311,-218,167,-228,-54
168,106,277,-28,272,202,108,275,-137,209,-336,61,-315,-125,-45,-285
177,24,221,-124,284,58,201,181,0,278,-275,210,-376,-29,-152,-298
161,-180,9,-291,201,-247,332,-50,247,283,-44,397,-263,162,-305,-130
162,-150,34,-260,165,-163,232,16,145,195,-2,245,-120,140,-235,-1
146,111,221,-47,201,240,11,294,-195,72,-227,-118,-92,-97,14,-59
78,317,314,226,161,518,-177,415,-436,-39,-380,-361,-71,-293,272,-165
-55,369,257,430,-57,554,-388,285,-506,-186,-288,-489,141,-420,475,-149
-207,299,95,534,-350,462,-593,64,-437,-387,10,-587,437,-406,553,43
-293,167,-102,479,-481,282,-562,-161,-230,-522,262,-512,524,-180,448,249
-249,71,-164,286,-332,114,-294,-221,-35,-414,229,-255,331,43,271,218
-89,89,-1,138,-42,98,-109,-53,-120,-130,-45,-65,92,-51,220,-70
17,174,148,105,77,124,-140,131,-296,30,-184,-118,104,-213,261,-201
-45,83,-52,81,-59,-58,-137,-48,-134,-103,80,-116,265,6,124,70
-124,-179,-393,-72,-172,-401,96,-438,319,-217,424,168,251,469,-200,393
-37,-328,-383,-257,-23,-524,341,-467,522,-21,387,470,-24,583,-427,281
118,-220,-70,-305,193,-336,349,-132,289,244,50,434,-220,245,-366,-53
80,-75,-7,-164,134,-175,155,9,65,180,-29,161,-80,32,-134,-63
-114,-49,-266,49,-133,-164,31,-209,93,-137,139,-24,181,136,61,234
-139,-62,-265,114,-175,-88,36,-258,134,-219,115,-39,160,176,131,267
62,-2,69,-26,108,66,132,98,-8,107,-206,43,-169,-41,48,-63
227,5,229,-219,343,24,281,319,-51,413,-371,148,-388,-156,-146,-278
173,-41,21,-205,279,-131,320,139,51,335,-229,217,-310,-13,-209,-176
68,52,-7,37,133,14,149,61,-61,122,-216,91,-134,-47,17,-180
91,272,327,230,147,428,-153,315,-416,54,-407,-161,-86,-352,292,-388
56,286,385,232,69,514,-311,360,-459,-65,-285,-327,36,-354,308,-266
-186,49,-161,214,-314,132,-293,-138,-49,-418,268,-316,386,78,193,328
-393,-67,-526,390,-662,-63,-353,-527,171,-683,573,-373,645,247,274,658
-248,165,-105,511,-497,295,-498,-142,-208,-477,175,-499,487,-213,481,255
73,341,481,317,37,563,-440,454,-584,6,-336,-456,93,-575,410,-317
168,160,351,-74,272,221,-100,369,-352,184,-233,-121,-28,-249,49,-245
-32,-143,-221,-200,47,-270,127,-174,141,-65,226,109,130,275,-149,220
-191,-144,-367,-27,-220,-186,25,-306,245,-277,296,-25,211,282,27,361
-153,72,-62,171,-223,234,-171,11,-29,-268,24,-271,77,-63,222,128
-91,133,28,202,-136,282,-187,47,-95,-218,-9,-231,47,-72,158,32
-147,-31,-257,186,-168,-103,-75,-341,78,-260,271,31,245,224,2,206
-180,-154,-438,129,-211,-389,10,-572,192,-264,412,173,395,347,-6,296
-112,-149,-319,1,-135,-323,73,-372,177,-138,254,141,243,229,14,214
-61,-92,-189,-67,-76,-113,96,-128,163,-82,90,37,35,137,8,157
-99,17,-122,103,-164,97,-40,-49,34,-177,18,-133,56,17,129,120
-135,199,4,334,-201,294,-272,49,-252,-223,-80,-337,190,-243,375,-6
-58,218,163,222,-24,297,-273,194,-363,-92,-158,-320,155,-322,342,-129
36,-10,97,-211,191,-13,43,145,-57,74,-26,22,-57,24,-73,-32
49,-266,-83,-447,187,-298,280,-114,357,91,228,350,-162,415,-432,146
-43,-255,-165,-251,-30,-301,181,-275,401,-40,310,319,-64,401,-321,172
-157,-86,-225,56,-236,-165,-28,-299,213,-189,230,70,121,173,37,146
-251,-49,-370,173,-333,-188,-81,-352,155,-285,256,-80,264,133,186,263
-283,-91,-430,148,-365,-213,-88,-376,191,-295,344,-107,292,140,106,345
-197,-42,-174,159,-329,-25,-219,-169,72,-188,268,-167,190,-77,59,164
-57,47,96,91,-157,204,-204,117,-55,-41,28,-175,-31,-213,32,-68
30,-6,48,-84,28,145,100,125,63,12,-116,7,-206,26,-48,-55
26,-104,-172,-135,97,-72,321,-87,228,-22,-62,186,-186,323,-111,129
-35,-113,-191,-26,-19,-159,167,-187,177,-66,94,98,31,224,-69,216
-102,-94,-147,75,-227,-150,-149,-181,87,-107,288,-95,239,13,-25,258
-197,-165,-297,33,-380,-202,-177,-276,224,-245,469,-147,320,115,-58,423
-230,-175,-411,25,-378,-170,-48,-329,326,-338,428,-94,238,282,-42,481
-128,-6,-145,115,-226,47,-105,-122,93,-221,152,-132,107,84,54,196
40,139,191,85,-41,179,-228,185,-195,4,-22,-177,44,-194,43,-106
122,61,173,-156,91,-1,-80,213,-119,136,16,-47,11,-82,-142,-103
148,-63,11,-335,223,-155,231,133,85,181,-36,164,-145,163,-268,-24
221,25,210,-247,373,24,290,299,-43,346,-352,173,-383,-30,-141,-253
286,150,538,-97,430,220,85,508,-271,512,-526,85,-484,-421,-42,-561
236,63,438,-125,281,45,5,336,-155,447,-269,131,-322,-325,-142,-427
140,-101,94,-240,169,-202,156,5,133,238,34,289,-164,105,-295,-129
208,-79,131,-270,293,-104,281,74,119,252,-128,347,-283,179,-274,-175
330,66,485,-243,478,121,209,388,-153,463,-418,268,-440,-156,-199,-479
279,49,476,-179,370,58,33,337,-199,448,-270,181,-268,-265,-156,-445
55,-23,150,-13,51,-91,-140,-44,-86,100,122,88,135,-88,-76,-114
-53,71,91,189,-95,78,-284,-99,-181,-131,142,-86,271,-80,103,-57
58,221,354,181,46,312,-305,225,-342,-15,-127,-170,54,-271,148,-263
76,122,271,19,51,192,-160,240,-196,90,-108,-127,-43,-203,10,-160
-118,-95,-234,23,-207,-131,-29,-197,151,-178,242,-71,194,137,-7,316
-262,-143,-522,163,-330,-197,6,-460,237,-419,363,-102,372,328,117,550
-119,-113,-341,-4,-76,-157,163,-285,208,-224,173,59,123,347,-18,339
81,-282,-233,-467,241,-452,479,-179,435,147,164,453,-219,537,-499,193
63,-432,-379,-622,206,-738,561,-370,629,182,387,609,-159,711,-650,320
-93,-205,-284,-145,-18,-410,156,-362,257,-76,302,217,177,357,-155,278
-87,186,111,339,-57,250,-284,15,-338,-170,-114,-238,242,-220,384,-81
8,197,226,227,25,336,-185,183,-295,-30,-230,-162,-18,-262,238,-243
-8,-149,-143,-150,-92,-143,169,-130,311,6,127,190,-158,211,-221,65
-147,-288,-420,-141,-355,-364,151,-384,540,-133,414,184,4,341,-249,352
-154,-93,-199,93,-343,-133,-141,-202,169,-143,265,-112,179,-16,62,227
-2,-9,51,10,-15,-43,-87,34,-77,79,4,-65,76,-168,62,-28
127,-132,-3,-237,240,-217,271,4,108,246,-83,269,-165,89,-165,-91
78,-61,8,-95,171,-61,265,-15,109,159,-193,241,-258,63,-35,-155
-34,236,216,340,-99,426,-194,203,-244,-51,-346,-250,-135,-381,399,-266
-131,272,165,425,-331,449,-421,193,-259,-179,-145,-465,56,-456,427,-113
-190,-92,-319,94,-404,-140,-105,-264,264,-249,331,-93,165,134,-14,306
-216,-271,-606,-50,-358,-460,168,-591,526,-284,507,209,197,510,-199,458
-156,-13,-246,211,-238,-63,-60,-294,105,-228,149,-19,156,114,124,135
-47,225,172,341,-155,278,-344,116,-292,-78,-108,-296,121,-344,314,-148
13,60,110,75,-99,0,-211,59,-97,53,78,-112,94,-188,-6,-39
43,-122,-66,-124,-1,-292,22,-145,112,108,234,165,98,95,-245,69
82,107,195,133,129,104,-140,74,-276,62,-80,-22,117,-174,77,-197
75,479,543,485,89,701,-485,454,-769,-37,-469,-463,120,-645,545,-488
-7,442,397,476,-102,686,-481,419,-585,-113,-375,-516,72,-602,497,-372
-99,131,-36,179,-246,196,-152,47,-10,-121,-33,-181,-39,-147,108,-68
-129,-30,-189,44,-201,-26,20,-118,187,-107,101,-7,-59,64,-18,48
-120,39,-86,120,-104,124,-70,-25,-25,-149,-23,-130,52,-51,158,62
-71,53,-42,141,-53,176,-49,53,-117,-124,-106,-213,87,-102,254,106
77,5,31,-10,79,77,147,165,-30,146,-252,-47,-151,-144,106,-21
220,55,318,-119,280,144,199,424,-129,470,-503,58,-448,-403,-1,-386
210,165,493,-28,289,349,-12,571,-340,443,-556,-103,-408,-604,121,-537
48,146,287,99,62,345,-155,319,-278,100,-284,-210,-97,-403,210,-264
16,12,35,21,2,117,28,41,-3,-5,-85,-7,-67,-27,48,-74
210,-21,169,-223,281,-37,294,158,70,320,-264,307,-385,47,-203,-296
310,21,357,-315,464,16,308,382,-50,504,-415,306,-509,-102,-238,-461
74,-20,64,-140,156,16,128,129,-15,123,-143,65,-122,-17,-10,-105
-197,-152,-402,51,-217,-170,84,-388,221,-325,251,24,249,321,103,348
-110,-286,-445,-117,-83,-409,301,-518,432,-177,311,374,74,547,-178,301
146,-342,-167,-506,287,-574,521,-269,506,293,180,684,-312,541,-598,2
164,-350,-120,-592,260,-545,475,-125,496,333,211,558,-314,463,-647,60
-41,-248,-298,-270,-75,-314,229,-200,373,-38,248,155,0,338,-229,318
-63,-37,-194,28,-78,10,96,-82,72,-145,-11,-63,61,110,118,189
129,109,166,-8,257,176,128,227,-171,141,-348,16,-205,-100,69,-210
176,98,249,-138,309,127,132,337,-141,263,-297,37,-289,-121,-100,-251
6,-5,-38,-97,-28,26,24,116,40,13,25,-114,-56,5,-93,110
-45,-98,-166,-104,-126,-73,48,-37,179,-81,156,-65,34,106,-86,251
174,-188,49,-380,246,-214,293,44,207,239,6,304,-211,188,-341,-7
330,-193,260,-544,528,-234,427,180,175,490,-159,515,-446,180,-494,-248
205,13,299,-181,322,101,153,260,-64,286,-269,169,-316,-75,-127,-290
41,316,370,339,15,543,-294,356,-453,-17,-381,-348,-34,-477,397,-325
93,371,490,332,76,509,-389,401,-570,54,-358,-337,32,-534,351,-405
218,75,398,-126,309,2,-68,206,-204,286,-79,166,-96,-104,-217,-340
149,-130,126,-295,252,-257,177,-63,164,212,117,387,-157,272,-411,-99
-114,59,-35,149,-74,130,-55,-102,-3,-188,-6,-44,25,68,148,33
-291,354,22,703,-366,630,-520,30,-455,-513,-172,-643,356,-412,788,31
-296,365,27,754,-460,594,-672,19,-538,-520,-51,-740,554,-509,782,62
-195,107,-84,345,-323,152,-374,-127,-169,-302,177,-319,372,-174,282,123
-50,-75,-100,-25,-49,-106,44,-147,147,-33,135,125,-14,134,-122,41
35,-57,-9,-104,130,-67,165,-61,120,72,-35,228,-167,163,-134,-82
-42,-17,-59,55,-26,-25,-24,-111,1,-74,58,42,88,64,34,6
-166,-52,-238,151,-305,-133,-180,-271,48,-222,283,-107,346,36,133,202
-142,-135,-307,8,-281,-265,-1,-285,244,-119,256,40,155,121,6,196
26,-251,-237,-311,34,-391,380,-215,435,147,88,403,-252,321,-288,43
121,-406,-278,-548,238,-578,635,-294,624,267,133,689,-391,587,-581,60
95,-490,-415,-577,167,-715,673,-431,719,218,307,749,-280,707,-648,211
73,-400,-388,-489,108,-615,597,-349,610,174,196,594,-225,570,-466,193
70,-165,-201,-239,129,-283,408,-142,286,116,-62,322,-190,302,-130,46
-54,62,-106,190,-70,56,-7,-138,-52,-175,-56,-39,125,75,216,53
-200,122,-154,440,-374,196,-356,-247,-133,-446,183,-302,425,-23,350,190
-152,3,-130,184,-331,58,-235,-153,46,-257,238,-173,229,-22,119,159
47,-170,-18,-329,12,-231,159,60,265,202,73,141,-210,40,-225,27
3,-149,-42,-253,10,-264,140,20,210,175,50,79,-121,17,-95,99
-280,111,-185,438,-431,81,-396,-190,-145,-372,184,-457,454,-188,460,324
-330,257,-173,684,-544,356,-576,-143,-317,-556,139,-657,561,-301,620,286
29,13,-5,-54,38,102,84,120,10,23,-90,-50,-111,-14,-32,24
302,-302,31,-745,514,-352,699,157,430,503,-151,603,-617,373,-641,-126
79,-167,-75,-287,120,-213,301,-60,276,156,8,308,-225,217,-233,-19
-307,299,-31,692,-554,443,-593,-96,-324,-458,36,-558,393,-418,639,3
-247,420,149,719,-485,620,-702,132,-493,-372,-103,-675,307,-617,657,-159
135,-20,149,-202,165,-37,113,165,45,261,-88,184,-259,-49,-263,-241
279,-392,-47,-697,453,-642,652,-120,504,534,97,812,-453,478,-779,-126
69,-164,-31,-169,141,-347,213,-204,207,209,73,413,-120,177,-231,-115
-95,301,274,454,-152,385,-434,119,-410,-114,-200,-337,148,-455,492,-281
-43,336,391,367,-73,530,-470,321,-511,-112,-256,-448,116,-491,471,-258
5,-22,61,-22,48,-1,-62,-15,-48,-43,89,-11,106,53,-28,74
-42,-234,-259,-86,-29,-411,134,-417,273,-65,363,278,187,385,-241,288
-6,-104,-120,5,-26,-286,43,-266,128,19,197,199,111,181,-150,71
165,112,316,-46,174,91,-62,235,-190,215,-165,40,-120,-162,-61,-298
214,215,511,-8,288,360,-115,442,-361,224,-371,-53,-208,-308,45,-451
82,272,381,275,149,492,-203,289,-426,10,-392,-185,-72,-340,328,-372
-39,348,273,493,-5,548,-281,219,-494,-118,-431,-344,23,-434,570,-306
-20,402,330,454,-23,599,-364,379,-556,-91,-462,-476,27,-545,559,-306
-5,428,382,414,-85,649,-488,463,-610,-128,-343,-587,142,-576,507,-266
-133,376,206,502,-263,569,-575,228,-515,-316,-139,-608,313,-469,544,-89
-239,155,-125,411,-350,205,-334,-126,-149,-358,80,-344,299,-150,402,108
-146,-122,-311,-10,-188,-247,98,-298,281,-118,181,90,39,219,3,210
84,-218,-155,-336,114,-323,370,-101,363,161,45,332,-237,300,-288,70
271,-70,190,-339,345,8,361,252,78,331,-292,274,-407,66,-248,-211
298,4,294,-307,430,170,365,426,-13,406,-469,216,-543,-88,-199,-348
164,-174,38,-458,280,-138,437,196,296,371,-172,301,-519,94,-364,-107
-37,-353,-273,-442,-48,-486,282,-190,538,149,343,296,-164,302,-445,267
-137,-287,-281,-169,-253,-437,-24,-364,372,-75,530,135,216,225,-262,353
-28,-168,-122,-74,-92,-283,-14,-251,172,-3,310,155,174,134,-164,156
118,-197,-99,-350,191,-357,352,-104,294,227,80,383,-206,300,-374,25
91,-222,-167,-454,164,-360,447,-67,423,194,63,395,-325,405,-438,82
-54,-18,-63,-39,-88,20,22,-36,138,-101,76,8,-68,131,-60,61
-102,172,137,279,-143,305,-306,30,-205,-194,-27,-207,128,-184,235,-97
4,2,71,77,-5,35,-82,-63,-34,-7,38,58,43,-26,-9,-89
-92,-264,-324,-152,-151,-389,143,-373,374,-67,376,231,110,337,-265,278
-419,-170,-651,228,-648,-273,-210,-592,338,-575,652,-218,567,313,114,682
-588,152,-519,743,-857,243,-673,-450,-126,-917,482,-768,845,-86,709,638
-306,297,-54,621,-387,475,-532,-19,-419,-510,-21,-638,450,-345,674,118
108,213,384,105,263,373,-74,379,-356,166,-427,-118,-219,-332,184,-377
143,222,452,65,250,432,-81,431,-338,164,-430,-127,-266,-330,136,-382
-254,318,43,566,-380,572,-557,92,-405,-495,-41,-674,377,-349,619,125
-564,199,-498,758,-865,283,-704,-389,-208,-910,427,-839,891,-137,783,633
-421,-111,-663,294,-655,-332,-264,-601,211,-562,611,-288,708,225,278,655
-63,-253,-320,-194,-86,-556,144,-379,313,29,368,269,179,306,-217,240
110,-98,45,-184,199,-206,128,-34,35,177,22,231,-40,98,-168,-80
42,42,46,30,103,72,0,25,-131,-33,-81,-16,73,9,79,-16
25,-31,-118,3,31,-80,108,-112,24,-47,-4,67,93,141,42,88
162,-106,-30,-179,173,-259,262,-68,108,226,-62,297,-103,129,-159,-85
217,-16,186,-178,247,-124,143,147,-53,321,-178,192,-145,-88,-122,-224
-6,74,57,54,-24,36,-147,68,-169,-25,-1,-162,176,-129,138,18
-301,-13,-387,273,-424,-73,-283,-381,31,-506,405,-295,555,156,276,479
-367,-121,-578,303,-514,-222,-174,-652,237,-623,539,-129,587,381,226,589
-154,-56,-262,187,-189,-93,-33,-356,110,-282,202,17,245,211,130,239
69,107,151,52,156,159,15,175,-181,98,-223,-45,-89,-160,83,-158
105,159,252,2,190,222,-43,337,-257,198,-280,-124,-157,-301,44,-253
-41,55,41,40,-23,80,-114,57,-61,-23,19,-80,14,-89,2,-54
-224,-48,-224,116,-291,-31,-178,-285,128,-357,353,-86,267,174,68,245
-308,0,-326,246,-456,41,-313,-310,54,-532,401,-320,491,150,242,436
-227,176,-144,381,-389,237,-421,-42,-261,-404,128,-540,498,-194,440,264
-27,271,197,336,-50,341,-330,232,-466,-50,-233,-399,203,-460,408,-146
90,106,281,54,212,152,-53,192,-243,195,-252,2,-95,-253,103,-291
-47,-131,-55,-121,46,-185,50,-142,149,-4,169,150,5,183,-134,82
-293,-67,-304,152,-456,-158,-330,-344,129,-425,545,-245,485,150,77,468
-341,292,-38,681,-670,340,-877,-108,-429,-581,357,-777,793,-412,583,262
-147,473,377,772,-372,675,-884,209,-762,-347,-93,-744,549,-726,738,-207
-9,178,214,288,-17,258,-249,30,-289,-104,-110,-124,132,-171,262,-170
-94,-246,-383,-116,-33,-438,301,-512,423,-157,305,389,59,592,-212,303
-184,-224,-524,28,-190,-483,199,-651,415,-283,419,313,230,607,-123,408
-60,134,23,353,-74,161,-178,-125,-214,-167,-67,-78,183,-93,276,-97
122,343,514,362,163,621,-264,422,-566,88,-535,-239,-123,-556,402,-536
128,226,383,161,158,453,-79,374,-319,143,-460,-122,-259,-396,229,-422
22,69,88,98,48,97,-19,37,-89,38,-154,12,-75,-110,115,-178
88,58,175,42,235,-6,-34,2,-208,122,-94,144,34,-80,30,-260
280,0,373,-254,557,-56,158,211,-216,389,-220,326,-187,-28,-234,-404
294,-123,185,-464,499,-183,397,208,90,428,-172,385,-386,155,-441,-211
17,-76,-171,-176,21,-111,260,17,237,57,-11,94,-218,189,-204,121
-148,138,-166,259,-261,250,-101,-1,-31,-275,-53,-292,42,-59,232,128
14,163,107,133,38,372,-69,226,-209,-78,-230,-202,-58,-165,165,-111
280,-124,178,-465,444,-57,402,285,111,391,-211,302,-426,99,-405,-170
268,-365,-84,-716,396,-509,659,47,497,491,1,566,-496,390,-654,35
0,-197,-198,-240,19,-301,285,-115,319,92,81,195,-127,226,-179,192
-134,196,49,336,-170,324,-281,52,-260,-261,-105,-363,210,-214,446,50
-28,345,334,399,-28,566,-393,314,-534,-138,-319,-436,122,-482,507,-244
76,177,286,131,96,233,-116,251,-291,166,-313,-95,-94,-377,204,-352
10,12,-17,86,-7,-84,37,-51,-51,133,-139,82,-11,-161,151,-185
-116,101,-101,308,-141,102,-122,-110,-195,-173,-103,-177,254,-151,415,0
-30,294,156,388,2,480,-236,225,-488,-165,-350,-413,188,-363,518,-112
213,290,423,76,333,469,1,557,-457,258,-609,-186,-272,-436,206,-438
328,6,286,-374,519,-22,446,415,-14,576,-502,343,-606,-98,-279,-478
239,-301,-107,-590,432,-473,678,-42,430,445,-94,653,-472,419,-552,-107
181,-303,-148,-495,344,-449,524,-158,356,232,82,535,-211,507,-481,83
317,-3,375,-263,499,1,213,277,-146,397,-273,293,-279,-27,-263,-352
469,252,877,-158,704,378,52,758,-552,721,-743,148,-560,-599,-79,-912
401,216,772,-177,624,382,94,746,-458,668,-749,103,-591,-596,-13,-829
197,-3,285,-243,346,110,191,348,-79,326,-330,89,-343,-141,-92,-256
152,-140,45,-333,258,-140,281,101,143,213,-46,208,-237,168,-281,19
271,-165,194,-451,422,-243,338,130,167,412,-62,440,-367,175,-486,-188
309,-133,331,-495,500,-158,323,228,112,467,-144,464,-450,136,-492,-329
195,2,325,-270,325,153,110,322,-58,217,-195,101,-282,-10,-196,-194
114,278,424,152,154,551,-226,488,-458,29,-382,-365,-64,-396,278,-206
98,479,567,469,119,703,-451,568,-784,69,-564,-556,54,-774,597,-452
-28,411,352,481,-51,483,-486,339,-663,-11,-367,-516,206,-695,603,-345
-252,175,-146,360,-430,171,-442,-37,-231,-349,146,-525,443,-290,447,192
-324,37,-345,247,-590,63,-391,-146,33,-454,385,-521,452,-70,258,483
-62,21,-4,19,-228,28,-186,77,27,-27,127,-207,60,-143,1,88
267,-42,338,-299,309,-145,201,245,45,520,-210,336,-411,-135,-318,-417
330,-147,261,-457,459,-315,448,153,176,613,-235,575,-532,71,-468,-395
169,-137,7,-331,289,-251,406,54,240,326,-122,356,-371,189,-345,-69
81,-62,-43,-175,194,-61,279,84,119,152,-124,128,-245,104,-179,21
120,-77,26,-215,275,-78,269,93,64,209,-141,216,-230,85,-207,-104
184,-170,35,-364,323,-283,327,-20,166,280,-6,408,-201,236,-362,-121
213,-234,38,-440,303,-397,345,-54,248,322,72,461,-196,309,-456,-41
255,-187,101,-453,368,-306,407,75,220,405,-66,446,-327,224,-464,-104
300,-111,182,-409,453,-138,447,225,106,455,-286,393,-449,81,-372,-267
244,59,256,-221,392,148,257,381,-131,333,-433,143,-374,-133,-76,-362
150,273,417,57,234,479,-103,569,-455,187,-539,-285,-191,-489,278,-400
112,325,463,123,171,526,-247,651,-558,187,-507,-463,-122,-650,349,-354
55,67,144,-61,95,149,-37,304,-175,152,-189,-196,-87,-297,67,-90
-85,-161,-291,-100,-150,-208,100,-199,240,-101,236,35,89,198,-117,258
-171,-11,-257,177,-325,-28,-122,-253,108,-306,237,-111,236,128,102,235
-38,267,228,353,-116,387,-333,189,-350,-107,-194,-326,67,-362,360,-209
167,221,463,69,254,385,-93,485,-378,299,-484,-131,-305,-481,153,-482
239,-111,176,-357,382,-50,382,264,102,413,-296,287,-463,-9,-293,-229
199,-254,-109,-460,292,-275,535,11,369,292,-58,419,-376,326,-443,39
223,-94,56,-361,332,-113,400,181,138,315,-216,278,-366,130,-293,-114
279,23,286,-365,483,17,297,414,-95,464,-391,201,-435,-135,-221,-368
142,-48,103,-298,269,-102,201,176,9,286,-130,176,-218,-29,-191,-189
-195,-75,-260,127,-287,-119,-152,-311,115,-296,319,-72,309,134,93,262
-426,40,-398,570,-652,27,-485,-557,18,-685,488,-380,682,90,463,492
-363,12,-395,449,-512,-22,-333,-496,56,-561,391,-271,517,124,370,424
-182,-213,-468,-115,-176,-362,201,-405,395,-196,333,177,85,410,-153,351
-54,-286,-416,-387,4,-415,409,-276,513,-12,268,359,-148,529,-415,264
-22,7,-64,-74,42,24,80,-2,74,-74,11,47,-72,157,-82,33
-46,287,254,327,35,445,-286,207,-417,-145,-254,-307,91,-285,384,-204
-54,263,184,351,-12,370,-286,127,-414,-146,-219,-274,160,-286,394,-184
-11,65,16,108,11,33,-51,-50,-89,-58,-22,7,71,-15,73,-76
137,-55,104,-157,221,-104,170,9,58,172,-27,280,-161,153,-238,-137
270,-109,226,-353,484,-131,367,123,88,352,-175,447,-371,215,-407,-224
218,-192,51,-422,446,-240,486,13,225,289,-103,462,-335,372,-407,-49
25,-189,-225,-240,101,-278,305,-175,279,16,113,251,-66,386,-234,193
-131,-45,-217,61,-203,-79,-45,-165,105,-176,177,-79,143,127,37,215
-163,44,-97,207,-257,74,-211,-82,-14,-206,137,-211,158,-73,147,133
-173,-49,-208,114,-255,-43,-94,-211,161,-248,243,-89,141,137,25,260
-156,-161,-352,-12,-249,-216,45,-349,324,-287,368,30,176,395,-117,426
21,-100,-101,-124,-32,-131,82,-101,155,-68,177,46,68,251,-163,252
288,-29,276,-334,376,-6,216,341,-63,354,-220,126,-255,-30,-253,-138
352,-107,252,-534,514,-99,450,397,91,531,-308,322,-523,41,-433,-237
141,-233,-126,-449,172,-287,468,-8,439,246,13,386,-415,344,-480,54
-98,-207,-338,-135,-212,-236,193,-290,478,-148,300,190,-86,419,-281,292
-127,-65,-217,47,-259,-35,-56,-192,215,-249,248,-53,88,218,-42,272
-30,22,-9,-5,-54,104,-57,57,-1,-108,33,-138,39,16,31,120
50,101,159,-5,61,188,-66,216,-145,26,-127,-151,-69,-121,52,-77
100,255,387,136,91,350,-218,361,-324,116,-263,-192,-144,-338,119,-315
133,317,525,216,134,456,-281,425,-431,159,-363,-217,-171,-469,179,-458
54,202,273,176,102,331,-136,247,-273,44,-261,-145,-115,-252,159,-241
-132,63,-147,203,-115,138,-40,-111,-32,-243,-7,-137,108,58,205,143
-233,105,-214,370,-292,133,-210,-218,-84,-383,98,-262,313,-2,359,211
-120,235,75,397,-184,249,-357,48,-360,-170,-99,-352,279,-362,423,-79
68,238,263,175,59,243,-203,319,-416,146,-320,-267,47,-498,304,-287
96,82,96,-48,123,80,51,256,-185,182,-259,-101,-65,-245,94,-146
3,-11,-79,-54,30,-50,84,2,13,8,-28,-8,11,46,7,62
-40,-25,-34,34,-1,-73,-12,-110,20,-49,75,34,73,85,-7,60
5,-13,56,56,17,-46,-32,-48,-7,57,15,60,-19,-33,-28,-35
15,-21,1,37,-72,-25,35,27,74,105,-44,-4,-106,-99,-22,-33
-30,-13,-74,3,-172,4,25,75,124,48,-37,-100,-126,-111,18,36
5,-5,46,-103,-48,14,15,164,49,94,-64,-89,-139,-130,-3,-2
121,12,251,-210,212,34,64,272,-61,250,-181,38,-239,-126,-79,-174
170,79,341,-124,283,115,68,275,-125,244,-275,84,-273,-118,-60,-283
29,125,208,117,37,200,-116,113,-134,-4,-136,-44,-95,-99,88,-180
-132,87,3,227,-195,125,-266,-80,-83,-229,130,-186,184,-40,146,59
-109,-26,-120,49,-126,-41,-160,-92,-31,-165,213,-158,246,24,20,194
103,-61,-34,-235,168,-114,150,134,-9,148,-25,9,-12,14,-156,57
281,-63,105,-410,367,-84,385,321,32,398,-275,202,-353,13,-290,-158
231,-149,42,-437,314,-155,430,159,220,332,-167,333,-386,176,-354,-127
38,-221,-158,-290,100,-232,319,-161,339,42,104,327,-172,359,-280,100
-37,-71,-156,-28,6,-53,119,-177,127,-135,86,116,25,248,-53,119
79,152,133,70,133,201,-22,152,-199,8,-195,-49,-43,-69,72,-155
207,73,274,-182,297,57,98,295,-131,289,-228,110,-241,-102,-156,-270
155,-256,-18,-460,227,-422,337,-34,332,329,126,411,-243,254,-488,31
-32,-330,-308,-256,-84,-516,278,-358,487,52,328,335,-18,369,-307,305
-147,55,-125,337,-322,47,-188,-190,-27,-200,55,-192,219,-125,314,128
-94,391,268,604,-266,518,-543,205,-544,-181,-235,-541,265,-606,594,-197
1,201,255,222,-22,220,-345,176,-372,-9,-70,-262,190,-345,186,-143
14,-212,-124,-282,125,-364,135,-181,212,64,317,245,79,315,-364,190
-40,-267,-300,-344,50,-413,294,-272,396,-16,309,294,-18,466,-357,279
-91,13,-98,-26,-125,42,-17,35,86,-98,6,-109,-41,3,67,64
-121,169,112,170,-240,282,-322,223,-187,-85,-67,-381,50,-379,283,-71
-82,54,103,120,-181,74,-302,57,-120,-29,103,-215,142,-261,104,-19
56,-89,68,-62,69,-164,2,-83,32,115,105,163,13,39,-155,-36
222,-117,144,-294,333,-205,335,47,143,337,-149,398,-313,175,-303,-180
296,-179,148,-522,417,-281,511,188,261,494,-231,474,-520,195,-424,-198
234,-250,46,-566,316,-393,465,96,337,448,-51,449,-404,223,-477,-76
180,-213,22,-399,277,-357,327,-14,229,334,29,396,-233,212,-408,-56
207,-123,53,-254,330,-214,344,-5,113,297,-109,393,-245,168,-308,-163
201,-191,-84,-309,277,-286,458,-85,258,255,-67,449,-284,300,-356,-44
1,-377,-427,-354,-32,-547,414,-400,577,23,365,420,-57,555,-446,369
-235,-416,-643,-179,-405,-605,131,-677,649,-334,759,203,332,641,-323,705
-325,-229,-547,92,-519,-303,-136,-570,394,-494,655,-63,444,397,-40,616
-225,-5,-283,206,-341,45,-139,-224,87,-351,218,-195,232,79,169,266
-76,114,-33,192,-95,201,-102,44,-139,-129,-116,-196,63,-144,249,-28
10,160,182,180,67,223,-189,139,-326,-8,-163,-171,112,-269,254,-187
40,136,282,99,150,181,-237,170,-371,59,-102,-140,152,-289,184,-199
50,41,170,-89,138,35,-81,181,-175,100,-50,-95,38,-166,34,-55
4,-29,-28,-157,11,-53,65,109,48,60,-8,-79,-47,-18,-31,127
-28,56,-13,17,-72,54,-36,61,-9,-63,-10,-146,34,-4,83,115
9,149,174,154,60,211,-130,69,-204,-83,-116,-95,45,-61,144,-103
148,78,276,-20,348,146,91,133,-177,150,-259,183,-189,-13,-31,-295
269,-59,224,-317,534,-69,426,198,23,421,-349,425,-463,87,-282,-333
266,-48,203,-322,446,-130,394,232,29,455,-342,339,-414,26,-245,-263
119,62,192,-53,174,3,44,165,-118,194,-165,39,-98,-110,-14,-147
-79,33,37,91,-111,29,-211,-39,-66,-98,144,-120,145,-50,52,55
-194,-104,-190,56,-297,-104,-176,-237,203,-239,386,-75,188,120,-68,264
-184,-147,-240,-26,-277,-145,-113,-230,250,-197,400,-43,153,152,-134,295
-78,-74,-99,-51,-108,-82,-71,-72,82,-96,210,-66,111,63,-71,170
-3,-52,-55,-127,47,-97,56,-4,46,-19,75,0,44,114,-70,131
-26,-94,-143,-144,14,-140,142,-80,169,-47,92,66,-23,228,-109,192
-141,3,-154,92,-197,6,-80,-110,93,-190,132,-126,86,72,79,183
-257,184,-89,431,-381,234,-440,-106,-210,-392,123,-420,359,-187,416,127
-315,159,-219,496,-445,182,-447,-265,-208,-535,217,-428,550,-81,496,254
-295,-104,-508,240,-402,-157,-90,-542,198,-547,406,-109,490,364,231,510
-224,-247,-534,-2,-310,-292,124,-549,421,-414,439,111,280,522,-17,533
-126,-115,-224,-41,-151,-80,8,-200,162,-195,197,-6,134,176,14,234
-32,-2,-24,-46,3,24,-42,68,-60,11,-6,-90,41,-108,51,-8
-4,-115,-154,-146,1,-194,157,-81,161,80,68,123,-43,78,-131,44
1,-190,-236,-129,-75,-284,241,-255,362,24,174,294,-119,291,-279,122
29,76,115,154,-33,156,-63,6,-17,-31,-53,39,-95,-29,-18,-125
100,452,548,413,178,689,-375,449,-678,-11,-482,-368,-12,-527,419,-467
135,459,488,355,332,646,-284,486,-791,21,-577,-375,70,-510,491,-449
71,97,40,44,200,112,76,61,-211,-21,-182,-4,83,42,120,-64
-18,-227,-302,-202,-73,-302,234,-287,357,-78,269,240,60,419,-251,278
-52,-275,-313,-259,-158,-342,206,-244,454,-39,352,199,-1,347,-331,305
5,-194,-201,-264,-8,-292,200,-95,282,99,178,159,-55,193,-280,178
69,-175,-104,-270,142,-330,226,-101,198,172,142,260,-61,225,-319,80
65,-122,36,-197,105,-249,51,-124,140,92,212,257,2,224,-312,5
23,45,207,1,-1,54,-214,37,-92,-11,128,-5,84,-12,-89,-87
20,214,252,173,-5,298,-274,226,-321,-58,-128,-263,93,-259,198,-148
30,203,117,153,63,264,-78,234,-292,-15,-283,-234,19,-206,254,-125
33,38,-65,-34,88,38,152,61,-10,-1,-151,5,-89,48,38,-30
-5,-109,-168,-184,42,-116,236,-43,203,14,14,143,-146,197,-152,71
-16,-80,-169,-127,3,-70,169,-19,148,2,17,51,-85,105,-94,98
-19,68,-45,96,-16,83,-19,58,-118,-34,-80,-135,51,-97,118,20
-17,220,153,286,-21,258,-255,105,-326,-79,-137,-227,133,-250,267,-155
6,210,245,234,39,275,-231,112,-299,-58,-152,-128,29,-202,197,-246
80,16,89,-75,199,55,169,97,-13,90,-198,119,-198,40,-20,-145
180,-145,-124,-352,378,-178,592,68,220,260,-284,324,-366,266,-199,8
175,-91,-92,-269,358,-107,518,102,123,224,-302,237,-304,192,-131,12
11,144,137,128,73,246,-70,157,-193,-9,-206,-138,-61,-161,156,-113
-147,263,200,433,-239,425,-497,100,-329,-232,-25,-398,188,-371,368,-125
-127,81,-33,242,-250,83,-274,-95,-85,-187,128,-193,221,-132,196,51
58,-230,-273,-326,88,-412,368,-194,309,108,129,304,-27,332,-251,168
222,-337,-217,-670,428,-458,726,-12,437,359,-61,567,-389,469,-514,45
198,-133,8,-464,407,-89,524,216,202,327,-269,340,-497,165,-336,-161
33,47,42,-30,86,125,108,159,-22,107,-214,14,-216,-119,8,-160
-44,-10,-117,89,-93,-115,-7,-117,12,10,33,19,91,-38,73,5
48,-131,-134,-129,84,-353,192,-184,119,144,77,266,51,147,-127,11
168,-53,110,-209,320,-119,252,111,-11,282,-199,251,-200,36,-163,-191
120,180,334,89,205,372,-45,369,-303,157,-390,-133,-209,-337,136,-308
-77,276,216,454,-177,484,-405,210,-392,-131,-199,-441,132,-472,426,-149
-190,132,-85,458,-348,116,-395,-197,-202,-291,139,-302,402,-209,372,97
-141,-63,-250,194,-183,-243,-73,-419,66,-198,242,80,325,176,105,156
-47,-121,-268,52,-32,-259,158,-378,177,-122,153,254,131,324,-57,123
-123,-130,-358,66,-182,-189,126,-360,252,-211,196,113,129,311,-9,259
-242,-194,-561,35,-398,-267,105,-445,393,-334,376,-3,221,355,-10,500
-230,-271,-635,-126,-324,-396,220,-457,500,-286,420,90,163,470,-143,548
-96,-232,-383,-222,-79,-332,256,-284,412,-94,288,207,-39,429,-264,313
30,-85,51,-129,61,-78,47,-30,142,70,107,173,-134,121,-235,-30
96,77,394,48,78,172,-230,197,-155,157,-46,10,-129,-263,-87,-295
112,173,458,104,129,296,-250,286,-302,177,-197,-72,-142,-370,46,-391
76,134,215,71,146,200,-46,138,-176,53,-184,12,-105,-101,53,-247
-58,-17,-167,31,3,-43,100,-200,99,-179,74,121,33,283,-24,85
-163,-95,-327,56,-181,-147,41,-364,205,-297,264,64,181,332,8,272
-130,55,-81,199,-178,135,-184,-71,-80,-213,67,-189,187,-80,212,95
-39,292,272,352,-83,495,-387,304,-455,-106,-226,-453,117,-481,400,-175
-45,254,195,336,-125,408,-383,211,-381,-146,-120,-408,185,-368,311,-78
-170,-51,-265,133,-271,-140,-131,-261,92,-238,313,-116,295,104,29,304
-209,-244,-514,-32,-271,-442,102,-466,358,-201,431,64,281,314,-68,484
-150,-109,-286,60,-142,-127,30,-217,92,-139,127,-88,200,50,122,283
-105,96,-7,250,-134,243,-188,-1,-163,-210,-42,-267,190,-150,283,102
-124,25,-83,151,-187,113,-143,-124,23,-279,144,-134,175,100,107,184
-114,-158,-298,-153,-103,-218,155,-263,325,-201,268,130,50,430,-166,310
-96,-119,-273,-209,31,-170,218,-119,208,-128,121,46,1,342,-94,279
-163,77,-130,138,-122,184,-163,14,-132,-300,63,-328,240,-10,233,247
-274,104,-147,421,-398,237,-463,-176,-175,-481,271,-445,491,-91,345,306
-182,-64,-210,232,-332,-63,-213,-332,101,-294,339,-75,295,106,58,248
67,-135,-94,-138,64,-213,247,-125,235,160,3,296,-187,169,-218,-39
170,-54,35,-224,226,-121,346,130,125,312,-247,255,-339,27,-167,-195
-39,-59,-162,-14,-120,-142,69,-70,109,30,21,-4,-4,-23,44,74
-282,-145,-444,204,-449,-321,-141,-473,230,-290,412,-102,383,112,154,415
-278,-87,-394,316,-392,-237,-182,-511,119,-362,379,-110,465,130,232,405
-160,113,-91,430,-207,144,-276,-214,-213,-324,83,-243,385,-60,371,161
-146,187,17,438,-226,314,-375,-71,-286,-333,37,-345,341,-185,379,63
-131,52,-65,220,-269,84,-242,-91,-38,-177,121,-191,159,-144,162,59
46,3,62,-66,2,-66,59,122,46,232,-131,53,-208,-200,-24,-181
293,185,430,-93,355,195,154,529,-289,522,-636,34,-438,-475,95,-561
309,325,534,83,427,448,40,614,-545,423,-787,-94,-323,-584,302,-660
114,175,211,103,198,254,13,223,-313,138,-407,-20,-98,-275,250,-381
-37,-51,-103,-16,4,-66,78,-133,67,-24,9,138,-18,79,4,-68
-107,-20,-96,49,-121,-29,-80,-149,71,-129,149,0,101,65,15,56
-193,133,-77,353,-336,171,-393,-132,-171,-360,198,-342,411,-104,300,169
-344,54,-341,444,-511,26,-418,-414,-61,-577,412,-367,641,60,374,435
-368,-255,-663,79,-430,-430,-29,-689,399,-521,651,6,516,511,23,678
-223,-436,-630,-398,-188,-675,302,-579,682,-211,653,318,156,714,-424,643
-25,-324,-303,-493,-48,-472,275,-179,522,58,403,255,-98,430,-504,349
40,-92,-41,-226,-57,-122,74,87,174,113,98,39,-124,23,-229,43
-40,49,-55,102,-160,38,-78,24,-26,-27,-15,-119,52,-136,101,-14
-214,53,-228,332,-393,-8,-277,-248,-52,-319,218,-266,406,-56,295,258
-376,-56,-423,402,-664,-142,-474,-502,61,-564,620,-385,750,64,291,601
-372,-166,-488,274,-661,-290,-374,-580,241,-522,717,-254,666,172,118,636
-177,-187,-319,17,-247,-243,19,-362,300,-180,331,99,133,219,-70,255
88,-44,32,-124,223,-3,268,20,114,147,-188,296,-331,125,-137,-229
251,67,335,-123,432,165,208,240,-128,271,-349,269,-367,4,-153,-420
330,-37,373,-250,457,-37,192,195,-79,378,-172,356,-262,55,-360,-316
327,-236,228,-489,501,-351,370,63,190,485,4,538,-337,224,-608,-160
179,-209,87,-418,323,-294,321,39,238,339,12,371,-322,211,-446,-34
-114,71,-23,96,-152,114,-164,48,-44,-141,30,-248,80,-91,184,114
-283,247,-111,479,-491,323,-516,-10,-281,-452,70,-628,455,-304,605,203
-167,117,-138,257,-302,68,-257,-77,-122,-243,72,-304,302,-147,336,131
34,-100,-108,-159,63,-218,175,-83,174,99,59,199,-101,152,-181,14
8,-91,-88,-150,29,-163,140,-89,214,36,119,181,-117,214,-236,52
-141,45,-97,150,-247,54,-199,-130,33,-261,198,-150,192,49,100,163
-116,53,-51,143,-219,67,-202,-98,-28,-232,127,-160,225,17,197,128
74,-57,63,-161,77,-73,95,6,87,79,-13,153,-95,124,-106,-50
173,-70,154,-236,171,-75,186,108,129,229,-77,250,-270,105,-292,-136
145,28,172,-65,70,51,49,173,-2,202,-110,78,-205,-85,-187,-167
224,11,208,-167,261,-12,191,284,-67,401,-288,127,-302,-203,-178,-270
420,-165,280,-608,680,-246,625,395,99,768,-476,505,-653,-45,-453,-420
411,-249,203,-739,717,-324,751,307,263,732,-395,650,-725,178,-561,-348
107,-100,16,-251,241,-96,319,36,153,173,-141,289,-288,194,-195,-118
-118,179,-6,307,-101,248,-171,-54,-185,-254,-105,-149,118,-50,327,-91
-53,303,216,406,25,425,-254,141,-449,-109,-359,-240,68,-345,498,-321
98,209,346,186,173,284,-98,270,-367,184,-425,-91,-118,-404,313,-410
-1,-43,4,51,-120,-90,-33,-73,67,54,28,35,21,-80,41,-21
-272,-299,-590,20,-537,-472,-6,-619,529,-368,651,82,354,444,-140,603
-356,-329,-748,16,-560,-492,5,-748,603,-563,797,39,463,666,-156,815
-225,-4,-237,184,-264,31,-174,-243,62,-419,272,-211,303,205,143,394
-42,439,453,515,-2,715,-507,397,-662,-184,-400,-547,118,-553,604,-296
81,576,713,550,140,896,-541,641,-880,25,-664,-556,-37,-826,663,-656
191,243,469,20,334,382,-63,449,-380,241,-445,-50,-274,-357,95,-503
293,-199,102,-590,495,-273,537,171,270,459,-142,524,-510,280,-583,-197
332,-342,-31,-730,540,-475,753,39,477,520,-73,718,-589,496,-744,-81
286,-200,38,-495,473,-273,599,68,279,416,-187,559,-480,332,-481,-166
204,-62,77,-316,393,-102,372,123,81,259,-202,323,-302,197,-265,-161
62,-36,-19,-194,180,-98,144,43,28,73,9,94,-52,146,-156,40
-150,-11,-190,111,-197,-100,-171,-169,4,-210,272,-177,311,60,53,275
-327,38,-319,440,-488,-4,-387,-389,-32,-488,387,-323,557,17,298,375
-335,21,-356,405,-443,4,-303,-457,41,-534,371,-194,472,145,285,322
-206,-83,-290,111,-250,-109,-57,-387,188,-339,305,33,233,291,57,238
-103,-144,-213,-20,-156,-220,35,-302,234,-141,241,122,137,240,-39,202
-118,-106,-199,84,-203,-204,-19,-286,145,-132,193,37,193,104,93,196
-153,-43,-229,148,-183,-57,-39,-236,54,-214,110,-64,213,63,213,188
-121,35,-126,130,-68,127,-46,-63,-64,-203,-28,-135,116,0,226,88
-26,129,121,184,-9,268,-151,129,-232,-71,-158,-206,49,-211,235,-94
35,172,277,276,-26,255,-273,135,-304,23,-162,-178,77,-328,229,-201
54,70,221,175,2,97,-167,0,-152,50,-38,0,45,-141,74,-159
81,-5,98,-53,114,-7,50,2,4,73,-38,146,-86,78,-110,-120
117,60,139,-77,198,53,101,157,-91,165,-200,109,-179,-55,-49,-251
129,144,233,55,149,107,-30,206,-242,225,-276,17,-116,-295,89,-373
104,6,158,-16,92,-107,-32,29,-51,207,-36,147,-51,-129,-75,-235
149,-229,27,-395,172,-408,241,-101,325,283,196,449,-226,286,-516,-43
314,-254,135,-630,421,-374,511,96,375,489,-36,605,-515,335,-668,-183
399,-32,347,-437,526,-40,437,392,13,586,-471,401,-576,-63,-314,-470
195,92,242,-61,255,161,123,290,-199,259,-405,35,-204,-243,112,-318
-183,-59,-263,108,-227,-37,-98,-217,60,-296,223,-163,288,102,165,312
-356,-234,-625,59,-464,-336,-65,-594,401,-536,660,-82,460,483,-29,716
-191,-176,-444,21,-271,-358,54,-462,338,-259,421,96,240,377,-102,422
48,15,9,60,22,-96,65,-69,8,120,-86,139,-62,-40,7,-135
130,153,285,73,134,166,-29,235,-192,230,-295,7,-201,-277,80,-347
106,149,289,26,141,286,-37,323,-195,140,-290,-95,-212,-245,60,-247
141,116,216,-37,231,271,110,313,-175,134,-368,-47,-230,-136,62,-209
171,66,109,-99,317,134,289,211,-119,192,-413,114,-241,-29,55,-223
133,-29,-3,-189,284,-79,351,89,27,213,-286,214,-242,82,-28,-146
77,-122,-46,-275,170,-179,316,44,200,204,-105,226,-276,138,-182,-37
54,-128,-36,-233,83,-131,225,32,235,171,-27,194,-271,109,-228,-10
-35,-73,-96,-8,-94,-29,47,-77,131,-46,73,40,-30,49,-62,57
-188,32,-211,270,-366,64,-245,-185,-18,-300,210,-247,313,-66,214,196
-158,124,-81,321,-373,150,-366,-35,-177,-238,126,-387,333,-253,296,116
114,120,239,41,76,111,-89,236,-189,187,-201,-89,-83,-271,63,-208
292,-63,265,-273,445,-145,361,134,52,441,-289,433,-403,96,-281,-316
142,-249,-130,-280,284,-453,489,-334,385,180,57,625,-220,535,-368,34
-72,-237,-419,-69,-103,-442,278,-514,413,-145,292,345,88,516,-175,312
37,-80,-150,-82,-19,-161,193,-78,168,65,-5,136,-77,112,-86,43
337,-41,250,-377,436,-19,434,379,52,543,-446,336,-577,-104,-299,-425
390,-128,266,-508,569,-131,582,302,172,622,-422,570,-712,68,-474,-475
147,-113,48,-204,217,-163,304,-36,173,241,-113,377,-295,150,-228,-179
-33,70,10,185,-76,26,-114,-81,-119,-51,-31,-51,142,-113,192,-59
-26,141,40,203,-30,120,-148,70,-273,-33,-129,-208,183,-250,297,-56
-16,-2,-106,-77,84,-55,128,56,-8,49,-89,-32,-33,-13,45,63
23,-103,-125,-292,139,-138,325,80,242,167,-92,148,-329,127,-195,25
261,57,339,-331,415,109,330,463,-4,500,-473,246,-661,-161,-250,-489
526,239,820,-312,753,362,279,809,-395,777,-861,281,-779,-446,-179,-961
387,176,587,-167,591,233,166,509,-382,517,-599,205,-385,-297,-34,-640
-45,-10,-47,100,-56,-47,-61,-102,-72,-75,21,-55,197,-17,165,85
-158,3,-129,197,-292,-10,-181,-127,1,-143,103,-187,208,-136,231,134
187,169,438,-14,207,299,-28,435,-238,358,-426,9,-385,-427,2,-533
420,247,737,-140,599,448,120,668,-402,552,-698,203,-621,-385,-129,-841
114,201,297,159,210,355,-73,205,-316,8,-304,-57,-67,-125,135,-270
-234,124,-191,437,-341,182,-336,-199,-183,-457,153,-410,469,-37,438,338
-75,-2,-113,86,-148,-15,-94,-34,-45,-83,81,-196,185,-99,133,169
302,-152,185,-506,471,-225,430,288,112,554,-239,393,-475,-6,-448,-300
276,-82,207,-383,486,-112,402,254,53,462,-301,382,-477,34,-345,-336
-119,257,95,426,-154,411,-301,97,-342,-233,-197,-381,158,-297,471,-78
-266,489,188,837,-484,811,-774,191,-646,-539,-203,-884,468,-642,923,-29
2,264,316,288,-71,495,-359,299,-396,-103,-232,-381,73,-404,353,-197
281,-146,225,-435,460,-185,344,147,120,409,-136,432,-356,151,-414,-238
223,-187,113,-400,419,-354,356,-13,166,383,-23,481,-252,233,-411,-143
-13,121,180,185,-23,74,-257,27,-228,-1,4,-116,161,-208,153,-115
-182,254,140,483,-361,293,-609,-19,-342,-290,125,-426,399,-357,399,-37
-235,-18,-244,261,-427,-113,-272,-388,127,-351,412,-100,358,126,99,254
-232,-320,-640,-71,-323,-569,216,-689,578,-294,544,283,232,613,-197,533
-183,-282,-553,-129,-194,-443,289,-477,497,-212,360,199,113,504,-156,497
-125,-35,-174,62,-181,41,-45,-88,75,-199,110,-152,119,46,98,247
-126,135,15,313,-269,262,-346,2,-178,-241,72,-334,241,-206,237,91
-96,82,-55,302,-243,84,-252,-148,-90,-194,132,-152,243,-85,135,45
66,-102,-51,-136,119,-162,197,-76,154,131,24,264,-146,168,-244,-63
311,-238,150,-691,576,-238,624,233,341,526,-197,594,-687,307,-665,-242
379,-191,330,-762,682,-116,647,452,269,649,-366,548,-850,161,-650,-377
268,43,375,-311,423,124,246,479,-86,479,-457,169,-544,-219,-193,-440
154,206,346,43,157,277,-52,441,-310,287,-447,-130,-252,-460,154,-435
112,91,203,-77,90,153,20,319,-100,220,-252,-52,-241,-248,-15,-252
49,-134,-37,-247,62,-113,216,21,280,105,23,182,-284,196,-271,31
-38,-165,-181,-81,-36,-174,207,-221,314,-63,135,213,-114,317,-178,178
10,-20,-67,93,23,-12,91,-145,26,-65,-27,111,20,138,34,27
187,-10,98,-170,287,8,216,116,-37,174,-176,214,-173,85,-141,-173
288,-160,108,-539,432,-208,488,191,231,411,-138,440,-467,254,-524,-185
213,-193,37,-479,289,-312,450,85,350,404,-63,451,-492,244,-524,-128
74,-51,82,-98,62,-109,123,54,138,248,-84,177,-287,-67,-174,-169
39,36,158,26,-15,70,-106,111,-34,134,-43,-13,-119,-204,-46,-180
41,-73,67,-178,16,-70,-33,24,106,60,170,73,-54,72,-239,19
-12,-157,-117,-271,-1,-311,85,-148,262,5,312,174,15,317,-329,202
-10,-72,-101,-148,46,-273,85,-105,108,63,120,154,20,149,-124,38
136,31,161,-124,257,-47,119,137,-124,274,-232,165,-131,-141,0,-317
281,4,346,-234,452,26,235,252,-144,423,-365,325,-333,-132,-129,-501
270,-53,274,-198,378,-67,236,66,-9,334,-199,421,-260,68,-239,-363
132,-50,113,-34,133,-154,88,-150,40,118,25,309,-21,165,-161,-135
58,-52,16,-64,77,-168,61,-126,70,52,88,207,22,178,-152,-14
90,-165,-43,-335,196,-241,278,-21,221,166,60,290,-183,267,-330,30
96,-250,-156,-430,211,-354,411,-65,340,203,99,348,-234,355,-431,112
-41,-210,-275,-195,-25,-346,191,-219,286,1,256,183,50,280,-252,246
-197,-123,-289,59,-302,-203,-178,-290,129,-245,438,-121,370,121,-12,368
-233,-63,-171,116,-342,-48,-327,-210,31,-340,411,-268,412,23,108,348
-139,57,28,170,-180,143,-286,-30,-116,-239,129,-245,229,-75,209,115
-22,254,234,340,-28,351,-290,135,-376,-104,-208,-248,107,-291,360,-212
49,362,367,394,65,494,-339,304,-571,-4,-392,-302,65,-488,425,-417
73,277,315,196,86,457,-250,409,-470,60,-356,-310,-24,-473,303,-367
0,95,76,-21,-20,234,-73,290,-143,40,-176,-223,-77,-271,123,-115
-153,-80,-272,-3,-266,-82,8,-102,201,-151,153,-119,56,50,36,216
-290,-199,-549,98,-485,-375,-31,-571,439,-381,545,41,305,392,-33,504
-245,-193,-470,80,-400,-425,-64,-636,407,-392,610,120,379,519,-115,512
-7,30,25,32,-16,-41,-85,-76,-29,-93,131,-3,137,137,-37,82
261,379,633,67,374,533,-184,693,-611,291,-578,-272,-218,-548,188,-517
311,465,796,100,479,743,-209,926,-779,431,-814,-336,-375,-824,266,-761
147,183,365,6,268,342,-53,415,-328,232,-389,-81,-242,-377,63,-429
-83,-132,-262,-57,-69,-176,134,-259,223,-128,191,154,52,273,-111,172
-244,-177,-567,42,-326,-248,121,-469,363,-394,386,23,270,443,-10,527
-220,-49,-453,95,-316,-24,22,-206,160,-375,205,-226,235,203,122,456
3,-13,-86,-131,61,59,116,146,14,-12,-60,-98,-58,24,-60,114
303,-85,274,-461,555,-79,382,327,1,470,-275,343,-432,58,-382,-283
453,-97,457,-550,748,-175,474,336,0,665,-357,573,-564,93,-521,-478
310,-100,308,-359,489,-184,313,173,49,481,-191,471,-376,89,-421,-333
91,-175,9,-233,148,-268,207,-119,225,203,105,366,-182,182,-344,-68
39,-257,-124,-282,115,-369,271,-213,346,186,168,429,-185,271,-374,-10
144,-137,92,-301,269,-211,264,37,164,308,-74,355,-302,112,-301,-182
148,88,263,-124,163,156,11,319,-113,198,-217,-36,-225,-144,-60,-209
-59,142,67,118,-220,275,-231,192,-88,-181,8,-349,51,-123,120,91
-223,-23,-285,166,-404,12,-181,-261,181,-417,332,-199,253,214,84,377
-115,-161,-302,1,-125,-259,127,-424,298,-221,275,240,116,436,-109,235
168,-119,-5,-244,351,-224,386,-97,145,206,-114,480,-245,305,-254,-180
311,-66,189,-414,529,-84,477,277,37,471,-374,405,-487,57,-330,-368
226,-130,71,-412,326,-135,419,250,157,417,-249,286,-458,2,-318,-204
23,-171,-113,-209,-5,-253,206,-47,260,181,34,184,-175,38,-175,20
-142,-54,-162,146,-237,-140,-110,-250,102,-130,203,-17,165,8,108,118
-263,98,-163,392,-319,57,-353,-276,-109,-386,233,-250,402,-39,323,175
-236,41,-231,284,-267,5,-222,-294,-25,-368,251,-164,351,89,203,234
-36,-206,-259,-137,-14,-360,215,-314,309,5,235,285,10,323,-235,173
190,-339,-128,-483,279,-551,554,-194,488,395,65,661,-380,383,-561,-41
200,-173,54,-389,359,-275,461,51,259,400,-167,476,-438,175,-371,-195
3,132,116,54,158,249,27,189,-177,-7,-267,-85,-131,-103,157,-140
-145,267,110,325,-58,495,-312,153,-369,-328,-154,-420,164,-199,402,-18
-85,134,161,176,-83,286,-316,84,-214,-187,55,-231,138,-118,132,-40
29,-45,177,-58,-52,-18,-154,12,33,68,152,70,0,-53,-166,-106
-97,-46,-44,97,-239,-65,-166,-145,67,-78,178,-30,125,-54,43,21
-385,96,-398,556,-591,89,-372,-418,-38,-574,247,-390,518,-22,549,335
-479,146,-498,728,-697,156,-453,-535,-61,-785,317,-485,663,57,658,454
-220,63,-181,360,-329,99,-231,-284,8,-384,190,-155,265,71,241,168
129,0,215,-103,118,72,29,138,19,173,-97,141,-237,-63,-162,-237
168,39,270,-164,183,127,69,308,-59,275,-234,71,-324,-191,-139,-310
-56,24,-54,21,-122,53,-49,53,20,-32,-2,-110,-19,-92,52,-4
-204,-153,-388,35,-358,-241,-41,-342,301,-233,374,-13,201,194,-37,319
-177,-332,-464,-113,-362,-516,67,-549,526,-168,564,228,216,381,-240,421
-161,-292,-370,-75,-300,-464,-7,-512,396,-170,536,168,277,326,-158,394
-243,-37,-266,202,-316,-99,-275,-335,25,-415,417,-204,481,149,167,392
-288,146,-178,352,-310,197,-401,-195,-201,-546,255,-433,529,39,388,345
-190,94,-158,219,-220,154,-202,-106,-90,-364,99,-279,275,30,289,200
-72,-52,-189,5,-160,-64,68,-111,141,-88,43,-7,23,54,74,104
-27,-68,-153,-31,-124,-113,81,-93,165,4,51,31,-28,38,-25,91
7,102,133,79,11,152,-96,108,-109,-10,-64,-95,-34,-90,34,-56
112,275,486,183,213,489,-230,389,-423,64,-339,-209,-127,-318,160,-334
113,323,535,261,172,552,-273,430,-499,93,-420,-249,-113,-473,294,-428
-30,201,232,308,-126,323,-338,158,-333,-50,-145,-295,140,-405,318,-184
-115,92,82,225,-239,104,-369,-21,-188,-130,132,-254,283,-240,221,15
57,74,311,-38,72,95,-223,190,-195,105,-13,-87,33,-199,21,-171
278,23,480,-325,389,100,97,428,-136,424,-300,160,-370,-191,-193,-406
246,-158,132,-450,312,-173,409,227,204,446,-206,354,-462,47,-368,-227
60,-312,-369,-357,48,-486,504,-218,494,206,115,408,-229,363,-404,170
-33,-188,-351,-108,-5,-339,324,-281,323,-14,114,239,-31,343,-153,236
-22,142,43,187,56,230,-21,67,-201,-102,-232,-136,23,-76,286,-59
-50,281,148,339,-16,513,-206,236,-398,-200,-347,-381,59,-283,482,-145
-61,64,-110,124,-67,152,-11,-4,-49,-172,-45,-129,52,18,120,55
100,-181,-129,-280,181,-313,308,-154,266,139,130,376,-136,345,-399,37
277,-75,272,-360,445,-201,258,146,28,418,-136,420,-322,89,-383,-330
154,248,512,72,219,302,-216,433,-426,268,-386,-137,-163,-498,197,-504
-169,349,171,485,-299,476,-503,248,-450,-177,-215,-589,180,-616,609,-170
-261,120,-238,343,-386,148,-234,-133,-52,-351,81,-346,248,-110,369,192
-8,-75,-162,-108,60,-100,212,-166,183,-102,59,193,-51,329,-114,97
205,-43,169,-265,376,61,279,106,28,134,-186,322,-250,240,-227,-193
182,53,258,-121,261,211,89,246,-148,144,-240,80,-175,-68,-57,-248
167,-33,127,-152,181,-19,152,162,-25,245,-162,108,-150,-87,-124,-141
356,-203,138,-545,467,-370,531,164,213,595,-184,529,-430,132,-515,-243
488,-266,265,-796,730,-427,724,250,272,774,-291,787,-670,271,-716,-413
316,-155,212,-518,550,-195,499,214,145,501,-264,527,-497,164,-436,-331
4,28,30,50,110,94,62,29,-82,22,-168,15,-42,-53,113,-85
-154,231,40,527,-188,341,-352,-9,-383,-260,-148,-401,331,-347,579,-2
-195,392,197,750,-357,573,-695,95,-651,-359,-151,-673,522,-631,800,-102
-215,400,196,743,-465,585,-813,113,-636,-387,-40,-717,549,-670,718,-130
-142,192,63,418,-341,277,-457,20,-301,-211,35,-388,301,-399,354,-81
109,2,112,-54,133,-24,101,83,-22,196,-162,135,-158,-67,-64,-193
332,22,327,-264,483,-3,356,294,-53,450,-447,351,-460,-13,-176,-434
236,129,316,-102,308,191,185,320,-147,277,-439,136,-352,-109,3,-400
3,64,-5,53,-63,131,39,82,9,-24,-151,-55,-120,-46,104,-63
-43,-90,-197,-72,-91,-84,173,-53,217,-12,11,13,-123,113,-38,158
122,-59,47,-198,202,-49,247,148,84,203,-162,122,-252,52,-156,-21
243,139,390,-84,362,197,38,374,-272,287,-348,33,-222,-194,-46,-321
195,174,379,38,268,225,-77,281,-325,188,-262,1,-80,-204,-4,-327
119,-62,46,-128,157,-82,138,-16,59,107,8,186,-67,140,-200,-11
56,-242,-219,-292,110,-326,346,-193,336,36,185,276,-54,429,-330,293
-12,-146,-204,-150,30,-205,161,-169,184,-83,181,102,104,302,-147,287
-24,46,-9,57,-10,-40,-117,-80,-103,-73,93,-30,202,11,53,8
64,32,169,-2,101,-105,-104,-27,-116,150,27,151,45,-92,-57,-256
61,-36,153,-61,73,-154,-25,-47,29,208,47,225,-100,-56,-148,-236
-205,21,-89,264,-306,32,-257,-187,31,-220,212,-158,167,-71,135,121
-474,73,-428,583,-704,129,-505,-427,11,-691,459,-510,583,-7,424,506
-374,-114,-578,249,-548,-193,-187,-533,248,-549,551,-188,495,294,129,570
-2,-352,-400,-395,4,-575,396,-382,534,34,355,448,-22,554,-424,295
162,-261,-80,-406,223,-415,418,-150,352,273,50,502,-227,338,-381,-36
-7,118,110,296,-63,160,-169,-47,-213,-60,-136,-69,121,-190,290,-173
-151,319,153,716,-245,488,-519,-29,-523,-320,-158,-421,390,-449,652,-165
-15,184,180,345,18,353,-201,91,-326,-93,-221,-176,64,-261,298,-213
170,41,257,-131,290,218,171,288,-72,216,-329,105,-382,-89,-92,-288
100,104,229,-37,122,237,52,282,-90,145,-306,-35,-306,-180,40,-257
-78,147,34,259,-198,152,-235,17,-156,-115,-39,-222,127,-200,266,-45
-127,-1,-185,186,-244,-152,-178,-269,-12,-194,255,-79,339,39,114,181
-87,-117,-249,30,-127,-272,-5,-319,130,-148,294,68,270,227,-53,261
-147,5,-191,191,-184,-28,-105,-216,4,-231,140,-112,240,55,178,207
-209,101,-154,352,-298,114,-231,-169,-89,-297,54,-265,259,-109,380,145
-81,-60,-193,15,-149,-150,35,-174,146,-82,122,28,74,101,19,147
100,-241,-203,-436,130,-364,406,-75,401,179,145,338,-221,385,-460,171
108,-114,-89,-326,144,-102,310,111,228,133,-12,153,-268,216,-348,86
-18,141,61,93,-31,288,-41,196,-103,-62,-175,-195,-116,-124,88,-34
2,43,22,22,14,119,56,80,18,22,-122,-13,-168,-53,8,-70
130,-299,-144,-478,232,-424,529,-121,476,289,65,529,-394,404,-518,53
92,-341,-270,-505,167,-456,547,-185,544,195,150,498,-306,503,-535,172
-159,44,-185,208,-253,147,-143,-131,-6,-306,102,-190,204,24,194,154
-298,342,5,747,-490,555,-695,-90,-482,-594,68,-631,595,-366,692,57
-121,171,85,428,-205,258,-413,-109,-308,-309,70,-250,385,-167,337,-24
125,-136,11,-219,198,-202,210,-89,117,147,42,311,-66,221,-241,-36
132,-136,3,-331,242,-148,326,52,164,193,-86,270,-229,185,-230,-55
-14,48,41,-17,73,176,19,135,-74,-34,-162,-77,-86,-61,120,-80
-69,14,-40,38,14,75,1,-23,-25,-98,-32,-44,1,24,78,26
-19,-289,-307,-270,87,-457,345,-307,408,64,245,346,-75,421,-343,263
-18,-432,-475,-463,43,-700,500,-423,634,121,411,486,-99,588,-556,403
-40,-266,-272,-303,-15,-383,253,-207,401,44,274,244,-93,324,-337,235
63,-50,82,-122,104,-2,96,72,95,106,-42,126,-207,47,-151,-86
186,-43,163,-163,296,-1,280,119,94,259,-248,279,-390,70,-203,-226
147,-102,-32,-186,202,-133,408,18,226,248,-202,312,-378,158,-219,-70
-34,-2,-140,2,-83,31,138,33,120,-17,-87,-35,-142,24,12,70
-129,161,-4,191,-209,325,-210,127,-96,-234,-53,-338,22,-142,229,58
-88,67,9,99,-146,221,-144,36,-13,-216,46,-179,34,10,83,96
-83,-253,-316,-177,-139,-300,179,-328,403,-137,349,197,60,417,-251,374
-176,-445,-642,-265,-289,-628,276,-619,675,-202,651,309,203,635,-402,639
-226,-301,-504,-113,-331,-439,66,-506,494,-287,618,137,252,478,-275,525
-113,-40,-81,36,-149,-29,-122,-187,130,-207,283,6,103,197,-107,154
34,58,190,48,-3,102,-110,7,-16,-52,41,25,-35,66,-58,-39
23,7,120,50,-54,15,-106,-21,-4,-17,73,-14,52,22,-24,34
-64,21,-26,121,-161,-19,-180,-56,-58,-94,136,-152,201,-79,72,134
-129,66,-98,161,-149,17,-169,-47,-90,-126,84,-207,196,-110,155,108
-114,-8,-185,22,-106,-75,11,-72,53,-104,58,-94,69,44,81,148
-68,-134,-272,-159,-87,-221,178,-120,244,-46,120,54,-4,201,-64,224
20,-143,-156,-203,16,-216,181,-48,181,85,81,85,-36,120,-131,142
142,-14,151,-128,186,-66,74,161,-65,272,-111,93,-126,-135,-149,-154
224,88,393,-72,252,41,-26,317,-212,408,-229,73,-209,-338,-123,-374
232,144,476,-13,154,163,-174,403,-301,367,-253,-49,-149,-445,-20,-421
200,265,532,98,139,380,-317,501,-527,231,-358,-272,2,-573,223,-444
175,366,534,222,238,555,-295,522,-674,136,-512,-325,39,-581,425,-479
72,260,289,218,185,385,-119,253,-427,4,-393,-179,3,-284,351,-291
-94,45,-87,196,-150,57,-48,-166,44,-190,33,-34,48,97,139,91
-175,16,-171,316,-379,19,-197,-311,145,-317,248,-87,189,124,109,226
-92,174,81,430,-253,236,-325,-96,-180,-223,11,-223,202,-162,282,-16
-9,213,188,352,-66,277,-234,89,-292,-55,-186,-197,82,-291,294,-166
-88,34,-40,157,-181,36,-110,-51,27,-77,43,-108,35,-82,89,59
-199,-56,-209,136,-371,-49,-153,-211,211,-239,297,-124,117,66,-1,261
-130,120,12,260,-209,201,-258,-53,-106,-224,71,-182,126,-90,162,1
65,254,345,224,168,396,-181,262,-428,27,-345,-145,-36,-323,275,-373
128,146,323,33,239,280,-41,311,-310,180,-349,-65,-142,-296,132,-327
-30,10,41,17,-54,114,-81,110,-48,-5,-4,-147,0,-143,46,12
-179,49,-146,228,-257,152,-203,-94,-45,-288,117,-265,220,-48,210,200
-180,88,-219,275,-151,153,-74,-149,-95,-339,-15,-203,233,60,336,156
-101,-19,-295,-12,12,-50,184,-117,63,-168,-50,-34,68,204,155,186
-40,-72,-220,-180,25,-84,187,62,109,-22,-2,-96,-37,96,-28,227
39,107,108,-39,94,217,-53,341,-216,69,-179,-291,-42,-239,78,13
195,205,363,43,303,356,-42,420,-408,178,-405,-139,-124,-311,131,-298
264,-70,192,-280,428,-104,344,95,42,306,-238,405,-289,179,-238,-252
162,-412,-189,-590,277,-620,600,-321,633,276,230,748,-347,664,-662,103
1,-350,-282,-408,45,-500,396,-321,582,82,324,485,-219,551,-526,221
-31,-17,-133,-13,-21,-4,136,-31,120,-36,-34,42,-130,101,-56,41
32,29,-84,-2,56,84,209,54,43,13,-224,39,-188,37,51,-50
34,-225,-245,-257,27,-294,364,-175,372,75,87,296,-158,337,-245,171
-43,-294,-278,-230,-71,-420,186,-326,404,-13,384,264,55,390,-342,328
-99,-32,-117,125,-113,-37,-164,-141,-31,-150,230,-102,237,19,-18,179
-87,191,32,294,-81,307,-263,115,-324,-172,-73,-337,192,-279,266,-38
-104,134,-26,181,-142,224,-181,99,-165,-156,-60,-284,91,-193,217,18
-162,-1,-156,94,-278,-35,-183,-127,70,-214,248,-175,201,36,60,238
-177,-76,-239,48,-309,-230,-178,-278,176,-232,417,-77,282,185,-45,314
-25,-168,-203,-234,-59,-365,132,-199,302,25,276,204,6,285,-279,153
194,-209,-10,-549,306,-355,463,88,333,382,-48,438,-405,264,-457,-99
247,-15,280,-346,405,34,263,368,-55,392,-329,166,-369,-87,-174,-275
52,322,384,331,124,541,-319,403,-600,-37,-382,-450,126,-506,461,-203
-179,341,117,611,-210,558,-529,150,-576,-376,-142,-669,450,-454,644,70
-173,-1,-209,165,-217,26,-116,-136,20,-240,149,-197,206,37,150,263
11,-238,-203,-323,67,-355,291,-195,376,67,210,307,-125,393,-337,182
96,-71,39,-191,222,-127,174,-40,57,73,11,231,-51,242,-178,-15
63,217,204,193,180,301,-145,142,-392,-105,-200,-153,142,-99,227,-139
82,255,269,138,217,354,-117,319,-421,19,-331,-208,-8,-247,223,-237
228,106,364,-203,393,119,115,430,-212,396,-376,59,-344,-245,-89,-372
235,41,342,-212,363,-7,124,325,-142,420,-296,140,-285,-212,-120,-355
-15,77,31,161,-86,78,-129,-17,-131,-70,-40,-123,153,-117,205,-12
-266,50,-319,410,-478,151,-262,-292,1,-506,212,-335,413,47,381,358
-184,-40,-278,166,-329,66,-74,-216,164,-344,182,-172,169,139,154,332
120,-116,41,-269,173,-112,241,57,169,187,-42,219,-237,145,-247,-25
293,-136,180,-450,451,-226,392,164,133,442,-149,437,-372,150,-435,-238
142,-35,104,-173,214,-46,152,85,20,193,-83,208,-172,54,-220,-168
-143,197,97,370,-213,377,-384,78,-276,-241,-18,-373,188,-288,326,-29
-280,368,183,654,-426,591,-751,128,-534,-445,-9,-750,460,-571,704,10
-150,187,115,332,-233,259,-445,66,-334,-216,16,-424,334,-368,422,9
136,-190,-63,-337,202,-294,330,-8,231,274,-10,321,-220,162,-303,-46
295,-290,-29,-661,477,-377,736,123,438,556,-196,638,-660,317,-655,-189
205,-25,140,-337,362,75,367,356,70,353,-357,193,-514,-23,-241,-249
-13,206,134,93,24,384,-123,368,-298,-34,-293,-371,-41,-297,280,-86
-40,120,-32,52,-38,196,-48,178,-160,-90,-154,-265,60,-153,226,36
134,-108,-77,-236,195,-168,364,52,164,237,-165,254,-265,108,-181,-76
182,-191,-60,-329,233,-310,444,-31,284,350,-111,445,-353,180,-337,-121
-25,-188,-245,-154,-87,-291,175,-228,299,6,196,195,0,231,-191,173
-183,-184,-401,-49,-300,-234,1,-345,297,-287,412,9,252,327,-98,402
-37,-43,-82,-10,-24,-3,-11,-109,61,-123,141,65,61,153,-99,42
170,215,475,159,277,309,-157,232,-364,174,-300,70,-149,-258,52,-507
70,261,463,339,80,293,-360,147,-422,74,-208,-73,48,-363,241,-444
-168,-2,-109,213,-307,-51,-256,-245,32,-225,247,-104,277,14,164,138
-179,-178,-360,-70,-272,-212,54,-283,338,-220,326,9,120,271,-66,348
37,-45,13,-183,67,43,127,146,80,85,-83,13,-187,-7,-86,-22
134,55,294,-117,171,155,-24,338,-166,235,-227,-48,-172,-277,11,-259
17,-151,-34,-227,-17,-240,33,-55,141,92,163,96,53,52,-133,79
-79,-396,-453,-391,-59,-622,324,-454,546,-30,464,380,82,561,-386,411
-34,-217,-274,-226,64,-349,273,-273,307,-23,214,283,-9,396,-237,221
21,198,225,212,42,269,-226,194,-353,-3,-186,-215,94,-313,251,-200
17,368,442,409,-101,485,-568,389,-630,3,-267,-515,239,-709,514,-330
49,187,306,157,-50,229,-316,284,-347,110,-173,-290,102,-476,255,-206
113,-7,133,-122,110,9,66,169,-28,192,-123,31,-128,-106,-74,-111
47,-39,-10,-77,-8,3,77,65,77,71,-21,12,-89,-24,-98,18
-107,-62,-149,95,-322,-30,-127,-107,128,-116,186,-133,125,-72,39,169
-164,-79,-179,133,-344,-104,-126,-210,174,-114,227,-66,114,-32,65,180
-91,-10,-55,136,-112,-31,-42,-147,60,-70,60,20,4,2,61,20
-127,118,-44,266,-116,126,-188,-111,-116,-208,53,-121,149,-26,173,-1
-234,98,-196,302,-354,88,-372,-190,-116,-378,299,-313,428,-60,230,205
-181,-42,-228,93,-289,-121,-223,-197,12,-220,333,-190,369,-9,83,256
54,-97,-30,-155,149,-164,138,-23,28,106,18,115,17,78,-88,40
132,-2,90,-118,339,-1,210,69,-79,122,-182,170,-115,127,-59,-84
-23,120,49,178,15,199,-89,-27,-165,-194,-62,-93,123,52,160,8
-125,208,112,412,-256,365,-423,-5,-295,-299,-4,-323,281,-233,381,-55
-7,305,418,431,-116,469,-475,217,-481,-53,-232,-327,130,-530,451,-354
63,266,447,321,39,394,-370,262,-457,54,-256,-225,55,-472,328,-375
-141,95,-12,246,-214,96,-325,-89,-135,-238,192,-234,296,-89,144,107
-381,-15,-464,315,-570,-68,-371,-385,106,-553,564,-368,536,136,133,526
-368,89,-381,461,-571,124,-416,-262,-72,-527,340,-496,516,-103,371,396
-213,204,-105,493,-350,320,-363,-19,-305,-324,-52,-485,355,-351,556,81
-160,65,-167,283,-278,110,-188,-106,-118,-241,15,-289,295,-160,388,139
-237,-132,-400,34,-342,-228,-50,-333,231,-278,351,-83,280,196,67,380
-253,-73,-324,74,-328,-119,-130,-273,188,-322,368,-142,246,171,49,346
-193,196,-9,338,-271,311,-372,9,-216,-342,54,-389,254,-165,322,76
-109,288,146,441,-242,477,-458,132,-405,-303,-82,-474,301,-327,451,-51
-24,171,158,244,-152,260,-308,99,-257,-129,-33,-265,204,-236,245,-72
79,80,255,30,56,88,-169,156,-171,114,-38,-63,-8,-204,-6,-163
79,99,307,-17,130,103,-170,225,-189,171,-61,-64,-74,-232,-67,-205
-9,-5,69,-80,10,-27,-105,54,-17,33,120,-26,15,-31,-125,11
-12,-204,-178,-289,9,-298,158,-129,273,34,260,180,-25,267,-297,183
168,-165,49,-399,312,-262,330,63,205,322,-27,371,-314,170,-394,-121
355,119,559,-193,577,138,183,462,-249,561,-496,272,-518,-265,-217,-620
308,247,630,49,442,364,-51,491,-428,416,-525,59,-351,-415,2,-646
47,31,115,58,49,57,-57,6,-87,24,-36,37,32,-41,20,-87
-161,-251,-393,-38,-220,-298,91,-436,336,-247,377,112,247,352,-59,411
-148,-228,-335,-49,-174,-203,111,-325,310,-200,276,66,117,272,-42,378
54,24,158,-5,102,205,38,203,-40,96,-188,-65,-220,-147,-3,-81
298,192,578,-90,427,440,73,647,-329,426,-581,-43,-512,-442,-41,-502
387,168,655,-188,577,333,139,645,-357,568,-626,117,-524,-421,-83,-628
266,29,397,-158,407,40,135,266,-173,407,-312,239,-278,-177,-117,-424
118,-160,44,-187,100,-258,152,-115,165,222,65,331,-110,109,-232,-121
114,-223,-61,-321,12,-361,275,-116,390,259,124,401,-257,199,-397,-42
211,-73,170,-321,173,-114,260,213,189,414,-189,273,-468,-64,-329,-269
219,203,450,-33,265,295,-18,503,-296,372,-458,-57,-362,-436,16,-489
133,267,433,149,178,390,-214,421,-448,175,-366,-219,-87,-457,212,-380
102,24,131,-105,129,41,27,155,-67,115,-94,12,-73,-46,-59,-83
125,-215,-101,-431,183,-278,382,8,333,193,50,304,-262,308,-388,97
52,-130,-90,-259,102,-145,258,20,223,109,17,165,-202,186,-237,77
-78,99,34,210,-109,184,-219,35,-181,-118,-9,-220,152,-207,204,-13
-99,155,95,343,-161,214,-379,39,-329,-124,-8,-305,308,-361,341,-87
12,24,65,14,-1,-41,-110,62,-140,112,-33,-51,89,-226,90,-123
42,-18,14,-136,74,-96,59,119,-11,167,-52,18,-76,-99,-51,-75
-35,128,38,110,-29,224,-126,150,-171,-85,-75,-229,37,-138,117,-11
-39,255,166,288,-34,494,-271,227,-346,-225,-160,-372,105,-204,268,-51
75,148,216,93,108,350,-90,236,-249,-54,-201,-153,-26,-105,114,-96
67,-103,15,-186,95,-111,121,0,103,75,48,114,-39,130,-153,81
-95,-277,-310,-186,-150,-435,97,-351,364,-88,453,159,187,352,-250,424
-158,-237,-365,-77,-237,-363,13,-394,323,-220,493,57,295,350,-170,499
-31,-22,-95,-2,-42,-16,4,-68,30,-131,101,-57,115,127,-17,185
1,164,111,138,6,255,-122,152,-222,-99,-168,-194,67,-140,219,-82
-153,190,34,379,-248,242,-391,-70,-260,-293,39,-298,315,-192,385,-18
-213,75,-81,358,-357,50,-383,-272,-77,-317,264,-180,357,-65,249,91
1,-44,46,-31,-17,-52,1,-24,90,80,49,90,-106,1,-117,-59
208,-50,189,-352,258,17,272,372,97,402,-259,144,-481,-97,-284,-234
72,22,74,-179,52,96,49,301,-8,164,-139,-96,-196,-178,-78,-101
-162,72,-84,207,-278,86,-319,-95,-125,-268,202,-264,334,-96,201,122
-110,114,52,283,-154,103,-327,-154,-166,-256,150,-122,299,-11,188,9
146,136,343,31,236,210,10,205,-167,154,-263,112,-264,-88,-20,-348
250,42,338,-229,349,151,269,369,12,410,-421,237,-583,-121,-234,-440
138,-217,-48,-377,185,-269,414,3,367,338,-46,439,-437,181,-430,-133
25,-468,-425,-485,70,-758,534,-514,707,166,414,713,-181,650,-626,214
-48,-412,-439,-367,-10,-714,409,-596,653,16,490,633,-38,700,-528,286
-157,-9,-167,165,-279,-70,-151,-244,119,-235,248,-58,177,112,50,163
-305,364,-2,713,-611,550,-714,76,-429,-503,27,-792,468,-530,676,106
-331,335,-121,692,-609,489,-633,54,-403,-496,11,-836,506,-520,720,219
-202,-13,-374,141,-315,-57,-47,-153,64,-257,138,-276,275,19,229,378
-53,-206,-358,-212,-67,-312,245,-207,308,-68,207,101,81,316,-141,358
-15,-28,-16,-17,-57,57,-70,20,-19,-102,92,-93,117,11,16,102
-69,240,215,325,-160,501,-428,227,-378,-219,-92,-447,189,-364,326,-91
-139,207,27,285,-241,406,-308,150,-211,-275,-58,-431,129,-229,300,49
-129,-50,-282,-48,-222,-53,78,-65,236,-177,112,-129,-9,156,-4,296
5,-141,-131,-232,-62,-200,172,-28,271,56,94,80,-89,143,-153,184
146,61,385,-42,169,134,-105,280,-231,253,-216,-35,-89,-313,81,-274
120,302,577,259,205,438,-369,438,-634,204,-446,-277,24,-654,418,-508
-27,306,262,333,27,330,-336,275,-514,19,-321,-362,126,-536,485,-291
-50,95,-57,52,-42,-10,-39,102,-98,47,-105,-164,28,-183,154,-34
123,-126,-16,-364,175,-207,288,171,182,321,-84,167,-290,12,-267,-50
229,-176,166,-478,350,-114,387,271,206,422,-194,301,-483,47,-375,-167
142,-49,177,-181,240,96,194,201,20,201,-224,129,-290,-15,-112,-146
71,112,164,130,108,238,-20,130,-191,17,-226,-49,-61,-125,141,-154
176,62,228,-6,251,121,67,164,-165,184,-233,113,-135,-90,-49,-246
279,-195,118,-443,442,-260,446,57,229,402,-76,513,-396,272,-519,-162
162,-410,-220,-617,335,-590,650,-219,598,307,181,681,-390,632,-697,163
6,-289,-363,-338,80,-509,429,-310,450,64,221,369,-74,508,-338,306
-10,-19,-132,4,-30,-150,62,-63,-16,10,-3,-38,138,-10,108,114
1,9,-31,-11,-57,-44,-47,72,-65,59,-33,-122,87,-167,93,14
-92,-228,-316,-243,-178,-327,148,-206,393,-67,320,106,7,282,-231,306
-159,-342,-490,-293,-251,-484,234,-458,635,-206,536,260,53,624,-390,523
-50,-80,-154,-35,-128,-185,18,-220,192,-142,253,80,122,280,-118,231
10,208,223,270,-27,219,-309,132,-355,-44,-85,-262,194,-294,249,-119
-170,167,13,350,-246,167,-397,-11,-276,-200,81,-372,340,-300,338,58
-318,-191,-528,113,-467,-306,-119,-514,308,-406,534,-93,424,265,73,511
-175,-442,-660,-311,-264,-697,308,-648,670,-213,627,367,218,680,-349,586
149,-409,-257,-615,209,-665,548,-263,587,274,271,633,-215,583,-635,163
300,-176,198,-550,439,-282,439,194,244,536,-145,490,-516,137,-543,-283
213,94,395,-202,363,177,137,457,-129,431,-388,112,-504,-288,-180,-461
135,246,402,20,240,435,-57,547,-352,256,-493,-206,-349,-479,124,-428
65,164,206,-8,106,312,-56,418,-241,111,-314,-255,-174,-326,133,-168
-115,-57,-199,-53,-201,-44,-27,-36,148,-156,184,-163,91,80,-7,291
-320,-162,-454,127,-494,-203,-162,-466,356,-467,571,-134,348,338,-13,559
-308,-8,-267,340,-473,24,-329,-408,143,-515,448,-188,372,205,139,369
-90,150,82,323,-188,264,-311,-36,-166,-241,62,-199,175,-103,183,-20
45,95,126,118,32,175,-95,97,-165,2,-97,-58,8,-125,59,-140
-2,-58,-90,9,42,-76,96,-130,40,0,14,126,23,83,-14,1
-118,-129,-301,63,-61,-203,139,-370,165,-153,124,174,117,257,59,154
-203,-139,-428,89,-221,-252,111,-454,262,-267,238,107,192,326,95,297
-287,-210,-583,37,-441,-369,71,-518,441,-341,447,16,252,387,-1,511
-319,-220,-582,61,-546,-371,-63,-505,447,-361,566,-63,322,305,-47,545
-260,-23,-275,232,-472,-75,-308,-274,104,-319,384,-245,339,-28,122,284
-234,207,20,433,-416,279,-545,-4,-256,-321,144,-468,346,-339,373,22
-278,241,-38,470,-469,338,-560,5,-271,-416,145,-577,373,-329,433,108
-264,130,-188,309,-396,192,-343,-61,-103,-392,170,-453,318,-121,319,250
-85,34,-103,70,-29,126,-41,39,-91,-144,-23,-206,114,-37,161,142
27,-12,-27,-101,181,55,136,111,-77,19,-128,-25,-23,-1,39,31
-105,-119,-282,-54,-68,-106,96,-189,146,-163,156,23,135,210,-19,240
-284,-151,-464,162,-415,-190,-96,-544,285,-463,468,-20,375,364,52,445
-229,-9,-204,305,-359,22,-256,-372,60,-421,307,-119,349,142,200,248
-35,130,176,199,-41,239,-241,107,-232,-57,-90,-195,83,-249,227,-106
82,56,175,-102,107,56,-24,300,-133,239,-165,-99,-147,-302,-13,-170
144,-81,61,-316,193,-209,206,205,103,391,-85,161,-274,-96,-296,-132
291,6,323,-290,414,-78,259,290,-36,488,-296,302,-404,-79,-292,-382
297,183,558,-53,453,324,56,432,-338,328,-495,105,-326,-237,25,-526
-112,140,80,264,-135,342,-244,36,-213,-274,-79,-288,177,-123,376,15
-599,-77,-712,479,-879,-42,-426,-660,255,-899,669,-489,733,242,485,789
-597,-133,-784,451,-910,-221,-378,-785,371,-845,779,-356,713,349,313,829
-150,44,-131,218,-267,-11,-202,-182,26,-237,216,-141,204,55,90,165
114,138,240,9,126,118,-78,204,-188,132,-134,-26,-84,-145,-19,-224
-20,-9,-45,-28,-39,-94,-41,-50,17,-16,98,22,62,46,-47,11
-103,-116,-221,-35,-116,-205,44,-252,209,-129,244,96,95,230,-93,182
110,6,173,-161,208,76,116,185,1,139,-135,80,-235,36,-144,-96
270,201,552,-163,418,435,38,677,-314,334,-517,-134,-440,-339,-33,-373
71,255,372,120,83,444,-222,476,-389,83,-352,-364,-93,-464,251,-232
-188,118,-94,405,-343,131,-337,-153,-158,-264,82,-283,318,-208,376,51
-154,-112,-348,178,-261,-244,28,-470,240,-198,251,168,180,236,22,158
92,-364,-405,-473,207,-540,665,-338,611,141,179,631,-305,681,-561,197
201,-474,-384,-846,491,-633,942,-157,710,318,81,728,-511,828,-788,283
161,-315,-165,-593,396,-390,613,-57,406,236,26,475,-317,527,-475,180
93,-56,172,-144,149,4,69,71,37,121,-60,148,-151,22,-88,-121
47,77,296,34,-64,223,-179,195,-45,76,-78,-48,-177,-199,-10,-244
-15,63,82,-7,-156,155,-108,160,62,-5,9,-108,-173,-110,-77,-59
-69,33,-95,28,-117,18,-44,14,47,-72,62,-116,-5,11,-15,107
-60,-3,-107,62,-29,-68,-27,-116,-19,-87,78,-22,139,65,49,110
-9,-126,-135,-96,25,-215,102,-188,128,-28,145,160,93,213,-108,113
56,-198,-176,-292,79,-269,269,-135,286,37,155,264,-72,340,-292,142
112,-69,1,-265,153,-90,225,83,128,137,-44,160,-178,172,-238,-9
120,79,185,-47,148,80,17,201,-138,155,-172,-1,-101,-112,-20,-172
-17,-33,-48,34,-103,-153,-94,-112,4,7,142,7,163,-29,11,41
-181,-258,-475,-11,-353,-538,6,-581,374,-211,556,157,404,357,-97,434
-161,-212,-431,65,-264,-450,44,-559,296,-219,439,177,356,372,-61,381
49,105,110,198,56,64,-60,-22,-159,29,-116,17,42,-96,119,-141
126,198,336,136,160,257,-85,306,-289,210,-352,-81,-177,-344,124,-356
49,-19,16,-129,57,-58,92,119,32,152,-71,22,-130,-70,-77,-50
48,-131,-114,-281,132,-231,237,6,145,131,28,135,-74,149,-179,106
267,69,324,-212,440,103,192,351,-196,346,-378,134,-283,-105,-95,-308
405,168,641,-207,574,306,178,608,-327,564,-643,164,-527,-344,-111,-652
270,-56,236,-353,355,-82,334,274,70,460,-293,335,-460,-47,-292,-365
58,-258,-281,-395,123,-457,423,-179,377,171,117,386,-139,359,-328,111
37,-53,-104,-122,138,-114,177,-29,19,30,-51,89,17,129,-23,59
148,340,480,210,206,596,-227,547,-566,106,-522,-351,-92,-524,350,-392
181,443,663,282,143,804,-364,778,-689,197,-666,-515,-202,-819,417,-571
113,260,372,137,50,455,-197,502,-396,163,-419,-332,-147,-545,246,-344
47,119,114,57,63,150,-61,189,-192,42,-162,-159,1,-167,122,-59
-32,96,35,120,-18,138,-140,46,-161,-127,3,-186,155,-29,125,84
-169,68,-95,186,-250,101,-292,-77,-97,-309,206,-312,328,-17,197,238
-301,44,-281,278,-476,1,-381,-218,-42,-430,331,-403,507,-51,326,365
-349,131,-306,437,-535,68,-463,-246,-143,-489,281,-490,560,-149,493,315
-346,206,-192,557,-552,229,-536,-199,-200,-507,220,-521,496,-210,528,210
-309,117,-171,443,-523,182,-478,-227,-71,-483,302,-394,406,-97,326,239
-216,-14,-192,194,-348,13,-266,-216,50,-340,307,-234,309,50,139,284
-114,52,-100,129,-131,108,-140,-28,-86,-216,71,-247,212,-16,179,202
-106,226,31,311,-118,417,-228,158,-295,-267,-171,-426,147,-216,374,52
-164,261,-8,432,-227,454,-301,79,-275,-328,-124,-410,154,-240,397,-26
-69,109,-14,233,-79,86,-132,-91,-128,-95,-23,-29,94,-78,155,-130
197,-15,170,-148,381,-218,188,27,-93,356,-177,355,-145,4,-143,-341
367,-3,405,-381,695,-103,355,345,-195,596,-441,383,-390,-88,-228,-464
295,79,393,-329,550,202,243,536,-229,396,-467,81,-406,-174,-118,-343
130,113,225,-174,236,351,63,461,-179,99,-311,-171,-247,-169,-2,-140
67,66,99,-112,74,209,16,293,-100,55,-159,-148,-112,-132,14,-70
15,-12,-38,-42,-46,-14,33,64,20,68,-30,-20,-32,-90,-11,-24
-126,-74,-256,98,-281,-101,-32,-202,157,-118,173,-37,120,14,45,147
-225,-64,-358,223,-396,-40,-103,-323,179,-329,259,-119,227,107,136,277
-82,-34,-201,70,-143,-49,33,-177,122,-161,97,-4,83,147,46,152
179,-131,-2,-307,233,-257,360,24,196,274,-92,337,-259,199,-268,-57
279,-258,-5,-556,336,-473,536,40,354,506,-65,523,-392,263,-505,-93
167,-157,-26,-341,167,-326,288,28,199,308,1,285,-173,121,-287,-45
13,185,145,164,-3,204,-201,172,-308,1,-141,-231,115,-269,235,-126
-47,395,313,477,-90,581,-481,338,-609,-142,-316,-551,208,-561,554,-228
-93,274,198,396,-181,427,-413,200,-408,-170,-163,-458,192,-456,465,-126
-131,23,-35,132,-190,61,-223,-52,-60,-155,130,-196,194,-107,161,87
-10,-3,45,-20,52,15,-83,-2,-80,-54,94,-34,109,19,0,26
197,204,408,6,377,306,-42,342,-377,154,-336,-34,-124,-177,49,-326
252,346,586,170,414,526,-115,531,-589,239,-597,-141,-197,-434,233,-547
46,328,341,355,37,436,-328,315,-531,27,-356,-331,101,-512,408,-340
-198,159,-52,392,-352,154,-474,-69,-284,-261,147,-426,454,-330,377,88
-212,-69,-267,120,-321,-146,-228,-257,79,-241,415,-173,352,41,-9,306
-1,-178,-178,-188,-2,-262,162,-172,298,28,255,213,-68,285,-368,171
56,14,64,2,69,35,76,23,44,57,-70,93,-146,64,-109,-60
-223,390,133,681,-351,578,-606,97,-525,-430,-130,-648,390,-456,693,-10
-559,497,-141,1098,-866,703,-1062,-141,-636,-939,190,-1146,946,-550,1113,373
-547,57,-572,606,-814,99,-557,-512,2,-843,550,-638,797,40,566,702
-153,-446,-686,-360,-175,-682,457,-587,725,-153,517,374,73,725,-390,619
201,-505,-382,-813,402,-778,912,-274,757,366,130,811,-452,805,-733,248
228,-195,-10,-509,414,-261,544,84,268,304,-142,414,-396,369,-392,-16
61,36,81,-42,96,129,61,105,-29,-6,-102,-4,-114,51,-26,-26
10,23,26,61,-18,98,10,-3,10,-21,-56,25,-68,-3,17,-57
84,25,95,22,92,34,139,55,-8,176,-251,150,-191,-100,52,-221
119,162,230,134,149,189,46,221,-234,219,-445,-1,-202,-320,253,-370
112,244,311,219,121,298,-106,287,-371,172,-435,-127,-119,-413,298,-402
233,175,415,9,282,190,-19,347,-304,343,-376,51,-231,-341,31,-482
392,53,510,-352,525,30,236,476,-164,616,-441,295,-487,-243,-274,-570
314,-57,311,-441,440,-62,354,392,43,528,-337,290,-519,-72,-325,-340
-42,-168,-213,-195,-75,-191,186,-104,310,2,144,105,-103,215,-185,203
-299,-180,-541,110,-503,-304,-98,-526,362,-422,557,-77,378,335,-6,523
-223,26,-247,256,-434,-79,-332,-287,8,-334,372,-235,438,-12,179,261
33,245,323,187,-51,344,-342,329,-378,25,-190,-332,74,-451,263,-240
178,189,454,-18,243,392,-74,488,-312,217,-400,-136,-252,-361,83,-372
165,-112,133,-250,285,-83,241,62,96,220,-78,287,-241,154,-275,-98
95,-243,-141,-285,182,-441,285,-258,275,134,222,430,-17,390,-372,117
9,-56,-95,-46,-41,-247,13,-143,68,21,156,73,149,90,-76,88
-121,129,-50,254,-264,137,-239,-15,-111,-186,37,-275,186,-160,235,55
-215,80,-198,332,-351,124,-233,-217,-2,-368,184,-215,241,18,209,187
-218,-84,-339,225,-290,-155,-106,-441,170,-342,375,-10,324,249,42,315
-141,-114,-258,103,-202,-203,-58,-309,127,-194,277,-20,271,148,33,315
-29,-8,-27,43,-73,20,-17,32,3,-31,-18,-132,34,-58,91,137
106,62,143,-25,133,167,93,201,-64,89,-217,-23,-190,-39,6,-71
166,82,225,-49,268,104,104,156,-109,131,-210,138,-181,49,-91,-204
66,122,167,64,131,52,-100,54,-216,29,-86,3,68,-62,59,-164
-123,141,-9,243,-141,124,-281,-25,-242,-197,35,-278,302,-169,314,48
-178,26,-193,175,-198,82,-172,-126,-79,-310,144,-275,338,8,272,260
-71,-159,-295,-112,-44,-163,130,-222,188,-206,217,36,187,334,-66,361
-29,-255,-362,-246,-45,-384,279,-288,369,-59,273,200,75,424,-251,378
-111,-224,-396,-66,-254,-379,152,-344,371,-87,290,120,118,252,-103,343
-129,-100,-248,160,-231,-199,-22,-335,175,-114,187,74,161,72,77,150
75,25,128,75,174,-22,15,-73,-105,98,-79,193,-11,-3,-20,-203
317,72,438,-211,555,60,203,314,-187,430,-360,304,-358,-74,-232,-471
342,38,412,-328,498,83,335,464,-68,552,-489,271,-606,-158,-261,-483
177,32,191,-109,226,112,270,272,34,330,-418,160,-490,-155,-47,-309
47,38,48,126,76,113,101,3,-48,53,-221,70,-132,-57,112,-124
0,26,-6,111,50,35,-20,-67,-88,-60,-14,7,103,34,53,16
-40,-58,-106,-37,-85,-111,-47,-79,63,-47,172,-27,121,54,-67,136
-153,-61,-188,72,-312,-118,-136,-164,143,-121,234,-94,144,-21,41,151
-251,82,-162,420,-442,66,-360,-262,-60,-321,186,-253,336,-158,359,98
-287,178,-150,572,-433,180,-442,-293,-225,-453,170,-358,504,-142,501,143
-212,-4,-327,255,-336,-93,-164,-323,49,-354,289,-163,381,128,164,318
-112,-277,-481,-217,-183,-481,242,-393,491,-103,422,217,73,459,-334,430
-24,-299,-364,-334,-38,-502,307,-319,497,26,366,339,-46,488,-460,314
-3,-70,-93,-147,44,-158,70,-74,115,-8,158,85,14,206,-192,136
60,44,76,-115,134,45,22,174,-72,62,-57,-45,-57,-4,-77,-4
234,-69,193,-389,363,-88,307,284,70,404,-219,238,-400,12,-326,-203
388,-113,368,-515,576,-156,448,345,99,665,-347,494,-631,-30,-489,-448
284,37,412,-202,409,65,167,346,-121,460,-350,225,-417,-196,-194,-421
-38,124,91,171,-56,219,-148,128,-153,-49,-107,-212,12,-208,187,-42
-214,-6,-278,183,-322,4,-118,-212,100,-303,193,-205,211,54,173,283
-123,-112,-244,58,-197,-216,-12,-313,190,-161,273,73,164,198,-45,201
-47,43,38,183,-121,-14,-228,-125,-85,-95,160,-56,209,-55,55,5
-233,184,-33,455,-450,252,-545,-38,-247,-341,181,-530,429,-319,385,184
-444,26,-411,431,-814,79,-522,-262,77,-558,461,-645,551,-198,414,566
-345,-194,-494,132,-673,-267,-215,-401,377,-336,531,-250,346,46,93,540
11,-92,-2,-58,-104,-168,7,-33,146,142,79,69,-75,-80,-105,-11
269,202,505,-51,355,290,57,530,-302,444,-543,7,-434,-432,17,-547
295,254,499,-107,478,439,184,679,-354,452,-750,-41,-559,-431,83,-583
187,28,151,-235,337,105,305,339,-50,310,-410,105,-390,-105,-59,-273
42,-100,-72,-162,66,-130,153,-16,109,112,4,126,-73,47,-111,-8
-73,-47,-144,43,-163,-61,-48,-103,63,-72,139,-56,124,-26,12,115
-26,-107,-263,-89,-102,-112,155,-104,201,-51,88,38,-3,142,-109,176
116,-353,-359,-518,205,-500,606,-225,532,162,157,507,-230,578,-524,233
129,-421,-313,-605,252,-696,580,-362,570,191,320,668,-132,720,-632,246
-117,-137,-185,-26,-157,-275,-88,-350,168,-189,382,102,289,277,-79,223
-366,211,-104,602,-571,337,-669,-219,-263,-599,269,-553,588,-242,575,196
-299,264,-69,619,-450,471,-566,-82,-365,-550,62,-581,488,-284,633,122
-39,101,-35,191,-20,186,-101,-12,-194,-190,-55,-178,204,-29,224,80
33,-49,-89,-60,85,-38,120,8,-15,-27,-27,-43,91,101,29,191
-148,-76,-307,5,-200,-77,38,-95,129,-195,129,-205,163,86,117,398
-289,-100,-485,96,-393,-112,-45,-265,209,-361,290,-268,273,132,171,514
-219,-76,-371,108,-276,-163,-93,-293,127,-297,310,-135,325,155,105,359
-95,49,-74,150,-126,-38,-193,-119,-108,-139,148,-117,282,-28,124,69
-54,168,124,189,-122,198,-272,119,-238,-76,-47,-243,128,-253,218,-107
-63,112,91,82,-131,219,-186,178,-100,-71,-53,-238,-30,-206,124,-52
-52,-63,-20,-107,-50,-15,-36,44,97,-17,124,-56,-46,2,-125,97
54,-126,52,-204,99,-183,20,3,76,145,162,111,3,50,-260,60
261,-18,341,-250,329,-92,64,272,-119,415,-142,166,-157,-167,-232,-265
428,97,616,-340,565,106,188,595,-244,658,-520,215,-497,-332,-233,-603
348,109,494,-300,481,158,226,534,-145,514,-498,184,-543,-210,-211,-501
-31,-12,-45,6,-44,15,35,-34,99,-67,22,-1,-59,111,-36,80
-372,-132,-525,268,-547,-166,-175,-571,313,-574,522,-151,440,344,177,582
-324,-129,-461,211,-496,-156,-165,-511,288,-504,481,-110,394,299,135,473
-52,42,12,49,-117,86,-133,-21,-15,-122,89,-79,75,13,25,21
-15,241,244,227,-81,332,-355,215,-336,-95,-79,-310,122,-291,206,-146
-232,247,26,529,-387,306,-607,-59,-373,-411,145,-539,532,-304,481,128
-265,75,-186,399,-408,39,-428,-313,-134,-443,329,-331,581,-30,361,306
29,-55,0,-86,63,-89,49,-71,52,-13,86,118,38,167,-96,37
266,54,318,-258,390,147,233,360,-77,315,-346,187,-400,-20,-206,-339
122,246,318,137,140,435,-87,397,-345,118,-431,-196,-184,-369,204,-353
-114,248,107,467,-201,355,-414,61,-397,-200,-134,-379,285,-412,498,-139
-34,46,57,170,-35,-20,-197,-125,-168,-38,81,6,227,-108,127,-115
315,-180,227,-462,492,-334,379,35,170,469,-53,633,-365,244,-562,-343
501,-291,270,-793,769,-433,774,175,373,761,-230,933,-785,403,-887,-469
346,-284,66,-632,553,-415,682,33,381,544,-142,757,-580,398,-675,-257
25,-159,-116,-208,135,-262,220,-153,186,73,101,271,-55,249,-195,59
-196,63,-82,203,-216,102,-268,-97,-91,-285,145,-263,276,-44,248,171
-181,212,67,343,-278,398,-385,152,-265,-266,-61,-487,189,-349,432,34
51,108,154,61,28,261,-42,276,-168,88,-277,-175,-132,-309,181,-176
279,-133,131,-382,433,-173,428,177,75,456,-268,393,-366,35,-304,-252
273,-194,40,-446,499,-330,506,21,165,408,-123,536,-322,272,-453,-171
35,17,-27,-1,128,6,112,-33,-26,-2,-63,109,-45,103,-51,-46
-105,216,31,362,-139,344,-221,68,-257,-215,-159,-291,112,-218,355,-66
57,161,172,146,50,223,-91,203,-251,66,-261,-152,-19,-276,223,-198
213,-42,189,-245,302,-138,200,156,-38,339,-177,226,-173,-25,-162,-214
53,-139,-46,-193,94,-275,145,-128,153,111,119,223,-1,182,-192,58
-259,-57,-280,185,-357,-104,-209,-352,144,-360,379,-130,329,155,119,328
-273,9,-193,255,-363,42,-311,-236,29,-364,320,-244,299,15,169,275
73,-66,80,-195,189,-65,103,100,51,146,14,100,-151,48,-217,-10
334,-222,139,-606,604,-289,576,191,229,514,-175,508,-499,272,-580,-126
218,-257,-64,-507,445,-352,563,-18,315,317,-48,494,-329,423,-490,38
-1,-93,-114,-93,67,-130,128,-119,110,-33,93,127,10,203,-111,126
36,160,236,101,96,239,-176,215,-261,28,-149,-150,-21,-222,101,-180
336,276,677,-98,567,402,2,666,-477,469,-609,-19,-444,-436,-21,-639
554,161,720,-421,927,205,417,731,-375,774,-795,357,-706,-235,-274,-765
431,-28,380,-451,785,-97,499,375,-137,602,-498,458,-470,51,-327,-449
94,-26,50,-97,232,-73,127,57,-102,156,-111,96,-8,-10,-49,-67
-168,163,-22,357,-279,253,-359,39,-228,-219,23,-422,254,-317,323,87
-217,244,19,469,-415,403,-459,104,-238,-290,-21,-545,178,-404,410,46
-114,80,-38,187,-260,123,-201,-16,4,-152,73,-199,70,-113,123,60
-56,-136,-205,-78,-139,-268,55,-246,252,-53,261,147,77,227,-168,167
-88,-157,-301,-26,-173,-328,66,-361,256,-108,322,168,165,264,-153,211
-94,-31,-198,168,-155,-85,-12,-253,79,-147,132,47,134,99,33,86
28,59,19,131,67,89,57,-56,-45,-10,-131,104,-84,26,41,-142
162,8,143,-109,319,11,239,74,-9,215,-247,297,-294,80,-138,-311
176,-109,55,-269,306,-188,348,29,116,300,-165,390,-306,124,-238,-224
67,-221,-167,-267,117,-324,344,-128,271,223,10,334,-174,143,-216,-25
10,-279,-260,-274,41,-360,348,-208,354,142,93,322,-133,210,-216,72
51,-189,-126,-276,131,-206,328,-86,274,127,-3,309,-238,226,-211,-10
65,12,81,-99,157,109,140,115,26,44,-159,92,-220,70,-60,-127
-38,189,107,188,-69,322,-191,176,-215,-142,-130,-282,37,-171,215,-44
-202,176,-78,324,-321,247,-374,39,-228,-319,71,-487,340,-244,377,183
-244,33,-232,196,-362,3,-277,-114,-35,-297,230,-385,379,-107,281,337
-150,-85,-221,-21,-216,-133,-60,-113,128,-142,211,-149,172,36,64,287
-9,-108,-119,-173,-18,-138,90,-8,134,37,102,2,4,60,-111,158
58,-122,-59,-230,90,-192,103,25,81,129,109,70,3,57,-221,92
42,-123,-65,-227,93,-241,103,-30,86,127,124,118,33,76,-204,55
12,-47,-43,-126,85,-147,122,-38,70,85,0,146,-62,90,-70,-51
75,39,76,-35,157,21,166,48,-7,113,-224,157,-195,38,26,-188
173,67,178,-75,294,73,209,185,-111,219,-322,137,-229,-42,-26,-226
169,26,170,-141,313,12,132,196,-137,212,-195,78,-116,-35,-100,-125
-1,46,58,-9,99,44,-69,47,-120,-42,31,-59,80,22,-13,15
-142,128,54,254,-155,212,-318,-84,-157,-304,143,-199,229,4,166,42
-55,207,247,335,-93,304,-386,12,-281,-198,37,-178,190,-138,180,-133
171,193,498,141,237,266,-217,293,-392,223,-249,-45,-74,-354,51,-402
288,168,506,-38,436,227,37,459,-378,465,-490,70,-316,-433,-11,-543
164,106,193,-43,288,183,174,263,-167,241,-419,84,-299,-186,51,-355
-53,-68,-238,-46,-18,-62,193,-164,174,-128,27,127,-29,260,-23,102
-158,-294,-496,-195,-208,-447,181,-493,484,-272,521,208,226,603,-265,521
-170,-373,-484,-273,-264,-620,95,-522,544,-212,701,188,312,569,-365,647
-188,-191,-318,-56,-329,-366,-107,-358,301,-232,523,-58,327,274,-115,512
-186,71,-120,298,-393,73,-345,-155,-57,-335,253,-331,363,-58,228,285
-136,206,41,435,-322,320,-419,-3,-256,-301,47,-391,305,-237,343,50
-8,175,188,282,-116,286,-281,120,-244,-59,-105,-208,56,-309,211,-188
90,102,298,77,64,184,-108,178,-151,159,-200,6,-156,-257,64,-320
84,30,238,-14,91,54,-52,97,-62,132,-89,77,-115,-93,-12,-199
29,-81,3,-101,-3,-185,2,-105,95,19,170,100,69,138,-143,94
61,-264,-205,-357,62,-486,285,-183,377,169,264,322,-74,351,-442,205
296,-377,-101,-766,451,-638,777,2,601,618,-14,758,-667,465,-825,-99
573,-327,304,-1018,940,-486,1033,359,508,992,-439,1032,-1155,394,-993,-526
568,-143,551,-792,935,-154,715,519,151,856,-515,736,-926,166,-717,-570
167,27,308,-172,275,59,7,245,-130,188,-112,45,-104,-48,-117,-121
-255,73,-227,356,-429,47,-397,-254,-100,-436,322,-367,544,-28,320,342
-331,32,-493,425,-519,-82,-235,-509,72,-552,351,-210,536,213,329,383
-133,33,-310,219,-150,-68,49,-364,74,-319,86,59,209,304,167,161
-75,79,-80,189,-22,110,-17,-122,-93,-228,-38,-81,149,119,219,106
-215,61,-159,279,-282,160,-256,-129,-92,-373,139,-361,347,-34,333,321
-280,-134,-426,124,-367,-145,-95,-366,240,-392,394,-168,323,227,101,509
-123,-357,-574,-267,-115,-545,398,-529,617,-173,447,379,24,706,-394,508
-24,-352,-492,-346,39,-563,489,-457,606,-55,370,479,-83,735,-501,410
-122,-66,-245,62,-202,-127,-36,-208,134,-192,256,-65,194,169,-27,302
-162,200,62,424,-308,288,-489,42,-349,-255,61,-498,398,-393,429,71
3,175,264,279,27,257,-302,126,-398,-16,-133,-223,192,-365,274,-174
133,-43,125,-58,259,-95,141,-52,-18,168,-74,281,-97,98,-149,-160
-49,-204,-255,-66,-88,-318,193,-391,375,-68,277,322,-18,416,-258,202
-240,-212,-476,122,-487,-319,6,-560,475,-316,485,101,197,363,-87,428
-64,-167,-262,2,-179,-260,138,-325,309,-49,200,199,5,210,-120,163
286,-131,113,-334,500,-225,504,96,82,478,-315,473,-397,103,-281,-282
303,3,251,-301,589,-60,415,332,-145,507,-486,286,-384,-86,-138,-355
-12,199,126,166,-12,225,-187,251,-338,8,-213,-341,118,-356,320,-76
-202,216,11,438,-417,299,-519,31,-313,-332,85,-556,433,-357,457,136
-81,1,-79,177,-237,30,-166,-149,1,-201,160,-111,217,10,94,148
28,-166,-184,-121,0,-188,226,-176,272,12,118,226,-76,277,-223,146
-43,-13,-103,-20,-92,6,33,49,75,10,-4,-88,-57,-62,-32,78
-9,289,290,226,-102,451,-355,490,-425,86,-297,-508,-26,-661,324,-257
219,336,605,90,233,537,-206,714,-542,372,-596,-295,-307,-734,243,-608
292,69,364,-219,439,158,307,392,-95,429,-505,233,-534,-139,-138,-457
15,-141,-206,-175,107,-152,358,-149,284,2,-16,270,-191,335,-165,102
-253,-24,-322,173,-283,-2,-152,-246,33,-379,247,-230,346,104,216,351
-99,198,142,272,-109,326,-433,189,-453,-180,-39,-482,381,-425,425,-9
213,173,449,-28,355,314,-92,498,-475,300,-420,-164,-95,-476,174,-370
195,-15,118,-203,377,23,323,211,-52,279,-331,187,-276,-1,-92,-180
-109,-75,-341,81,-67,-112,165,-308,149,-230,109,87,130,322,30,225
-291,39,-346,391,-356,11,-291,-428,-58,-512,333,-186,515,147,289,274
-159,81,-23,248,-215,104,-334,-106,-175,-240,169,-217,333,-142,225,29
47,-23,97,-128,48,26,39,180,28,178,-100,-9,-180,-167,-67,-123
123,-47,55,-225,146,-5,286,239,140,293,-267,111,-424,-97,-123,-146
154,111,191,5,217,149,172,234,-119,252,-407,99,-323,-172,56,-342
206,239,423,134,344,262,-32,277,-417,259,-462,75,-160,-295,152,-544
113,204,377,178,204,254,-215,227,-420,127,-251,-82,39,-317,178,-374
-235,251,65,514,-336,360,-600,-8,-395,-388,113,-543,477,-349,494,88
-566,460,-122,1110,-839,656,-1085,-253,-619,-967,284,-1015,966,-478,1035,300
-490,537,9,1216,-701,729,-1069,-255,-732,-923,135,-890,925,-481,1099,89
-47,192,152,390,-24,216,-260,-108,-306,-165,-88,-58,206,-133,306,-206
341,-331,52,-642,529,-526,677,-9,413,608,-107,761,-541,362,-649,-205
322,-481,-148,-883,461,-782,836,-61,668,672,44,826,-583,495,-838,-28
24,-181,-195,-271,-10,-403,221,-142,297,157,159,239,-73,193,-259,100
-153,126,-55,260,-270,81,-316,-58,-151,-194,120,-283,291,-169,248,56
-47,110,98,141,-94,149,-268,135,-228,-38,2,-276,164,-276,178,-25
97,-64,130,-216,131,-63,19,177,-39,209,-12,2,-45,-117,-136,-37
19,-132,-55,-183,-2,-225,27,-88,120,49,211,103,97,110,-168,108
-200,-121,-316,90,-322,-259,-140,-456,221,-323,462,35,366,294,-9,318
-221,-177,-402,78,-327,-289,-36,-509,321,-341,474,99,286,385,-47,370
40,-265,-236,-326,76,-367,346,-215,405,80,195,352,-133,395,-371,192
260,-300,-55,-621,422,-405,630,29,417,400,-28,557,-435,425,-599,19
217,-254,-101,-493,376,-367,574,-61,377,279,3,527,-349,492,-535,64
56,-205,-227,-213,143,-329,380,-271,331,46,113,395,-119,456,-307,132
23,-180,-180,-145,95,-304,277,-252,254,100,86,350,-78,258,-200,17
119,-109,55,-212,201,-214,201,-3,94,272,-46,315,-167,40,-212,-209
127,48,208,-140,199,34,31,189,-86,205,-134,105,-166,-97,-117,-269
-7,203,167,151,2,288,-194,192,-252,-73,-143,-215,26,-180,177,-122
-118,227,40,383,-196,351,-323,89,-322,-270,-97,-424,252,-269,433,36
-144,123,-71,357,-274,197,-313,-47,-236,-275,38,-378,383,-229,410,149
-152,14,-153,193,-273,41,-243,-161,-62,-292,209,-240,374,-19,218,222
-177,5,-174,142,-217,38,-173,-181,8,-335,227,-158,265,126,131,231
-143,38,-124,156,-107,90,-92,-133,-45,-244,65,-117,155,54,184,101
-90,-24,-119,83,-51,-69,-8,-139,-18,-85,50,-18,134,10,139,79
-100,-168,-257,-61,-121,-307,24,-284,191,-85,300,76,205,176,-69,265
-142,-178,-291,-72,-201,-281,-11,-324,270,-194,415,72,207,294,-163,320
-43,17,-5,81,-55,75,-59,-52,2,-85,53,10,9,22,-18,-47
173,211,403,141,222,331,-44,317,-324,261,-437,25,-267,-380,110,-552
240,156,429,0,310,196,45,372,-263,434,-462,106,-357,-385,0,-543
54,-25,94,-97,76,-61,63,101,66,186,-56,46,-185,-71,-108,-51
-164,-33,-121,31,-199,-21,-97,-49,124,-115,158,-169,41,-11,33,233
-95,110,113,175,-152,212,-272,160,-172,-40,-39,-309,65,-350,216,-33
166,155,450,14,163,238,-206,445,-364,340,-275,-169,-121,-545,52,-383
316,13,463,-307,420,30,93,461,-183,551,-271,121,-328,-312,-268,-376
249,-95,265,-371,385,-68,280,277,46,404,-198,234,-359,-7,-317,-185
157,-18,183,-143,232,51,177,162,-6,207,-234,153,-242,-21,-73,-186
160,85,267,15,180,107,9,166,-175,208,-256,75,-134,-192,57,-308
190,49,279,-77,243,-25,26,155,-165,280,-169,139,-95,-147,-74,-272
152,-28,153,-140,264,-99,145,88,-53,246,-132,177,-109,-26,-103,-151
90,-2,110,-47,183,28,113,91,-92,151,-216,78,-88,-102,90,-145
72,57,182,62,89,147,-41,134,-180,107,-217,-19,-26,-232,191,-228
21,34,113,69,-53,28,-151,15,-91,27,26,-5,70,-136,44,-139
-153,3,-154,181,-322,-108,-252,-270,72,-224,329,-67,270,59,19,128
-344,63,-349,479,-597,-3,-422,-421,9,-501,400,-311,510,-21,342,288
-321,160,-203,546,-511,175,-497,-241,-229,-463,187,-486,559,-260,557,212
2,59,77,53,40,79,-128,111,-231,-3,-67,-207,189,-192,202,38
323,-194,155,-643,619,-259,532,282,116,504,-208,384,-386,201,-454,-77
377,-317,45,-828,684,-395,817,223,376,585,-239,643,-640,413,-681,-117
170,-110,38,-348,277,-48,411,179,175,286,-248,281,-419,96,-251,-170
-6,177,194,176,-62,390,-196,275,-247,-19,-243,-270,-62,-362,246,-212
2,203,260,137,-28,344,-281,326,-319,11,-194,-318,4,-406,244,-194
123,-98,86,-346,223,-177,204,169,93,295,-78,157,-232,-10,-229,-94
205,-382,-166,-708,353,-638,650,-43,522,510,54,605,-449,371,-641,17
184,-359,-217,-577,294,-572,604,-111,505,400,92,566,-377,418,-632,77
65,-112,-101,-97,96,-142,211,-114,147,44,34,187,-52,206,-163,98
-135,106,-83,377,-229,173,-211,-165,-132,-309,13,-211,288,-44,364,118
-293,157,-166,536,-527,241,-425,-230,-127,-473,122,-422,418,-175,574,197
-296,122,-176,393,-543,185,-400,-142,-20,-407,194,-425,286,-167,371,223
-100,60,-36,79,-185,140,-107,43,58,-148,65,-194,-34,-6,24,126
172,-31,83,-252,291,-24,302,144,121,177,-161,232,-345,213,-287,-88
324,-117,128,-456,546,-218,576,134,181,437,-277,551,-502,299,-444,-263
308,-101,209,-387,492,-183,435,167,92,466,-262,475,-436,138,-380,-293
141,69,269,-5,234,128,10,211,-182,192,-209,32,-152,-166,-22,-216
-89,233,172,436,-102,366,-379,66,-399,-203,-114,-357,260,-326,420,-66
-264,176,-118,589,-371,210,-476,-274,-314,-439,123,-391,564,-211,570,130
-305,-19,-341,402,-449,-127,-333,-493,-23,-429,384,-197,588,22,366,282
-213,-90,-273,184,-332,-182,-213,-368,111,-256,381,-77,367,72,93,262
-74,19,28,133,-144,82,-183,-8,-29,-79,78,-146,81,-117,67,63
49,177,298,136,26,338,-198,297,-249,44,-210,-230,-74,-319,160,-170
102,189,376,57,143,332,-188,382,-340,111,-272,-215,-71,-350,149,-248
81,160,317,33,169,248,-206,313,-350,77,-152,-195,36,-277,100,-193
29,181,284,145,73,290,-287,232,-362,-16,-83,-233,121,-271,129,-158
-6,206,298,258,-20,343,-341,174,-339,-65,-92,-230,96,-302,181,-195
10,108,227,157,-21,169,-258,64,-176,-22,6,-80,59,-159,77,-154
-14,-76,-8,-37,-12,-183,-52,-157,62,-23,204,111,129,125,-108,83
-57,-176,-297,-107,-80,-386,84,-321,200,-89,331,108,273,310,-138,351
-46,-128,-321,-93,-85,-256,127,-186,141,-96,195,3,212,222,-66,332
83,-25,-42,-158,104,-25,145,128,-5,85,-68,-8,-56,27,-93,47
144,-12,181,-215,248,32,122,223,-32,210,-133,89,-205,-11,-177,-130
-1,-58,44,-39,64,-86,-10,-92,20,8,94,107,41,86,-70,0
-232,-64,-257,265,-301,-148,-207,-432,82,-321,334,-24,377,114,163,206
-254,-62,-327,254,-362,-135,-140,-428,138,-304,302,-18,286,108,151,179
8,-192,-183,-202,42,-289,262,-202,325,113,105,361,-198,240,-273,-25
257,-389,-75,-655,428,-579,690,-115,548,509,21,783,-537,465,-714,-112
257,-341,-37,-590,392,-547,590,-92,454,479,37,670,-397,390,-612,-52
54,25,116,-1,35,14,-63,92,-91,96,-34,-39,8,-129,8,-56
-144,399,278,553,-285,605,-643,298,-590,-267,-171,-694,322,-623,618,-127
-217,396,172,619,-383,614,-653,204,-538,-367,-151,-713,349,-592,687,-97
-128,109,-53,235,-234,186,-188,2,-95,-173,-38,-222,101,-173,269,-27
49,-55,-4,-142,88,-31,184,34,138,105,-91,179,-227,85,-126,-111
133,31,197,-150,284,167,188,224,-5,162,-251,163,-371,31,-159,-248
-3,81,80,61,92,263,41,120,-64,-60,-183,-55,-157,-14,64,-73
-185,-42,-295,125,-219,43,21,-147,110,-264,64,-181,125,77,200,288
-162,-97,-304,-25,-219,-70,33,-67,135,-148,94,-206,126,-3,168,313
4,89,180,-20,38,167,-168,277,-245,77,-129,-269,54,-339,185,-94
3,270,394,317,20,325,-497,232,-571,-5,-130,-339,288,-516,371,-284
-230,162,-34,612,-386,45,-608,-343,-357,-351,289,-311,688,-257,464,65
-376,-88,-491,473,-597,-316,-354,-705,119,-488,579,-149,695,115,284,445
-230,-165,-391,98,-328,-263,-29,-418,291,-228,368,32,216,196,-14,327
-18,-103,-59,-107,11,-61,120,-38,175,45,31,115,-154,65,-125,-9
-10,-121,-101,-89,5,-161,155,-129,180,78,20,187,-101,88,-74,-13
-52,-250,-337,-163,-59,-436,289,-330,334,59,148,289,-3,237,-95,161
43,-232,-241,-305,94,-369,371,-143,303,177,47,300,-131,213,-205,95
112,-45,59,-201,164,-16,163,139,45,158,-94,101,-174,30,-164,-76
-63,101,28,173,-205,178,-244,28,-99,-187,102,-236,177,-78,85,95
-344,77,-288,472,-642,80,-507,-330,-11,-566,443,-461,564,-4,318,446
-369,0,-395,412,-600,-21,-381,-440,97,-570,482,-346,529,115,279,508
-156,-65,-219,114,-182,-36,-65,-286,114,-290,244,-5,203,199,38,206
54,-126,-81,-132,143,-83,187,-169,138,-27,83,300,-32,296,-211,-21
131,-145,-22,-254,222,-127,270,-74,166,84,41,344,-144,311,-330,-45
120,-44,96,-201,208,-19,164,100,67,125,-48,171,-201,142,-244,-57
16,67,126,36,36,132,-78,108,-84,-21,-33,-79,-32,-37,-3,-28
-193,16,-177,248,-307,32,-270,-225,-25,-339,271,-209,369,44,177,259
-278,-142,-466,151,-423,-228,-154,-438,193,-399,483,-142,476,215,87,490
-36,-146,-204,-214,2,-219,187,-56,216,55,111,76,-65,143,-158,179
309,69,422,-343,520,183,334,567,-100,538,-555,183,-669,-213,-222,-468
340,291,677,-43,467,554,66,702,-397,446,-740,-6,-592,-475,40,-704
61,280,361,274,-47,537,-275,358,-361,-31,-318,-305,-71,-407,280,-299
-128,80,5,185,-313,237,-305,69,-73,-230,109,-363,180,-169,188,164
-74,-57,-64,-75,-162,-41,-83,27,128,-33,161,-135,8,-32,-72,167
8,-22,5,-36,-22,-100,-4,-3,50,88,46,33,-51,-45,-83,-25
-5,103,57,200,-77,89,-135,-7,-148,-20,-51,-68,96,-153,129,-119
72,164,194,144,27,295,-121,232,-262,19,-229,-186,-11,-261,177,-177
265,58,360,-233,370,231,193,482,-143,364,-420,47,-405,-214,-106,-303
358,-102,302,-476,548,-122,461,348,71,598,-376,398,-563,-10,-383,-326
217,-177,62,-349,343,-376,348,-6,157,406,-66,435,-227,148,-328,-140
6,-134,-82,-162,41,-313,56,-169,111,69,203,170,119,151,-140,87
-67,-129,-148,-149,-96,-223,-13,-160,185,-85,301,39,141,193,-139,236
-103,-210,-315,-139,-195,-346,103,-325,377,-117,368,149,100,358,-224,321
-164,-134,-407,81,-328,-309,62,-452,344,-232,345,126,181,335,-68,293
-132,125,-101,310,-267,139,-188,-127,-66,-239,34,-158,153,-47,225,15
22,303,356,238,-2,526,-316,394,-402,-21,-295,-338,-73,-440,278,-325
76,136,293,28,72,281,-168,326,-236,124,-182,-159,-112,-329,71,-248
-142,-120,-279,59,-221,-264,-60,-339,147,-152,319,28,274,122,-2,229
-367,-144,-613,313,-495,-364,-171,-746,230,-544,601,-51,633,376,185,560
-325,-17,-379,362,-382,-76,-252,-521,71,-544,420,-138,515,274,230,395
-66,-41,-86,43,-44,-35,-31,-189,80,-146,159,94,77,194,-58,62
89,-160,-69,-209,93,-270,213,-156,230,144,107,364,-119,227,-305,-66
18,-94,-103,-84,9,-212,88,-150,116,54,99,189,29,114,-112,-19
-87,107,42,182,-100,139,-235,27,-193,-132,16,-229,189,-170,221,4
-81,137,89,189,-90,185,-254,119,-212,-114,-13,-298,141,-201,204,38
4,-30,-97,-18,18,-121,84,-59,63,16,36,56,-6,87,-69,75
72,-47,-143,-74,137,-149,287,-118,125,49,-83,235,-106,248,-108,5
59,158,128,103,158,279,58,119,-167,-63,-274,-15,-110,26,143,-179
-15,242,280,227,6,459,-266,245,-316,-153,-203,-287,26,-211,295,-164
-82,73,107,98,-185,148,-287,66,-104,-132,96,-246,159,-151,141,68
-18,-89,-68,-153,-81,-146,23,3,130,29,130,-3,9,43,-98,133
180,-118,42,-442,315,-101,405,219,199,284,-170,252,-404,176,-332,-79
317,-177,134,-631,545,-146,630,295,273,466,-282,498,-660,290,-549,-220
195,-219,-14,-452,310,-332,453,-22,326,331,-22,500,-362,301,-478,-96
-116,47,-88,276,-219,-50,-208,-219,-70,-120,126,-72,254,-92,185,4
-343,537,173,1020,-553,774,-897,75,-723,-561,-163,-877,542,-741,1000,-125
-320,648,338,1023,-468,1129,-913,386,-834,-569,-389,-1051,326,-888,1053,-210
-107,183,110,253,-144,428,-248,212,-195,-162,-161,-359,-41,-295,260,-55
119,-237,-104,-388,163,-344,336,-48,305,252,97,340,-202,213,-400,40
232,-33,179,-243,320,-132,199,169,-49,374,-173,228,-193,-55,-210,-234
195,437,590,278,264,625,-251,630,-676,226,-637,-343,-172,-649,374,-561
39,507,497,489,35,784,-416,599,-698,13,-610,-586,-72,-746,587,-440
-153,217,-3,392,-252,321,-323,106,-296,-184,-125,-437,189,-392,454,-27
-233,67,-219,329,-386,36,-325,-204,-118,-296,187,-323,434,-186,386,186
-132,70,-60,232,-216,90,-280,-72,-168,-206,106,-242,321,-159,269,85
82,-54,64,-141,142,-51,101,55,36,122,-20,119,-109,53,-156,-43
200,-224,8,-482,377,-340,471,9,317,338,-17,471,-370,334,-488,-15
70,-120,-36,-234,234,-253,261,-63,146,167,-12,272,-153,196,-202,5
-135,153,-20,309,-121,145,-246,-51,-252,-193,-33,-250,263,-189,366,2
-160,121,-133,339,-244,132,-240,-133,-154,-275,53,-254,278,-115,317,72
16,-226,-307,-249,14,-355,350,-268,419,27,208,369,-127,440,-379,161
167,-399,-256,-649,275,-571,653,-241,662,263,222,719,-423,703,-776,89
128,-175,3,-378,196,-215,278,-29,274,170,83,381,-256,321,-430,-63
13,68,135,76,-17,127,-166,66,-158,-27,-6,-93,85,-129,77,-88
-3,55,66,146,-38,81,-143,-7,-164,-50,-15,-111,166,-117,164,-18
25,3,49,25,85,9,17,-27,-64,-3,-50,32,51,36,61,9
-2,128,149,83,57,223,-126,131,-206,-76,-112,-154,51,-100,181,-60
-43,219,215,209,-91,369,-340,251,-341,-118,-131,-387,148,-334,321,-98
20,128,166,99,-98,172,-234,219,-221,41,-89,-258,89,-334,180,-94
76,16,131,-19,-26,-9,-61,121,-36,160,-57,-47,-52,-200,-5,-71
-66,87,85,182,-156,149,-225,90,-112,-59,2,-257,86,-221,177,63
-298,214,-102,488,-440,366,-507,21,-288,-450,100,-661,413,-318,530,289
-298,202,-229,439,-391,305,-385,4,-280,-434,48,-646,431,-287,560,294
25,162,71,96,79,226,31,241,-235,77,-356,-184,-91,-268,278,-176
349,284,672,-73,526,490,156,701,-401,526,-856,71,-651,-502,124,-796
351,440,924,104,450,816,-114,878,-614,458,-926,-148,-638,-730,249,-925
57,340,470,278,38,641,-325,482,-465,30,-425,-358,-147,-542,353,-427
-190,32,-194,185,-237,42,-168,-149,-28,-257,146,-205,253,-21,218,160
-154,-156,-387,-4,-155,-312,100,-369,228,-163,254,94,199,258,22,263
47,-65,-63,-95,105,-144,213,-42,96,113,-86,164,-106,81,-33,-16
187,81,275,-93,283,164,142,314,-133,279,-375,61,-314,-167,-1,-274
148,96,304,-71,239,218,49,309,-136,195,-292,18,-287,-152,-38,-253
38,5,147,-92,84,50,-3,93,41,60,5,79,-177,49,-165,-108
48,-119,14,-281,65,-163,125,-17,250,91,152,222,-202,233,-373,4
178,-305,-85,-611,262,-453,462,-24,455,310,144,479,-340,431,-619,77
251,-461,-211,-822,451,-716,777,-133,623,460,133,748,-441,636,-776,122
204,-376,-191,-627,421,-629,695,-209,518,394,63,731,-381,559,-610,13
144,-37,103,-168,276,-80,261,57,47,244,-203,304,-302,65,-155,-261
160,250,399,54,247,417,-56,454,-356,200,-464,-105,-269,-367,151,-463
136,111,259,-144,221,233,22,386,-201,175,-284,-79,-210,-197,-10,-243
-15,-255,-238,-386,10,-392,233,-176,382,40,300,247,-45,370,-380,222
-143,-334,-426,-259,-220,-535,179,-497,562,-124,564,335,63,528,-402,358
-45,63,40,167,-136,86,-139,-76,-5,-90,55,5,4,-12,26,-105
153,479,602,440,188,696,-356,500,-703,83,-586,-314,-100,-601,421,-628
206,435,603,353,328,543,-283,457,-721,185,-566,-202,-50,-544,361,-597
99,70,162,97,140,-52,-61,-7,-199,139,-80,85,87,-123,42,-192
14,-71,-28,14,-36,-171,-4,-111,42,86,83,82,75,-30,-50,12
22,86,140,121,-29,220,-118,169,-159,38,-140,-169,-11,-270,136,-101
-23,137,154,193,-21,293,-191,152,-222,-84,-126,-220,38,-225,201,-84
-111,-83,-179,39,-110,-179,-34,-275,135,-158,258,60,167,199,-52,181
-119,-233,-377,-98,-157,-469,131,-455,352,-110,420,228,187,381,-214,332
-85,-46,-170,74,-131,-63,-26,-109,30,-113,104,-98,163,9,92,177
-191,223,-12,401,-242,439,-346,129,-342,-332,-114,-560,279,-349,527,118
-337,126,-208,398,-368,299,-378,-108,-162,-516,149,-506,374,-113,462,314
-185,-181,-329,-98,-165,-214,46,-304,308,-240,371,59,106,334,-155,347
198,-266,10,-567,356,-340,455,33,373,361,69,501,-425,347,-631,-59
380,-63,394,-552,589,-11,410,493,35,610,-362,369,-639,-53,-510,-440
144,71,264,-188,229,160,92,348,-95,261,-277,30,-333,-183,-104,-290
-160,-57,-193,35,-208,-68,-40,-194,172,-183,168,-12,55,114,51,140
-177,-204,-380,-21,-261,-266,89,-451,389,-267,362,161,127,386,-77,328
-55,-165,-268,-62,-104,-190,159,-269,292,-132,206,152,51,321,-114,262
-78,-8,-194,57,-125,-48,38,-115,89,-155,67,-81,110,120,80,223
-158,39,-213,123,-181,-28,-62,-113,14,-196,72,-162,156,33,188,197
-2,-1,6,-53,36,-37,49,38,18,71,-60,28,-87,-47,12,-63
280,-28,366,-293,381,49,217,358,-33,472,-330,251,-450,-168,-249,-418
344,-14,403,-306,408,98,263,423,-43,498,-399,235,-507,-183,-264,-406
76,29,43,-53,75,78,121,130,-6,84,-183,9,-152,-29,19,-59
-205,129,-226,311,-228,153,-153,-140,-123,-366,6,-283,283,-5,401,176
-253,313,-36,580,-255,438,-468,-43,-454,-474,-61,-517,435,-273,634,38
-120,465,365,637,-116,728,-614,312,-701,-276,-286,-619,253,-593,615,-269
45,463,601,443,77,797,-489,565,-669,-21,-480,-508,-78,-660,434,-461
144,382,594,201,209,641,-267,615,-539,139,-523,-343,-234,-543,267,-457
124,290,429,140,163,455,-242,501,-487,111,-376,-350,-42,-453,261,-273
-14,230,186,249,-88,298,-360,285,-440,-80,-113,-499,296,-415,359,31
-156,122,-77,247,-256,165,-309,45,-212,-250,68,-459,360,-218,353,245
-147,-74,-253,14,-126,-19,59,-147,134,-219,82,-81,82,153,124,253
-37,-266,-375,-285,94,-298,454,-295,430,-43,101,389,-160,489,-219,173
26,-358,-453,-403,117,-578,548,-409,539,92,232,571,-134,582,-431,163
35,-273,-335,-319,24,-563,331,-324,412,140,284,425,-26,380,-397,127
98,-44,71,-165,106,-174,68,45,48,203,10,169,-97,9,-191,-112
183,162,486,-31,331,300,-66,413,-319,269,-352,-45,-248,-307,35,-370
131,202,466,78,309,414,-109,421,-390,159,-403,-160,-178,-346,175,-310
-51,103,43,172,-28,185,-134,59,-174,-118,-69,-212,117,-107,216,62
-206,29,-284,250,-340,-25,-176,-278,37,-368,238,-197,360,119,219,304
-202,62,-245,278,-361,37,-230,-286,-4,-419,254,-170,376,120,220,213
-134,107,-93,275,-250,155,-246,-134,-100,-300,108,-183,258,-12,202,54
-138,43,-116,188,-224,56,-184,-130,-27,-218,152,-158,211,-10,129,113
-174,-121,-253,61,-284,-215,-144,-325,179,-233,403,-37,298,174,-23,304
-193,-234,-319,-37,-309,-407,-155,-494,281,-266,630,90,429,332,-162,395
-174,-191,-294,-24,-274,-365,-184,-453,195,-266,606,56,471,302,-131,380
-169,-29,-256,127,-260,-143,-185,-270,31,-281,344,-130,384,128,73,287
-144,125,-112,262,-197,149,-216,-57,-159,-268,35,-284,272,-92,302,152
-43,193,150,252,-18,320,-244,141,-352,-137,-180,-312,193,-271,374,-67
112,171,359,88,217,318,-191,326,-429,107,-256,-198,45,-359,197,-241
153,117,304,-68,277,219,-12,358,-284,198,-266,-86,-128,-249,0,-231
2,113,45,43,76,181,19,154,-91,-38,-150,-107,-125,-11,22,-32
-201,163,-105,381,-232,254,-237,-148,-120,-388,55,-256,196,34,274,122
-222,195,1,533,-291,273,-483,-184,-318,-422,116,-368,460,-184,460,102
7,169,215,259,14,160,-306,111,-402,-3,-99,-267,264,-355,311,-97
244,77,288,-183,366,10,135,390,-232,406,-333,28,-192,-249,-56,-247
218,19,166,-247,334,-22,266,268,-27,307,-256,150,-300,-2,-198,-176
-39,20,-44,135,-81,56,-69,-92,-22,-127,54,-49,104,43,68,67
-261,48,-214,463,-429,53,-343,-327,-78,-385,233,-279,459,-73,388,255
-232,4,-261,337,-364,-94,-192,-327,16,-295,206,-193,358,-10,327,286
-72,-83,-224,-25,-47,-276,121,-258,200,-58,154,132,42,254,-76,182
100,-111,-6,-212,191,-248,182,-104,154,124,121,331,-86,292,-339,-30
271,13,345,-203,356,-2,78,208,-151,309,-131,245,-151,-26,-262,-328
412,177,642,-133,541,288,72,546,-415,511,-559,129,-341,-369,-57,-603
407,258,703,-66,624,412,147,642,-469,543,-769,97,-512,-424,51,-682
264,252,562,40,453,395,42,495,-396,349,-602,10,-399,-362,103,-534
148,214,398,86,197,327,-120,392,-346,188,-366,-166,-155,-365,149,-312
152,89,265,-59,132,172,-26,324,-191,193,-226,-119,-98,-258,28,-148
171,-90,92,-211,202,-85,212,61,87,183,-60,205,-153,121,-222,-26
49,-127,-76,-65,114,-214,181,-303,210,-9,161,380,-31,388,-260,19
-116,85,-45,332,-146,24,-218,-307,-86,-253,157,35,252,89,132,-40
-147,391,215,579,-279,510,-600,148,-556,-295,-136,-543,371,-507,615,-200
-23,460,443,455,-136,764,-597,550,-730,-155,-396,-746,231,-738,670,-263
93,274,433,143,113,565,-292,510,-511,11,-355,-424,7,-476,325,-232
143,55,277,-95,238,196,22,283,-159,167,-229,-9,-175,-167,-20,-218
126,-65,123,-203,183,-52,198,153,69,267,-189,174,-292,-54,-122,-189
44,-130,-113,-219,32,-175,275,-5,246,157,-71,179,-239,101,-127,16
-81,-194,-335,-108,-105,-268,234,-285,355,-94,198,176,-10,347,-140,277
-123,-142,-279,52,-110,-205,96,-373,246,-192,259,169,112,334,-100,226
5,72,112,127,38,75,-62,-33,-59,9,-66,77,-69,-35,27,-178
168,222,463,67,191,311,-124,378,-299,252,-363,-36,-265,-361,72,-477
134,162,379,39,190,260,-146,324,-281,186,-253,-65,-142,-305,48,-344
-32,35,19,114,26,45,-111,-49,-125,-56,35,-24,123,-62,71,-46
-106,-32,-193,148,-94,-95,-14,-229,32,-99,89,46,126,22,88,16
-11,-60,-114,-10,-79,-126,125,-84,143,95,-47,130,-116,-26,2,-87
143,-90,47,-205,69,-153,209,93,143,274,-107,193,-234,-43,-164,-132
217,-36,139,-186,232,-86,167,145,-48,282,-150,138,-103,-40,-131,-127
136,98,135,-2,241,70,65,153,-256,119,-241,-1,31,-97,91,-150
-52,117,-23,137,0,136,-38,40,-150,-94,-131,-126,51,-64,209,-50
-210,-31,-222,84,-337,-29,-105,-162,213,-228,228,-111,38,79,39,198
-125,-127,-126,-52,-305,-170,-73,-153,320,-41,285,37,-63,57,-178,131
221,13,333,-141,203,42,103,278,-17,436,-271,208,-430,-250,-191,-440
480,209,682,-188,661,358,316,685,-348,706,-856,278,-742,-436,-86,-875
336,177,433,-167,527,349,317,539,-250,404,-683,162,-558,-190,-23,-558
-1,2,-64,-100,55,65,105,79,28,-66,-48,-44,-42,111,-12,96
-84,-30,-108,-66,-133,-74,-93,7,28,-71,162,-164,153,-17,12,192
97,65,257,-109,61,72,-106,344,-133,279,-146,-115,-144,-371,-28,-223
157,64,364,-157,149,150,-23,416,-110,375,-262,-17,-345,-380,-108,-358
10,-62,14,-97,-22,-38,19,48,103,85,41,35,-119,-37,-123,-13
-13,-125,-163,-93,3,-254,133,-157,154,41,127,127,53,137,-104,125
246,-82,122,-289,418,-243,342,128,-13,439,-248,326,-236,-16,-198,-245
386,-40,365,-453,619,-98,423,415,-62,637,-448,384,-522,-99,-325,-445
125,-42,134,-237,204,6,156,187,35,175,-106,89,-213,36,-190,-54
-225,21,-196,245,-336,53,-282,-222,-3,-425,310,-300,399,93,205,391
-209,102,-136,458,-336,35,-373,-315,-171,-391,235,-276,532,-25,379,262
29,11,22,170,53,-145,-19,-209,-83,24,23,149,144,49,68,-57
13,-218,-243,-188,114,-384,328,-333,332,39,176,425,-78,434,-326,109
-269,-302,-673,-114,-274,-385,231,-559,549,-390,520,166,163,638,-220,576
-403,-53,-578,255,-532,-37,-177,-432,206,-626,442,-313,449,265,239,594
-213,226,-11,429,-337,333,-437,23,-274,-362,20,-493,334,-273,452,128
6,167,283,159,-26,298,-272,244,-257,5,-118,-238,-23,-307,147,-171
39,-171,7,-284,55,-116,134,29,255,119,129,167,-217,135,-330,41
28,-391,-276,-492,29,-425,396,-202,559,106,316,376,-199,448,-521,274
103,-226,-68,-327,124,-268,276,-53,265,177,91,263,-127,202,-288,84
170,132,355,26,197,182,-85,281,-286,216,-275,-52,-72,-289,94,-271
104,308,467,244,99,456,-314,409,-502,112,-373,-296,-28,-527,321,-384
33,190,253,124,-21,279,-189,273,-242,55,-223,-209,-61,-338,201,-229
81,-75,14,-190,33,-129,143,72,135,195,-58,123,-189,-21,-117,-83
118,-206,-81,-363,145,-387,333,-31,275,297,21,327,-199,151,-282,3
55,-137,-119,-220,100,-286,207,-74,148,138,43,188,-28,142,-141,54
-16,28,-69,48,11,-14,1,-23,-77,-45,-24,-52,96,-11,91,34
97,141,181,100,177,211,-20,180,-254,79,-243,-70,-36,-175,118,-193
336,163,504,-79,546,256,138,454,-380,445,-541,137,-344,-311,-49,-552
460,145,629,-232,752,218,275,572,-396,662,-696,305,-516,-338,-139,-761
380,120,520,-214,627,176,268,467,-312,556,-619,276,-462,-268,-90,-664
259,112,356,-109,367,185,177,371,-197,346,-461,129,-363,-201,-29,-417
187,134,340,-38,193,264,55,389,-159,264,-387,-49,-335,-259,10,-281
144,205,385,53,109,334,-69,440,-219,226,-380,-164,-286,-393,93,-304
52,241,335,248,-5,379,-250,273,-314,54,-254,-208,-80,-378,202,-294
-50,203,187,370,-101,328,-354,11,-292,-209,-25,-200,190,-172,234,-145
-69,81,54,208,-83,218,-222,-99,-125,-280,124,-103,206,101,96,77
31,-50,18,-155,113,51,108,21,97,-62,34,73,-90,232,-156,73
151,-94,81,-342,301,-62,314,134,157,224,-135,277,-367,173,-297,-135
152,-11,164,-133,288,-38,190,83,-4,249,-180,291,-278,21,-173,-307
17,62,105,155,70,55,-84,-56,-146,4,-46,60,64,-66,57,-151
-103,-32,-175,93,-157,-65,-91,-160,38,-184,195,-111,228,85,53,236
-168,-272,-495,-263,-260,-391,168,-257,451,-156,425,-11,119,351,-217,544
-189,-319,-528,-313,-259,-522,192,-353,547,-117,498,111,91,419,-302,519
-228,-27,-230,162,-299,-138,-209,-255,66,-259,310,-147,295,53,117,251
-190,334,171,569,-270,448,-587,98,-507,-321,-74,-554,394,-467,603,-63
5,352,373,353,-40,550,-405,428,-545,-43,-347,-498,87,-577,471,-266
210,76,331,-190,243,173,58,432,-158,325,-297,-14,-303,-271,-117,-306
173,-73,169,-270,239,-66,167,198,57,308,-96,200,-295,-35,-299,-200
-71,53,-4,142,-87,146,-113,21,-83,-96,-22,-140,48,-111,128,-1
-213,170,-127,378,-302,363,-250,21,-169,-356,-65,-438,177,-195,443,136
-93,76,-113,113,-131,224,-3,46,3,-209,-85,-177,-35,20,157,101
94,-40,0,-144,157,18,218,7,108,18,-58,193,-188,267,-209,-17
85,41,70,-23,176,102,74,24,-73,-28,-83,93,-31,142,-60,-62
-97,129,-31,216,-97,239,-176,52,-232,-203,-79,-312,231,-163,334,72
-253,60,-233,256,-370,122,-277,-69,-86,-325,117,-455,344,-189,402,296
-320,-53,-335,197,-511,-57,-306,-276,141,-422,419,-337,394,36,205,462
-332,-38,-315,249,-509,-1,-341,-331,143,-511,481,-295,418,148,147,452
-219,-13,-242,146,-337,66,-181,-176,105,-351,267,-213,212,94,97,284
54,-148,-102,-259,72,-171,250,19,241,159,6,200,-241,120,-274,9
358,-276,151,-633,553,-418,603,137,329,645,-146,669,-582,227,-691,-279
456,-158,380,-567,752,-241,547,266,71,684,-313,660,-572,159,-600,-433
334,51,360,-251,586,149,300,389,-234,374,-457,203,-324,-46,-144,-340
109,67,37,-102,199,182,181,254,-104,68,-282,-69,-153,-29,35,-48
-66,-118,-267,-145,-109,-167,170,-122,282,-76,163,70,-54,246,-168,216
-108,-168,-272,-92,-171,-319,72,-336,368,-115,362,211,28,366,-276,216
-23,6,-41,35,-30,-50,-30,-101,41,-50,94,65,20,91,-57,-17
50,142,122,64,61,210,-54,229,-217,74,-224,-151,-50,-241,129,-177
-43,42,-44,44,-98,58,-76,106,-81,8,-47,-175,56,-203,124,12
-231,-138,-383,81,-376,-280,-111,-368,223,-246,407,-85,336,149,56,394
-250,-218,-530,64,-359,-435,14,-562,332,-310,490,48,391,363,19,507
-12,-171,-318,-121,32,-308,286,-243,213,10,86,186,67,260,-89,212
178,-48,52,-185,291,-44,297,141,-5,270,-238,198,-239,-14,-157,-179
79,94,262,34,133,239,-100,223,-190,115,-161,-50,-126,-226,-14,-248
-40,173,293,181,-42,387,-346,206,-266,-127,-37,-260,41,-238,143,-115
135,131,372,-70,224,310,-61,352,-199,102,-212,-71,-200,-123,-24,-192
404,74,545,-353,595,179,294,523,-149,517,-491,282,-575,-81,-320,-480
359,167,593,-119,491,253,71,453,-289,456,-447,213,-418,-242,-188,-588
21,313,402,422,-15,459,-464,200,-520,-90,-185,-296,175,-416,323,-317
-174,347,165,587,-219,517,-581,89,-552,-399,-62,-573,445,-374,588,-13
-37,223,129,279,30,339,-199,132,-338,-183,-166,-279,159,-147,314,-32
160,55,231,-35,295,98,116,126,-114,160,-217,162,-205,12,-83,-224
184,-46,248,-179,291,-76,147,86,13,305,-114,316,-253,3,-257,-296
191,-149,155,-385,271,-256,205,134,96,406,-42,305,-233,-19,-330,-218
257,-202,91,-593,346,-336,372,225,186,489,-81,340,-327,58,-418,-156
219,-169,58,-488,267,-250,371,147,246,356,-71,345,-353,178,-401,-100
111,-109,-14,-257,91,-113,252,11,266,113,-2,272,-274,258,-287,-25
183,-133,9,-375,230,-138,387,100,260,252,-119,323,-370,235,-354,-70
460,-139,252,-672,664,-202,664,473,130,717,-470,462,-678,53,-513,-334
546,-7,495,-583,779,-8,575,687,-117,838,-679,382,-743,-187,-403,-569
256,128,416,-114,338,240,114,425,-187,354,-451,82,-409,-249,-48,-431
-51,14,27,86,-112,114,-44,-22,74,-101,-4,-16,-84,28,29,-5
-85,-228,-275,-190,-122,-276,209,-247,416,-83,246,188,-72,352,-218,278
-12,-263,-286,-299,9,-391,303,-221,393,43,212,255,-61,368,-269,280
-87,-43,-161,42,-121,-115,-37,-152,62,-111,150,-44,164,74,37,180
-145,116,-10,293,-237,150,-314,-54,-168,-211,96,-284,248,-174,236,80
30,148,263,100,17,219,-221,263,-232,87,-141,-222,-43,-340,122,-159
238,251,624,-17,309,407,-138,649,-442,399,-522,-191,-318,-592,125,-505
177,428,688,252,225,701,-354,718,-707,235,-653,-424,-181,-788,437,-600
-22,338,318,391,-36,540,-390,341,-525,-99,-326,-447,102,-508,484,-259
-16,-70,-109,-66,7,-148,68,-109,89,-22,109,75,66,135,-74,117
177,-312,-101,-518,283,-553,434,-146,390,316,179,509,-180,426,-530,113
217,-71,232,-287,328,-130,171,158,-19,318,-108,228,-175,34,-235,-170
47,285,375,249,106,488,-298,374,-518,-7,-342,-353,54,-446,368,-294
-52,230,124,269,-15,404,-220,224,-384,-119,-261,-364,109,-341,399,-114
19,-110,-162,-159,135,-209,286,-65,143,127,-71,179,-131,126,-103,36
177,-218,-58,-398,363,-413,500,-59,297,387,-90,505,-363,275,-391,-109
268,-23,277,-312,488,-52,323,251,-15,429,-307,355,-443,28,-298,-361
267,51,376,-292,487,153,202,423,-141,365,-346,172,-417,-87,-243,-380
147,-112,49,-367,257,-130,263,151,141,237,-38,217,-264,136,-329,-53
-46,-255,-339,-199,-93,-405,215,-302,361,-29,297,222,71,334,-229,270
-135,-120,-353,128,-219,-263,10,-407,157,-202,265,87,297,206,47,234
42,55,54,132,81,1,-29,-54,-160,29,-105,64,92,-74,136,-130
293,78,458,-198,443,41,128,352,-235,477,-408,208,-314,-255,-73,-477
334,73,534,-285,438,22,126,475,-191,599,-440,203,-430,-348,-122,-557
125,165,367,44,117,177,-149,304,-260,241,-269,-64,-139,-382,112,-374
-81,201,116,341,-141,253,-337,7,-291,-195,-12,-250,221,-213,296,-83
-192,43,-193,285,-246,11,-248,-294,-46,-364,275,-162,392,128,168,253
-242,-165,-478,88,-326,-280,-13,-479,278,-367,432,-18,345,343,15,492
-260,-164,-531,84,-377,-210,72,-367,322,-313,284,-83,203,215,97,450
-210,-10,-324,189,-265,73,27,-109,99,-221,-4,-204,58,-54,240,201
-108,36,-97,176,-123,142,-57,-13,-42,-94,-68,-141,20,-152,189,12
-13,-24,-7,48,-69,-65,-71,-59,-2,28,71,11,70,-76,-5,-40
95,-33,59,-80,53,-130,6,24,-22,166,19,90,12,-64,-121,-106
211,62,178,-125,292,60,157,254,-162,271,-274,105,-171,-122,-84,-277
166,110,155,-35,303,225,168,248,-212,134,-359,48,-160,-81,47,-241
-101,73,-74,232,-93,186,-103,-100,-124,-247,-23,-144,197,9,263,94
-298,108,-165,471,-448,177,-442,-265,-139,-499,247,-402,494,-88,446,280
-164,215,123,387,-241,316,-465,71,-317,-238,22,-419,280,-346,371,-13
175,192,447,-26,304,304,-87,440,-336,265,-351,-64,-250,-355,2,-417
321,-39,332,-413,556,29,368,380,-14,488,-351,343,-540,-12,-390,-399
226,-214,-36,-474,386,-211,542,72,289,310,-129,443,-417,314,-457,-72
92,-170,-161,-271,191,-167,386,-59,251,93,-37,291,-207,307,-246,76
47,-92,-31,-141,138,-126,194,-75,142,61,-1,221,-132,192,-143,-1
76,-247,-33,-356,137,-377,238,-177,348,185,202,414,-184,316,-415,31
169,-451,-143,-689,217,-621,513,-162,632,354,306,625,-343,509,-760,143
266,-328,-47,-710,361,-386,577,132,429,442,6,471,-456,332,-653,53
171,46,158,-178,241,142,172,349,-108,210,-291,-36,-220,-124,-48,-117
-172,246,74,478,-259,377,-435,52,-376,-299,-67,-489,340,-361,509,34
-376,144,-193,629,-611,198,-632,-317,-203,-578,347,-533,633,-208,543,326
-162,9,-102,205,-256,49,-257,-138,-36,-238,225,-224,277,-44,122,225
219,-8,234,-273,370,48,197,308,-68,304,-221,130,-279,-38,-237,-182
279,-98,216,-418,474,-165,353,199,59,411,-188,388,-354,117,-381,-253
79,-327,-239,-392,165,-607,421,-373,447,166,276,584,-88,526,-457,116
23,-383,-415,-352,102,-700,505,-536,551,98,313,620,-29,654,-428,258
127,-83,-44,-116,279,-186,342,-94,82,166,-160,308,-148,200,-87,-48
18,221,215,350,47,287,-205,112,-386,-32,-266,-209,119,-306,387,-175
-292,143,-66,587,-511,139,-625,-280,-244,-416,290,-438,598,-287,504,199
-314,-103,-301,323,-561,-236,-429,-513,123,-396,591,-185,596,39,170,404
44,-71,35,-87,51,-135,43,-61,59,85,60,145,0,62,-115,-28
291,167,459,-137,464,298,176,478,-281,372,-555,116,-408,-240,-8,-520
149,195,326,22,201,370,-15,408,-295,154,-433,-120,-214,-298,166,-343
-69,-30,-65,-21,-149,31,-91,31,47,-72,75,-149,58,-72,63,113
-20,-116,-56,-177,-40,-132,26,36,118,84,109,-22,-13,-43,-92,97
127,108,276,-88,203,148,-11,368,-223,285,-304,-82,-186,-348,71,-298
90,292,352,183,111,426,-203,459,-483,168,-465,-311,-84,-579,363,-405
-49,193,96,232,-132,310,-230,220,-287,-73,-196,-366,101,-378,349,-86
-66,-14,-102,9,-140,2,-33,-9,50,-95,84,-142,89,21,50,185
-1,-74,-74,-113,-11,-129,80,-82,152,-42,124,72,9,213,-117,170
-9,12,-24,2,-6,-39,13,-56,21,-74,44,21,45,114,-3,49
-6,132,55,135,-23,133,-109,91,-195,-40,-120,-148,81,-139,203,-81
80,218,288,154,99,296,-181,318,-393,120,-327,-225,0,-424,271,-282
128,226,432,170,159,289,-232,337,-425,192,-308,-166,-37,-449,200,-381
13,85,165,142,26,48,-170,-4,-156,19,19,-1,66,-89,18,-115
-121,-147,-279,-41,-109,-253,69,-327,251,-173,325,128,130,337,-152,296
-118,-228,-373,-207,-79,-315,225,-273,346,-138,278,114,67,378,-162,394
-43,-98,-105,-134,-5,-126,66,-22,88,8,62,-16,37,35,14,136
2,40,97,50,-15,-13,-140,41,-133,65,-11,-72,95,-184,120,-89
26,7,5,25,24,-106,-22,-45,-52,77,11,60,60,-50,-4,-65
45,-93,-131,-125,91,-168,232,-75,134,61,-19,157,-67,175,-117,69
-18,-104,-165,-109,8,-125,197,-112,173,-47,21,72,-29,216,-39,193
-94,-59,-132,62,-130,-92,-38,-215,98,-183,178,0,158,179,48,224
-38,-33,-12,88,-36,-92,-115,-196,-6,-102,193,47,180,121,-29,81
73,65,188,64,123,38,-98,60,-186,86,-49,9,60,-124,8,-137
-27,201,201,276,-76,276,-312,204,-360,-21,-174,-344,157,-436,360,-138
-295,212,-118,533,-506,277,-525,-51,-282,-405,60,-604,456,-393,632,188
-326,35,-436,369,-510,-16,-230,-354,65,-479,264,-339,426,64,386,420
-46,-107,-327,-59,-8,-202,274,-224,225,-92,45,139,19,321,-27,228
136,-19,36,-136,219,-30,245,108,-21,193,-238,133,-169,-9,-17,-126
-53,133,117,256,-182,184,-284,108,-241,-9,-103,-280,143,-413,316,-120
-295,66,-193,449,-563,39,-453,-262,-34,-331,300,-340,395,-228,321,180
-295,-155,-468,178,-434,-242,-67,-537,354,-384,474,24,256,329,-21,412
-264,-184,-456,47,-272,-209,51,-478,380,-412,428,59,190,480,-85,477
-350,24,-281,291,-491,144,-407,-234,15,-566,413,-458,464,59,265,493
-287,162,-87,357,-568,296,-598,52,-181,-449,286,-688,458,-300,374,336
79,0,73,-194,-19,-5,34,255,75,173,-47,-79,-193,-99,-176,-15
359,-230,106,-702,515,-360,691,244,384,614,-244,601,-703,276,-645,-243
147,-147,14,-372,285,-235,353,36,211,255,-65,356,-299,209,-328,-98
-215,235,30,412,-263,317,-510,5,-384,-363,91,-493,452,-281,443,78
-126,482,341,631,-200,696,-720,355,-764,-303,-230,-764,417,-680,698,-177
224,335,575,129,304,496,-155,570,-524,267,-541,-218,-228,-503,211,-489
260,-51,275,-279,327,-77,258,196,84,405,-205,306,-392,26,-323,-249
-93,-262,-321,-127,-221,-433,83,-412,434,-94,477,222,110,374,-331,350
-288,-174,-543,168,-505,-352,-142,-552,307,-405,604,-71,485,300,-31,554
-127,-19,-267,164,-207,-129,-60,-233,30,-188,164,-97,282,55,133,231
23,15,-38,62,16,-46,19,-20,-101,21,-67,-26,118,-59,120,12
-122,28,-119,211,-197,-1,-228,-157,-114,-225,174,-203,367,-49,209,198
-311,96,-238,437,-447,130,-458,-262,-151,-506,340,-439,562,-64,363,374
-245,69,-221,299,-322,90,-237,-182,-20,-338,192,-279,273,-20,235,243
-74,-183,-266,-153,-55,-314,240,-223,362,26,152,212,-141,253,-209,157
-50,-396,-436,-400,-70,-681,406,-457,669,85,431,501,-125,563,-513,322
-173,-307,-456,-153,-297,-555,98,-554,523,-189,604,257,202,505,-305,432
-274,-37,-255,240,-488,-95,-297,-374,159,-376,414,-161,347,102,159,297
-238,15,-143,254,-489,47,-302,-185,126,-275,222,-236,183,-97,236,159
-123,-181,-246,-140,-314,-232,45,-180,406,-51,277,59,-55,129,-168,209
-17,-272,-261,-349,-77,-353,242,-174,452,47,304,242,-105,343,-412,231
-13,-36,-42,-40,-17,-35,-34,-79,48,-86,160,26,94,140,-114,96
-132,192,137,395,-196,263,-460,-57,-319,-294,109,-302,374,-183,310,19
-161,156,68,388,-276,168,-471,-97,-248,-283,190,-329,397,-185,287,100
11,13,33,-39,58,1,-52,48,-61,-11,65,-66,70,18,-61,67
246,25,248,-316,500,127,269,395,-149,288,-313,96,-311,-19,-210,-198
245,133,380,-172,452,312,133,474,-292,289,-452,16,-330,-200,-40,-363
5,41,91,48,-51,103,-92,46,-43,-20,-20,-43,-6,-77,57,-67
-217,-230,-447,30,-440,-361,9,-517,473,-288,503,103,225,379,-112,438
-230,-370,-680,-159,-369,-557,288,-616,682,-270,532,254,130,613,-252,596
-61,-268,-399,-293,-66,-309,384,-195,452,-9,140,197,-140,338,-198,304
141,-118,56,-373,180,-63,295,268,153,311,-191,107,-364,-62,-187,-81
258,-90,251,-439,281,-45,279,379,121,455,-224,197,-471,-87,-337,-234
190,-118,89,-320,217,-86,321,120,232,259,-95,310,-382,186,-377,-109
-34,-60,-152,5,-2,39,203,-155,205,-137,16,163,-135,294,-99,87
-176,15,-203,217,-163,177,-24,-162,46,-317,14,-108,72,112,192,148
-104,41,-49,129,-131,150,-89,2,-32,-138,-15,-163,52,-83,174,62
22,7,90,19,-53,31,-93,46,-9,15,36,-49,17,-76,-20,-11
-13,63,162,195,-125,102,-297,-55,-128,-105,147,-71,203,-69,38,-40
-31,285,404,479,-125,405,-617,64,-499,-207,22,-287,354,-357,324,-264
99,479,753,496,143,690,-657,446,-849,25,-396,-383,161,-737,495,-651
191,420,727,298,288,597,-377,568,-736,266,-589,-257,-112,-731,402,-725
-49,129,66,227,-95,123,-153,23,-157,-31,-111,-118,60,-207,233,-137
-374,-151,-660,276,-624,-351,-111,-671,386,-515,560,-79,486,354,144,582
-372,-234,-737,198,-574,-454,-22,-759,441,-525,626,-12,532,496,85,691
-103,-154,-361,-26,-138,-276,159,-326,245,-151,194,111,167,295,15,301
-80,-118,-248,-49,-87,-131,144,-167,200,-109,86,64,14,200,-12,204
-299,-143,-486,109,-466,-160,-89,-397,329,-424,447,-135,271,279,26,488
-280,-120,-441,76,-432,-211,-104,-379,308,-371,448,-95,274,276,-12,428
113,-86,-13,-244,216,-198,303,21,142,226,-135,270,-242,122,-160,-119
304,-115,172,-384,499,-174,537,166,118,491,-404,489,-507,75,-245,-354
-75,-169,-221,-36,-132,-213,102,-266,257,-77,187,151,47,203,-77,157
-507,-129,-623,376,-869,-221,-494,-702,303,-761,872,-341,757,288,157,744
-437,-77,-516,305,-715,-175,-458,-535,214,-644,752,-349,669,236,127,654
-7,1,2,4,-1,0,1,1,0,4,-8,-1,-6,-1,3,-3
-4,-2,-9,-6,-1,3,-8,3,-2,-1,-5,-2,11,6,1,0
2,-5,1,3,-1,-3,5,3,5,4,-4,0,-4,2,6,-4
-1,3,0,-3,-1,4,-2,5,-9,-1,4,4,3,0,-4,1
-2,5,2,-10,8,6,-5,-4,-2,0,1,1,1,1,3,6
-4,2,2,1,2,-2,4,-1,2,-2,-1,-4,3,6,4,7
4,-1,-12,5,-9,-3,-12,-3,-4,0,5,-3,-1,-3,-4,-4
1,-4,2,0,1,-2,0,-4,-1,10,0,4,5,0,9,-2
2,3,1,-2,-3,-2,8,-1,-1,3,-9,3,9,1,-3,7
-3,7,-2,-2,4,-4,-8,1,0,6,1,1,-3,-2,-1,-1
-4,5,3,1,8,2,0,0,1,-5,-4,5,2,-1,-3,-3
-6,-7,0,-3,2,-1,-3,-5,4,-2,-3,6,5,3,-1,-1
0,-7,1,1,0,2,5,-10,1,0,7,6,-12,0,-2,-2
6,2,1,3,-2,5,3,-1,0,0,2,-1,0,0,6,-4
1,0,0,1,6,8,2,3,3,-2,-2,4,11,-1,-7,1
8,5,1,-3,-3,1,3,0,6,-2,3,5,0,-2,0,-9
3,2,-1,10,-6,5,-6,0,0,1,-5,-6,2,-2,-2,-7
-5,-8,1,6,2,-9,3,-1,-4,0,-5,-4,4,1,1,-2
-6,6,1,2,-3,-2,9,-3,-1,-3,-1,-3,-5,6,3,-8
-1,1,-1,-5,4,-5,-4,0,7,-3,6,11,6,-5,3,-3
4,1,-4,6,2,-3,-1,-2,2,0,3,5,0,-5,-1,1
-2,2,-2,-5,1,-4,2,5,-3,7,-2,-7,5,-4,-2,0
1,-4,1,-2,-1,-8,-1,-3,9,-2,-3,2,-6,3,2,9
4,3,-1,-4,-4,2,-1,2,-4,4,5,1,5,3,1,-2
0,-3,0,-3,-5,-8,-9,8,-2,1,-2,5,-1,3,-1,-3
-1,9,-7,3,7,0,-1,-2,-8,3,-3,-5,-10,-1,1,-2
2,-6,4,2,-2,5,-1,7,0,3,0,-2,-4,0,-5,4
-1,-5,-6,1,-2,-3,1,2,0,5,-5,-6,-1,-3,-2,-7
-1,-4,2,3,-1,2,-7,-4,-4,-4,8,4,-9,2,-1,0
-7,3,-3,-3,-6,-5,-1,-2,2,2,-2,-1,-2,2,-3,-1
1,1,-11,-7,-1,7,-4,4,-3,7,-3,2,7,-1,-3,5
-2,6,1,4,-4,5,3,-1,-1,-4,-7,1,-1,-1,5,-4
3,-1,2,9,5,2,-1,-4,-2,2,5,2,1,0,1,-3
0,1,0,-1,3,0,-3,-4,3,2,3,1,1,-5,0,-2
9,1,-6,-4,-4,3,-1,0,1,5,0,5,-8,-4,-4,-6
4,6,2,7,-1,-3,-3,-3,-4,-11,-1,1,4,2,1,-3
3,0,1,-4,10,1,1,-1,2,0,-3,5,0,8,-1,10
-5,2,1,2,3,2,3,-2,-1,1,-3,4,1,3,-1,-4
7,-4,-5,-2,3,2,2,-6,4,0,1,8,-6,5,-5,-6
6,-2,1,3,-6,-12,-8,1,10,-7,2,4,2,-5,2,0
4,-2,3,1,7,2,0,-5,1,4,-3,1,-5,-3,-1,7
-1,8,-1,0,2,0,-1,3,1,1,0,-1,7,-5,2,2
-1,-5,-3,2,5,1,0,-4,2,0,0,0,1,2,1,-4
3,-3,-4,-1,0,0,1,5,-4,1,0,-6,-7,-2,-5,-9
0,-2,2,-2,-2,-1,-2,2,-4,2,1,-1,3,-3,-4,-1
-4,2,1,3,0,-2,2,-5,-4,0,-9,0,6,6,1,1
2,2,-6,6,2,3,-1,3,1,-3,-5,-1,-1,-9,4,-5
-1,3,-1,3,4,5,2,-2,-4,-1,3,1,-1,-7,0,3
9,3,3,-7,4,2,0,-1,3,-5,1,-1,-4,1,0,-1
-1,2,-2,2,2,8,5,0,3,-7,0,1,-1,4,9,-1
1,-7,-3,-3,2,-2,3,0,2,1,-7,-4,0,-5,2,-9
-3,-4,-10,0,1,-2,-1,5,1,0,6,0,-1,-2,-4,2
-4,-7,11,2,-3,2,-2,5,1,-5,3,1,4,-3,-5,2
-3,0,1,-2,-2,-4,-4,-6,3,-1,-2,3,0,-3,10,6
-2,0,-2,1,4,2,-2,2,-3,0,2,0,-2,3,-1,-2
2,5,2,3,6,4,-2,-7,-4,1,4,0,5,4,2,-4
3,-1,7,0,7,-1,1,1,8,0,-4,-5,1,7,3,1
8,-3,2,-1,2,5,-3,-1,11,3,-2,-1,0,-5,8,1
3,-5,4,-4,9,-2,3,-1,-8,8,-7,2,0,2,6,5
-1,-2,-6,2,3,6,4,-2,-2,-5,3,3,3,-2,1,1
-5,2,-2,-7,1,-3,-4,-4,3,2,9,0,4,-9,5,0
4,2,2,4,1,4,4,-4,-16,-6,-6,4,-3,-3,2,3
-3,0,-1,1,1,-3,-1,-3,-3,4,0,8,2,5,-2,-5
-2,-3,2,0,-2,2,-2,-9,4,-1,-8,-4,0,2,-5,-2
6,-8,3,0,-4,-1,-2,5,2,-4,-2,-5,5,-1,-1,2
0,-1,2,2,2,-7,4,-2,2,-6,3,-4,3,1,0,0
-4,4,0,-5,-3,-2,6,-3,-3,4,4,7,-5,8,-1,1
-6,-6,-3,0,-4,6,0,-2,6,1,0,-2,-2,-3,-1,2
2,-8,3,-2,-7,-6,3,1,5,-3,2,9,-1,5,2,1
-4,0,-2,-2,-4,7,5,-6,4,2,-1,0,-3,2,0,5
-6,5,1,4,-2,-1,-3,-1,3,0,3,-2,-2,-6,0,-7
9,4,4,0,2,-5,-1,2,-2,-1,-3,-10,4,-3,-8,-2
3,6,-1,-3,3,-2,2,2,-2,5,4,-8,0,-8,2,-5
6,-1,3,1,0,4,1,-1,-3,4,2,-2,-2,-2,-4,3
7,3,11,6,-7,2,-2,-2,-3,7,-1,12,2,-3,4,-2
-5,2,0,-3,3,4,1,1,1,-4,-1,1,7,-3,3,2
2,-3,-4,1,1,5,4,5,-6,5,-7,2,-6,1,4,-2
6,5,4,4,-3,0,4,2,-2,-5,-6,2,0,-4,6,4
3,-4,1,7,-3,0,0,-1,3,1,-3,-3,1,11,1,2
2,2,1,3,3,1,3,5,4,-8,-3,-4,-6,8,-8,6
3,5,0,8,3,0,4,7,1,-5,7,-3,1,-10,9,3
3,2,-2,-8,0,0,6,2,0,6,1,-1,-3,2,-2,1
-1,2,-6,1,-2,2,0,-1,4,-4,-2,-3,-6,3,0,-2
-2,6,3,1,1,-1,-9,4,2,0,1,-8,-2,10,-3,1
-4,5,5,4,-2,1,6,-10,-4,4,3,1,2,-1,-1,1
2,2,-2,4,-3,1,6,-5,-1,-2,1,8,5,2,-5,-4
2,3,-5,2,-1,1,0,1,0,6,2,1,-5,2,-2,-2
1,0,-5,-2,10,5,1,2,-5,3,0,5,-3,5,0,1
-2,3,-11,4,3,0,-2,-3,-5,-6,3,2,-6,4,-3,2
2,7,10,4,4,-1,7,8,3,2,-7,2,-2,6,-3,-4
7,4,-5,-6,8,-5,-6,3,-4,-2,-1,7,3,4,7,4
1,-3,2,-3,1,-1,2,0,5,2,-2,2,-2,6,5,-1
-6,6,-5,-4,0,-7,4,0,7,3,0,3,-2,-4,2,4
1,-4,0,-4,-7,-5,7,1,7,-3,6,-2,0,-3,-1,2
1,-6,6,-5,-2,-3,4,-4,-4,5,5,1,3,-8,1,-1
3,-1,-2,-4,0,-3,-4,-1,3,4,-1,-1,0,2,1,1
-8,-5,5,-5,-3,1,1,-1,2,2,0,0,1,-7,0,-2
-2,-1,-4,-2,4,5,6,3,4,-3,0,2,-4,-5,7,2
-4,6,-5,-5,5,0,1,1,-7,-4,-4,1,8,-2,0,-3
4,-3,-10,1,-3,6,-4,-4,-3,4,0,1,-1,5,-2,0
-2,-2,0,-1,8,4,3,6,-4,-3,6,1,-4,-3,-2,3
0,-5,-2,2,2,-3,-2,-3,3,-1,-4,3,-7,5,0,-3
6,-3,-3,-1,2,1,-1,1,-5,-6,6,-3,-4,3,-5,2
0,0,-1,1,0,2,-4,1,5,2,0,2,7,-4,-5,2
-2,0,0,-5,-4,2,7,4,4,-7,5,0,0,7,-1,-1
-4,6,-3,2,0,-2,0,1,1,0,0,1,-4,1,0,-1
-2,6,3,-6,-2,0,1,8,5,1,-3,-3,3,1,3,6
3,7,-2,-1,-6,3,0,4,-4,3,5,-1,-5,0,5,-2
0,-2,0,-4,0,0,-5,-5,3,0,0,-8,1,-1,-2,-2
-1,4,3,-1,-1,-6,3,3,2,5,-2,2,-1,5,-2,-3
2,-1,-2,2,-5,1,0,-3,5,4,-5,-7,-11,6,-4,6
-2,-2,-2,5,2,-1,-3,-8,-9,0,2,5,7,0,-7,-3
4,2,0,3,1,4,-6,2,-1,0,-8,-2,1,-3,-2,-2
6,-2,-5,1,9,-1,6,2,0,-1,2,4,2,1,4,-6
4,-8,0,0,2,-4,3,-3,0,3,-2,-6,3,0,1,-8
9,-5,4,-4,3,-2,-6,2,-1,-6,-3,-9,4,3,-6,-3
-3,-1,-1,-2,2,-14,-1,5,7,-1,-3,3,5,4,-4,-11
2,-9,10,2,2,0,2,8,-5,-3,1,0,-2,-4,-5,-7
1,1,1,-1,-1,-5,5,1,3,10,2,-4,1,0,5,-6
2,4,1,-4,-4,5,1,5,0,-3,5,-5,-1,4,5,1
4,2,0,0,-5,11,1,4,-2,-3,1,-5,3,0,-1,2
3,1,5,-6,-4,-2,-5,-3,-3,-2,-5,5,6,2,3,1
-4,-4,5,3,0,9,-1,-6,1,5,0,-4,-1,-2,1,1
2,-10,3,-3,4,-11,4,5,1,-6,-1,0,2,-9,-2,6
-6,3,6,1,-6,-5,5,1,-2,-5,-4,-3,-2,2,-3,4
-1,1,5,-6,-3,6,2,2,-3,-2,-6,-1,4,-2,1,-2
1,-1,-6,-1,2,-3,-1,2,4,1,-5,2,0,-3,-2,-3
1,-10,-2,-5,2,3,1,4,-7,3,-5,6,-1,2,-1,4
-1,-4,2,0,-3,-2,-2,2,-5,2,0,3,1,1,0,2
-3,-6,-1,-5,-5,0,0,2,-5,4,1,0,3,7,5,2
-2,6,3,6,-8,-1,3,-5,-1,3,-2,-1,1,-2,7,-5
2,3,0,-8,-10,-2,3,-3,-1,1,-2,6,-2,-3,0,0
1,-1,1,-7,-2,1,-1,-5,-2,3,1,4,0,0,-6,-1
3,-3,-2,1,-6,0,-3,-1,6,-2,6,0,-2,-4,0,-6
-2,5,-4,2,0,-7,3,2,-11,-3,3,-3,3,-4,6,-11
4,3,3,0,-4,4,0,5,-3,6,-7,-4,-3,-5,5,3
1,9,0,-2,-1,2,0,1,4,2,-4,4,0,-7,1,-1
-2,0,0,2,0,-7,-2,3,-2,-2,2,5,4,-1,2,6
4,0,4,5,-2,6,-4,2,4,0,3,-7,-1,1,-3,-1
2,0,2,-1,-2,-2,6,-3,0,-3,-3,8,-5,0,1,-7
-2,2,0,-5,-6,-1,-2,-3,1,5,-11,6,0,0,-4,2
-3,3,6,-2,-4,-7,2,0,0,2,-2,-5,2,0,1,0
-1,4,-1,3,-2,-4,5,-3,-2,4,-2,1,1,1,-5,4
4,-4,-4,-3,3,0,-5,-9,-4,3,4,5,-1,3,1,2
-6,-3,-1,-1,-3,4,1,3,0,-5,-3,-7,-6,6,5,0
0,-6,-6,1,-1,1,0,6,5,8,2,-9,1,10,-3,3
-6,1,-8,4,-4,8,0,-10,0,-3,1,4,-5,3,-7,0
-6,0,-1,-5,1,0,-5,0,1,2,7,1,2,-3,4,-1
1,1,-3,2,2,1,-2,-1,0,5,3,1,-2,0,1,6
-2,3,7,0,7,-9,-2,1,5,-2,1,7,-8,2,0,4
-4,1,0,4,8,5,-2,3,1,3,4,-10,-6,6,4,-1
-5,-7,0,0,2,0,4,-2,-10,-2,-2,3,0,2,2,-1
5,3,-2,5,-2,-1,1,-4,0,-4,7,-8,7,-6,8,10
-4,8,-1,2,-7,6,-4,-5,1,-7,-2,2,-7,-6,-4,2
5,0,-4,1,-5,-2,-1,3,-2,3,-3,4,6,5,2,1
-2,-2,-4,9,3,8,2,2,2,-3,-3,8,-1,-1,-2,-1
2,1,0,2,-1,5,-3,6,4,-3,3,2,-6,2,1,-7
0,-6,3,-1,2,-3,-6,1,-6,1,1,3,1,4,-4,0
-3,-3,5,0,2,3,-4,3,9,-6,0,-2,4,-6,3,8
1,3,3,-3,4,-4,-8,-5,0,3,3,-6,-9,2,-2,-1
-2,-2,-5,-3,-2,2,-4,-10,8,4,-2,0,-1,0,0,-9
-6,2,0,4,-6,2,-1,1,-5,4,0,-6,0,9,2,3
-2,1,-7,-2,-5,0,3,3,4,-3,1,-7,-3,5,5,3
-1,-8,1,-4,-2,0,3,2,-5,5,-1,0,0,1,5,1
-3,3,-5,6,-9,1,-4,2,3,3,-6,-5,1,1,3,1
2,2,1,0,1,3,-1,-2,-1,-2,4,4,2,1,2,-1
-3,5,-2,2,-2,1,-1,2,0,-1,8,4,6,-3,-1,1
-2,7,7,2,-1,-4,-3,0,6,-1,0,2,5,-2,3,-7
-4,2,-5,0,-6,-4,0,-1,-2,-3,4,-9,7,6,7,-2
2,0,0,-2,3,0,1,1,-2,4,0,1,-1,-2,-1,10
-1,-4,-1,-2,-5,1,-4,-2,1,6,-3,0,-6,6,6,-1
0,-2,1,-1,5,4,0,-3,5,-4,-5,-4,3,-2,-3,1
-1,8,-3,-2,1,-2,5,0,5,-5,-3,2,1,-2,3,3
3,2,-10,-3,8,2,0,5,6,-6,6,-5,1,-8,4,-2
-2,1,0,1,-1,-4,7,0,0,1,-5,5,12,-2,2,11
11,-2,10,-1,1,5,1,-2,3,-1,-1,6,-3,1,-6,3
0,-8,2,3,3,3,-2,2,6,8,0,1,1,10,1,0
-1,4,-6,5,0,-1,-4,1,0,-6,-10,-1,1,6,6,-3
2,2,2,6,2,0,5,-1,0,-6,-4,1,0,4,1,-4
-2,3,0,-2,-2,-2,-3,-5,2,-1,-8,-6,2,1,-4,1
-2,-1,2,4,1,0,-6,-2,4,-1,11,3,-3,5,3,1
3,1,1,-2,-4,0,0,-5,7,12,2,-7,-3,-8,5,6
0,7,-1,-1,-1,-1,-2,-1,8,2,-7,7,3,2,2,3
1,0,2,2,-5,-3,5,-1,-2,6,-2,1,3,-7,-6,-2
3,-3,1,2,1,-2,-2,2,1,4,-2,0,0,-2,2,7
6,4,-2,6,7,-7,-4,-4,-1,-1,4,2,7,-2,2,3
-8,-4,-5,-7,-1,-2,-2,0,1,6,-3,-3,2,-7,-2,3
3,2,2,-2,4,10,-1,-2,-2,-2,-5,-6,-5,-1,4,4
0,1,-2,0,-2,-2,-1,3,-4,-9,-2,-2,-2,0,5,-2
-1,6,3,0,6,-1,-5,-4,4,-1,-3,7,8,-1,0,1
4,6,-1,-4,-4,-1,3,-2,-5,-6,-2,0,-1,-5,-2,3
4,0,4,6,-7,5,-4,-7,5,2,2,-3,2,-7,-2,6
0,2,-4,-1,2,3,-1,0,-2,-1,-9,2,-6,4,2,6
-3,4,5,0,-2,-6,-5,-4,1,3,1,-2,-5,-4,-4,-5
2,-4,-3,-6,-3,-11,3,3,-1,-1,-4,-5,0,-1,-1,2
3,1,-5,2,4,5,10,-1,-2,-4,-1,0,-4,2,1,1
5,3,-3,-1,-8,1,3,1,-6,8,1,6,-4,3,0,3
5,-7,2,-2,2,3,8,1,0,5,-6,1,-7,-2,-4,-1
1,-2,6,6,-7,-1,1,6,-2,3,-2,-7,-1,-3,2,4
-2,1,-1,-3,-1,-7,1,-4,0,-2,-3,-2,3,-3,-1,1
3,-4,-5,-4,-10,-2,1,-4,5,8,3,0,0,1,-3,-4
-1,1,2,1,-1,-4,6,-5,4,2,1,6,-2,5,-6,4
0,3,2,1,9,-2,2,3,2,9,0,1,-2,3,-1,-10
7,-7,1,5,5,5,-6,-2,-1,3,6,2,2,-1,1,5
-2,2,5,-2,3,-3,3,-4,7,3,0,-4,-1,4,-5,6
-2,1,-6,5,-5,-8,-7,4,7,2,3,-2,-8,-4,3,2
-1,-2,4,-1,-1,5,-2,1,-3,-5,4,2,-4,7,-7,-3
2,-4,-4,-9,4,3,-3,3,-2,7,1,3,0,3,0,-2
1,-1,10,4,-2,2,3,0,4,-1,5,5,-1,-7,-1,0
4,-1,-1,-4,1,3,-4,1,-3,0,-3,-2,-4,0,0,5
-3,1,-2,1,5,1,0,-2,-2,5,0,6,-1,-7,6,-2
1,1,-2,-3,-2,0,-3,-7,-2,-4,0,1,10,-1,6,0
0,2,7,4,-1,5,-1,-5,1,0,3,-1,1,-4,-8,2
-7,-2,2,-3,-5,0,-5,-2,2,-2,3,3,4,0,3,4
1,1,-9,-3,0,-2,0,-14,2,-3,-5,4,1,7,-3,-5
-4,0,-7,2,-6,4,-3,2,-5,7,1,2,0,-5,1,-1
-4,-7,-3,5,-2,4,-3,-2,7,0,5,3,0,-8,-1,-5
3,5,3,-3,0,1,0,9,-6,5,0,-2,4,-2,5,5
-3,-3,1,-6,-4,1,2,0,8,0,7,0,2,-3,-2,-4
10,-8,-9,-5,1,-4,-3,1,0,5,-6,6,-4,8,-4,2
-8,1,1,-3,-6,3,-3,2,1,4,5,-2,-4,-1,2,7
0,-1,9,2,0,-2,4,3,-1,-2,7,-4,-4,-3,3,-6
5,-1,-3,5,6,-4,2,-3,3,0,3,-7,2,3,-4,2
2,-3,-6,2,-1,0,-3,-2,1,-5,-3,-6,-3,-4,-5,7
-5,4,1,-5,4,3,-2,-2,5,2,-4,-6,-6,-2,4,3
0,-9,-2,0,3,2,5,-1,1,-3,-4,1,6,-1,-4,0
0,2,0,1,4,-2,5,1,2,-5,3,-2,5,0,5,-1
-3,-2,6,0,-2,-4,-3,-3,0,2,5,-8,-3,-2,-1,1
0,3,4,3,2,0,0,-1,3,-1,3,-1,0,-5,-1,0
5,-2,-2,3,0,-4,-1,6,0,-2,4,7,-6,-5,2,-1
1,5,-2,4,-5,3,0,12,-2,-4,2,4,0,2,7,-7
1,3,2,0,-4,-5,2,-4,0,1,1,1,4,2,8,2
5,-2,0,-1,1,-5,2,-4,-3,1,5,3,1,3,2,6
-1,-1,-6,5,-5,-1,5,6,0,-6,-4,2,6,2,6,2
5,7,0,0,0,-5,8,-2,2,-5,3,-3,-3,-1,0,0
-3,1,-9,6,-4,-6,2,-2,5,-2,-8,1,-3,2,1,0
-5,1,2,7,5,2,2,4,6,-2,2,1,4,0,-5,-4
2,-7,-3,-1,-1,-3,-2,2,1,-8,-4,-5,-3,4,-3,0
-8,-7,-4,5,-3,-3,-3,-1,-2,-4,4,-1,3,2,-4,2
-8,-1,-2,2,-1,1,-2,-6,4,4,3,-2,0,-2,-3,6
4,0,-4,-10,1,2,4,0,-5,-2,-2,5,0,3,2,-7
2,-5,1,4,-12,3,-3,2,-1,2,-1,-3,0,-1,3,-9
-1,3,-4,-7,1,6,-1,-3,4,-4,-2,3,2,0,-1,2
-7,0,-3,-2,-4,8,0,-4,1,-7,-2,-1,-1,5,-5,2
-6,1,-5,2,-2,4,-5,1,-12,-5,0,5,5,3,3,-3
-5,2,-4,3,5,-14,0,2,0,-1,0,-7,-4,-4,3,-5
6,5,4,3,4,-3,-1,7,7,-3,8,4,-3,-7,0,2
-2,-1,2,-4,7,9,4,-8,-2,-3,6,1,4,3,-1,-10
4,1,9,-8,3,-1,1,4,0,6,-3,-2,-1,0,-4,4
-2,6,-1,-4,-3,-2,2,5,5,8,2,-1,5,-8,1,-1
-3,3,-3,0,1,-4,3,-5,-3,5,-1,-3,4,1,-5,2
-1,6,1,11,-2,-5,-2,2,3,5,1,-4,-4,3,0,-12
6,-2,-3,5,3,-1,1,11,-4,-5,-5,-2,-1,3,4,-5
11,-1,-4,-7,2,-4,-3,-8,3,2,-1,1,-2,5,-3,2
-3,-1,0,-1,1,3,0,1,-5,6,-2,-1,5,-1,2,0
2,0,-2,7,0,7,0,-4,5,8,1,5,4,-2,8,1
-2,-2,1,-1,3,-1,4,6,-1,1,-4,2,1,-9,4,-7
5,-6,-3,3,8,1,-6,0,0,1,4,-1,3,-2,2,0
-3,-1,2,2,1,-2,-1,-5,-6,-1,-1,3,-6,4,-2,0
7,-4,3,1,-5,-8,-7,-2,1,5,3,3,0,-3,1,4
7,-1,-4,-1,-1,-5,-5,3,-2,3,3,-1,4,-8,2,-4
12,-2,4,5,-2,5,-4,-3,0,-8,0,-2,-2,1,-6,5
-8,-3,-3,2,-3,0,-1,-3,-2,4,-2,-1,-2,-3,-5,1
-5,1,6,-2,6,-5,2,-1,2,2,12,0,-1,-3,-4,6
1,-7,-2,-2,5,3,2,4,1,1,0,9,1,5,6,4
-1,-3,4,-2,-1,7,-3,-3,3,5,-4,4,-4,-1,-3,6
-2,5,6,-6,-1,-2,8,-3,1,-4,3,-4,5,-5,-6,1
7,1,1,11,0,-4,-3,0,2,-3,2,2,8,-5,2,2
-6,4,1,-3,7,-1,3,6,2,5,1,-8,-6,5,1,-2
1,7,-9,-1,5,-1,2,-4,-6,1,-2,-4,2,2,0,-5
2,6,6,1,-1,4,-2,-2,-10,1,0,1,2,-1,6,3
0,4,-1,2,-6,4,-2,1,-10,2,-5,1,1,2,2,4
0,1,3,-3,2,-3,-1,-1,2,0,-1,4,2,-1,4,3
-2,6,3,9,-4,8,-2,2,4,1,-10,-5,4,-2,-3,4
2,-1,-7,-10,-6,-3,3,0,-1,3,-2,0,1,5,6,-1
0,3,8,7,-6,-2,3,6,5,-2,-5,4,-4,6,-4,6
0,-5,2,-1,-1,-2,3,-9,0,-1,-1,3,1,1,1,6
2,-5,4,-6,0,0,1,2,7,0,-3,0,-1,1,-2,2
2,7,0,0,2,-4,-1,-7,3,3,3,2,-3,6,0,5
-1,2,3,-1,1,-1,5,-4,-2,5,-4,-5,-3,0,0,4
-5,-4,-2,2,-4,2,-3,-4,0,-1,1,-1,3,-6,-4,-4
-1,1,-2,7,5,4,-6,1,3,-4,-1,-4,-7,3,-2,-5
-6,4,4,-5,2,0,3,1,1,8,6,2,-2,-1,1,5
-5,-6,4,1,0,-1,4,-5,-4,-5,2,-1,-3,-5,-6,3
4,1,-7,6,-9,-1,7,-1,3,-2,-3,-4,-6,-8,9,1
-8,3,2,-7,2,-1,1,2,5,5,-4,0,1,0,1,1
2,2,7,-6,1,3,6,2,3,0,-13,4,10,5,2,-2
3,-1,3,2,1,4,1,2,-6,3,2,-4,5,6,0,1
3,0,3,-3,-6,-3,1,1,-1,-2,-13,0,7,3,7,0
4,6,-4,-3,-1,-2,-7,-6,-9,1,-3,-3,0,-1,2,3
-2,-1,-3,-1,4,-5,3,-1,-3,5,-1,-4,3,-3,1,-4
0,-2,7,-3,6,-2,-7,-6,9,-5,1,0,0,-2,1,-4
5,5,0,-3,0,6,-3,5,-4,-1,-5,-1,-5,2,-2,2
-9,-5,1,0,2,5,6,-2,4,0,-4,0,-6,-1,0,2
1,-1,2,-5,4,5,0,-1,2,6,3,6,3,-2,-1,6
3,2,0,6,0,-1,-3,3,3,0,2,8,-4,-10,2,-3
-5,0,-6,5,6,-2,1,-6,-6,-1,-2,-7,-2,2,0,2
0,-2,2,-2,2,3,1,-1,-1,-3,-2,0,-1,1,-1,4
10,5,-3,-2,-2,-2,0,-1,1,0,-1,3,1,-7,13,-2
9,-2,-5,1,-4,-1,-5,2,-4,2,-3,0,5,0,0,1
1,-3,-1,4,-2,-2,-3,-8,-1,-1,0,3,1,-1,0,5
0,5,3,-2,1,-1,-1,14,1,5,2,-5,0,0,-3,-2
-3,6,-2,1,-8,-4,5,-4,-4,-5,-7,1,0,3,0,3
5,1,1,-7,0,-2,5,-3,-6,-3,1,3,-4,0,-3,4
1,2,5,-9,4,2,-2,2,1,0,-4,1,-7,-10,5,4
-5,3,3,6,4,-2,0,-6,1,3,7,3,0,-3,0,-2
-4,6,-1,6,4,-6,2,-3,1,7,-2,7,-7,6,-3,-2
3,2,8,-7,-7,-2,0,-5,0,1,-1,4,-8,4,2,1
-2,5,4,4,10,1,-4,1,-1,7,-3,2,-2,8,-1,7
0,-4,4,4,-5,-1,-3,-3,2,-5,0,5,-3,-2,0,0
-1,1,-5,-7,0,0,7,5,-3,5,1,-8,-4,4,-1,0
-2,3,-7,5,-3,0,5,1,5,5,1,5,-1,-1,5,3
6,7,-3,-2,0,-2,2,5,0,-4,2,8,-2,5,1,4
2,5,1,-2,4,-5,-10,3,2,3,8,2,-4,-2,0,2
0,9,3,4,13,-3,-1,-2,4,1,8,6,0,-5,-6,1
2,-2,7,4,3,5,5,-1,-7,-5,3,-2,-3,-2,1,5
-2,1,3,1,0,7,1,4,7,3,3,-2,6,1,4,2
1,1,-1,-2,-1,0,5,-2,-2,0,5,-4,0,6,-4,2
-9,3,-8,0,0,5,0,-3,6,0,-3,-4,6,1,-4,2
3,-2,-4,9,2,-6,-9,-5,0,-7,-1,3,5,-8,2,2
-3,1,4,1,0,-3,2,0,-3,2,-3,0,11,9,3,3
1,9,0,0,2,1,2,-2,-7,-1,6,3,-1,5,-4,-3
0,2,0,6,1,-3,-7,10,4,-3,-7,1,7,1,-1,-7
-2,8,7,1,3,3,2,-5,4,8,1,-3,-1,-5,-2,-2
-1,4,-2,-4,2,6,1,-1,-4,-4,4,5,6,0,2,2
-3,-1,3,-5,0,0,-5,2,-4,-4,-7,8,-5,2,2,5
6,1,-9,2,0,1,0,-8,-3,4,-1,5,1,0,-3,-2
-5,4,3,-5,6,-2,6,5,-2,-2,4,-1,-5,5,4,3
-1,2,-3,2,0,-5,2,1,-5,1,-6,4,-4,-1,6,-1
7,1,2,4,8,-2,1,-9,0,1,1,2,3,1,2,2
-6,-1,0,3,3,4,0,2,3,0,-2,-4,-3,0,-7,-6
3,1,8,3,-5,7,1,3,6,-2,-2,-2,-3,-1,1,-4
3,7,2,-9,1,2,13,-1,4,-4,-2,-6,3,-3,4,1
-3,2,3,2,0,2,1,13,-3,8,-7,-7,0,-8,0,-5
3,9,-3,-3,0,-5,1,-6,-4,5,4,-3,2,5,1,0
1,-1,-2,2,2,-5,-5,2,3,1,-6,2,0,-7,2,-4
-1,-9,0,-2,11,-6,-1,-2,3,0,0,-2,-9,5,1,2
-3,-3,5,1,-2,-1,-4,3,3,-1,-3,-7,-7,-1,-4,-2
7,1,-2,-1,4,-2,6,1,0,-5,3,-1,-1,4,-4,-1
2,0,-4,0,-4,-6,0,2,2,-1,-6,5,-6,5,3,4
5,2,1,-3,-3,-1,3,4,3,4,-2,-6,-1,-2,2,6
1,2,8,-2,-2,-2,-1,4,5,-3,6,-5,4,0,4,-6
-2,-2,-6,-1,7,-1,-2,0,-3,5,-1,0,1,-2,-8,6
1,0,-2,-3,2,2,1,4,-2,0,-4,1,2,1,10,-3
2,0,0,2,-2,-3,-2,-1,5,-7,-6,-7,3,1,-4,-3
2,4,5,-7,3,6,2,0,-1,-2,4,-1,7,0,6,-1
-4,2,0,-4,3,-3,-2,7,6,-4,2,3,1,-6,4,0
1,-5,-7,10,1,0,-4,0,-1,-1,3,-3,1,-1,-3,-4
-6,-1,-9,3,4,-4,-2,-4,2,3,2,-2,3,6,-2,1
-2,-3,4,-1,8,3,-2,2,2,3,6,-8,1,4,2,-1
-7,4,2,5,-2,5,-4,-1,-1,-4,7,-3,-2,-4,-4,0
-6,-7,-7,2,-1,4,0,-6,5,2,-6,11,-4,0,-5,0
-5,-7,4,-1,1,-9,-2,-2,2,-5,-2,-3,3,-5,0,11
6,-7,-3,3,0,-1,-11,5,-1,2,-2,-2,4,-1,-3,-3
-4,-8,4,2,-1,-9,2,1,0,8,-2,2,2,3,1,-3
3,0,1,0,8,-4,1,2,-3,5,0,-1,6,6,4,-1
9,0,1,-2,-7,3,3,-7,11,-1,2,-2,-3,4,5,2
3,-5,-3,-1,2,1,5,6,-4,5,1,2,-9,-8,-3,8
-4,3,2,-6,2,2,3,-5,-2,4,7,1,-5,-1,0,3
-1,0,0,-6,2,-2,1,-5,4,-7,0,-6,2,0,7,-3
0,1,-4,0,0,4,-5,1,3,0,-11,-4,5,9,-1,3
-4,2,1,4,-2,7,1,2,-1,4,4,-3,2,-2,6,0
-2,-5,5,3,0,3,-2,-6,1,0,3,5,2,1,-2,2
4,-5,1,-2,-1,-1,0,1,-7,7,-1,-3,2,5,2,0
1,1,2,3,3,1,8,-8,5,6,-1,-1,-10,1,4,-5
9,-1,3,0,-10,-4,-2,2,-4,1,-1,-5,4,5,2,0
3,6,-3,-3,3,0,2,-6,4,-5,-7,3,4,-3,5,-9
3,-2,-2,1,1,-3,2,1,-5,-6,-2,6,2,0,1,0
-3,-6,4,2,-1,-4,2,1,-2,3,4,-3,-3,-3,1,-1
3,1,-9,0,1,-2,6,-6,3,1,6,1,2,-3,-1,-6
2,-13,3,7,-4,11,-5,0,-5,-11,-7,-1,4,-2,1,3
5,-2,-3,9,-2,6,1,3,3,-3,-2,1,-5,-4,3,0
7,0,-7,3,-2,0,2,-1,-3,-2,1,2,-3,-1,-4,-3
1,0,-4,-8,-6,2,-1,4,3,-5,3,-3,-1,5,1,4
-5,4,2,8,-1,-2,-5,1,2,-1,4,2,-3,0,-6,1
-3,-4,-4,4,2,3,-4,-4,2,2,-4,-2,-3,2,-7,1
5,-6,-7,-2,3,0,0,-6,-5,1,-6,-4,-1,1,7,3
-7,-1,0,-8,-7,-3,-7,-1,-4,4,2,-1,1,-3,-1,-3
-7,0,-10,7,2,2,6,-4,-4,-7,1,2,4,-6,2,-1
-4,-7,-7,-3,5,-1,2,2,-1,-5,4,1,-7,7,-3,-8
4,1,8,4,-5,4,2,-3,4,0,-2,-1,1,1,2,-2
-2,7,3,-6,2,-2,5,-2,0,-4,1,2,-5,-1,3,-8
5,-2,2,-5,-1,1,-1,-9,-3,3,-1,1,2,-7,0,3
5,1,-3,0,-1,-2,4,1,1,-1,-3,1,7,4,1,-1
-8,6,3,5,-3,1,-6,2,7,6,-4,-5,-3,1,-3,7
4,1,0,-2,8,-4,0,-2,1,2,-4,2,4,-1,-1,3
-10,-4,-3,-3,0,-2,-1,-1,3,-6,5,-6,1,7,-1,3
-2,-7,1,-1,-2,3,-3,3,2,-3,-2,2,-3,-1,2,-7
7,0,-1,0,4,-1,5,-7,6,-1,-4,-5,1,-3,5,-4
1,6,-3,3,-2,-7,1,-1,2,5,-5,-6,2,-6,-1,2
-6,-5,4,-5,-5,-1,-5,1,-2,-6,3,4,6,8,3,4
-4,-1,10,-1,6,-5,3,1,-3,5,-5,3,1,1,-1,1
3,-3,-3,3,2,-4,-5,10,3,2,1,3,-1,3,-3,1
0,8,1,4,-5,1,-4,1,1,-7,-4,1,6,0,-1,1
-1,-1,2,-1,2,11,-3,2,7,2,-3,-1,-1,3,-2,3
11,4,3,-1,-1,-10,5,0,2,-3,-2,3,0,-3,-5,-2
-2,-2,-1,-5,3,-2,4,-1,-2,0,-7,-3,8,6,1,1
0,-1,1,-3,3,-5,-2,0,2,0,-1,-2,3,1,5,4
3,0,-4,0,9,7,0,-9,-3,-5,-3,1,0,-2,5,-1
1,-1,-1,7,-3,1,1,7,-3,5,-1,7,3,-3,0,-4
-8,5,-1,1,-4,8,4,5,1,-3,3,-1,-6,3,1,-7
-1,-3,7,1,2,-2,-3,-2,-1,1,-3,5,-1,5,-5,-8
-4,-5,1,-3,-1,3,4,1,2,3,-7,-1,-2,0,-2,-2
0,-4,-1,-8,2,2,5,6,-2,-4,-8,5,0,2,3,1
5,3,-2,-6,-4,0,1,-4,4,-1,1,3,0,4,-3,2
1,-1,-4,-3,0,0,1,10,3,-9,6,-4,5,4,2,2
-11,3,1,1,-4,-2,3,5,2,4,-6,-6,-1,-2,-1,1
5,12,3,-3,4,1,-2,1,-1,-4,-4,6,-1,5,0,5
-5,0,-2,6,3,-2,1,3,-2,6,-7,-1,0,-8,0,2
2,-2,-2,0,3,3,-1,-8,7,-7,7,-7,1,-1,-4,3
3,-5,0,4,-2,-3,0,10,-1,2,-5,-6,-2,4,5,-3
1,-3,-10,-4,8,6,5,-8,6,-2,-2,3,-1,-1,-5,1
5,3,0,-2,-4,-6,-4,7,3,-11,-1,3,-1,0,-1,0
8,-4,5,1,1,8,-1,-1,0,-5,-3,-1,1,3,-1,-4
-2,-4,0,-2,-2,-1,-3,4,4,3,-1,7,-1,3,2,-3
4,1,-3,1,2,3,7,-3,-1,1,-4,-4,4,1,-2,-4
-3,3,6,-1,4,4,0,1,-2,1,-1,3,-4,-4,3,-4
1,1,-4,-6,-3,6,1,13,-1,-2,-2,-7,5,3,6,1
8,-1,-3,2,0,6,-1,6,3,7,3,1,-2,-4,-4,1
-5,-1,-6,-4,2,-1,-1,-1,-2,2,2,0,-2,0,-9,-6
3,5,4,-4,-6,3,-1,-3,1,-2,-1,2,-6,3,5,-1
-4,5,-1,-1,1,1,2,2,3,0,-4,4,7,-3,0,-1
7,0,-2,-1,-5,3,3,5,-2,3,3,0,4,1,4,-4
1,1,-1,-6,8,0,-1,2,1,-1,0,-4,-5,-1,-4,-2
0,4,4,0,-6,-7,-5,-1,-5,-1,0,-3,1,4,6,6
0,3,5,-10,1,-2,4,2,-8,2,-3,-1,-2,0,2,-1
0,-3,2,-3,-3,7,0,1,-3,1,3,-3,0,-6,3,5
-1,3,-2,-4,-3,2,3,9,-10,4,0,4,1,-3,7,-1
5,5,-4,0,0,-3,2,-1,5,-9,-1,10,1,8,3,3
0,9,3,1,0,3,-5,4,-6,1,6,5,2,4,-2,0
2,3,0,-2,1,-1,-1,2,0,0,2,-1,1,2,-2,-1
3,-5,-5,2,-3,2,4,-5,-1,-2,1,-9,2,-2,4,2
0,3,-3,0,1,1,3,-6,3,0,-6,0,-2,-3,0,-5
0,2,5,1,1,-1,-3,6,2,1,0,-3,-4,-3,2,1
6,0,-8,-6,-3,-2,7,-3,0,-4,4,-3,-3,-4,-2,-1
4,0,-1,0,1,0,-4,7,-1,0,-1,-3,0,1,4,-5
8,-2,-3,6,-5,1,0,1,2,2,7,-2,-2,6,5,3
0,4,-2,-3,-5,1,8,3,-4,7,-1,1,1,2,-1,-3
-1,3,-4,-11,5,1,-3,8,0,4,7,6,2,0,-3,-2
1,9,5,2,1,0,4,2,-3,1,2,-3,-4,3,-2,-2
1,5,-2,-5,-5,4,3,4,-7,-7,4,4,4,3,0,7
-2,-7,2,1,5,-8,3,5,5,-2,0,-1,0,-8,0,-3
-4,0,3,-1,-6,-2,-2,-1,-4,2,-1,-3,-3,3,-3,5
-5,4,1,2,3,2,0,3,-2,1,7,-10,0,1,-1,-3
-3,-2,-2,0,-3,-1,-1,-9,-1,-7,-3,1,-3,6,-3,6
-7,0,4,-3,-1,-4,2,-2,0,-1,4,2,2,3,11,0
5,-6,-5,6,4,3,-2,3,3,0,0,-4,-1,2,6,-4
0,1,2,4,5,-2,-3,-3,0,-2,-6,-5,-2,1,-4,2
3,-4,3,-1,-3,-1,2,-1,5,7,1,3,9,-2,-2,1
-4,-2,0,1,-2,-4,-1,6,1,1,4,4,7,3,-7,1
3,-2,-2,-2,12,-8,0,2,-7,6,8,-7,-1,3,2,-7
-1,-5,3,8,5,-4,0,5,-1,-7,6,2,-2,-1,0,7
4,6,-12,-3,-5,-3,-3,0,7,-6,3,1,-3,-1,-1,-4
9,-3,-4,3,-4,1,6,5,-4,5,-1,-3,6,3,7,1
1,-4,-4,3,-4,3,5,8,-1,-2,0,-3,1,-6,-8,-5
-3,-1,-2,7,-4,-3,0,-3,0,2,-3,-4,3,6,11,0
3,-3,-6,2,-4,-4,1,2,2,-4,-4,2,5,-4,-1,4
0,-1,1,-2,1,4,2,-6,-7,-3,0,6,-3,1,-2,2
2,6,-4,2,6,3,-1,3,-7,6,-4,3,-1,-1,-4,-4
4,-8,3,-9,4,-6,-6,-4,-4,-2,-3,-8,-9,0,-7,7
3,0,4,0,-5,-3,-3,-1,1,-2,0,-3,-3,-9,4,3
0,3,0,-2,-11,-4,2,0,-4,0,-1,-4,1,-5,-8,3
-4,2,-2,0,-2,-4,-2,5,0,5,4,-1,7,-9,-6,-3
5,2,-4,-4,5,1,-4,3,-1,1,-5,5,-4,-1,-2,4
5,-1,3,-7,-5,-1,-3,5,7,1,3,-3,7,1,2,-7
4,0,-1,2,-5,-4,5,-1,-2,5,1,-1,-2,-3,-6,6
2,3,1,-1,-6,2,3,2,6,-7,-2,-2,2,1,5,-5
-2,5,-5,-9,-2,4,-1,-5,2,0,2,-3,1,-2,0,-5
2,9,7,-9,11,-7,-3,-4,0,6,0,1,-7,0,-5,-3
1,3,-1,2,2,-3,-6,3,1,1,5,-1,-2,-2,-7,3
3,3,2,1,5,1,-4,1,-1,-1,3,0,-2,0,3,2
0,-1,3,-5,-1,0,2,4,-6,2,3,6,4,4,-1,7
-2,4,-4,0,-5,-2,1,-4,2,3,3,-3,-2,-6,3,3
-2,-7,1,-1,-1,2,-5,-2,-4,-5,0,-2,-3,-7,0,5
3,-8,-1,2,-2,-1,-5,1,7,-3,-2,-4,4,2,2,-3
0,2,-3,5,-1,-3,2,0,0,-3,4,5,0,-4,-7,2
-3,1,5,2,3,1,-7,0,-6,-2,-1,4,-7,-9,2,-8
4,4,6,6,-5,6,-5,2,2,-7,4,-1,-3,-5,-9,-2
9,-2,7,2,1,-3,-2,-2,-1,6,-7,6,2,2,-3,-6
-1,12,-4,3,3,-5,2,-4,-6,5,1,6,0,-1,10,5
-2,2,2,-3,-1,8,1,2,-1,-2,2,4,-5,-4,-4,1
2,3,3,-2,3,6,-3,-1,4,-5,-5,-7,7,-10,-3,-1
-2,6,-4,2,0,3,6,8,-2,0,-2,-1,4,3,1,-1
-3,-2,2,-1,-6,3,-4,-3,-1,5,-2,1,2,8,-3,-1
-1,-8,1,-5,4,3,3,-1,-3,4,-3,-6,-2,0,6,1
4,4,-5,-2,-4,1,-1,-4,-7,-1,3,-3,-1,6,0,-4
4,-3,-10,-6,-1,-3,-1,3,0,2,3,1,7,-7,-3,4
-1,7,-4,-5,5,5,0,1,-4,3,3,0,8,1,-3,-1
-1,-3,-5,-4,4,3,0,-1,-4,1,4,-1,1,3,-2,-1
2,-3,-2,-6,-2,-4,0,1,3,-5,2,-7,5,0,0,-2
-2,-9,-6,1,0,1,-3,-4,0,3,-2,-7,7,5,3,-3
-3,-3,-2,-5,2,-7,-5,9,1,3,-6,-3,-1,-2,-1,-5
-8,-1,-3,0,-1,-3,4,-1,5,-9,9,9,0,-4,5,0
-8,3,-2,0,3,3,7,1,3,0,0,-5,0,1,-4,-3
-5,2,-7,0,5,-1,5,-6,3,-5,3,5,-3,2,0,3
0,4,6,-1,-4,-1,2,-1,1,9,-2,1,-3,-6,0,-4
-4,1,0,9,4,4,1,3,-9,-1,3,-3,-3,-2,1,1
-4,4,3,-2,-2,-5,-1,-2,-2,-5,-6,-1,2,-4,-3,-5
2,2,1,-1,4,5,2,0,0,-5,2,-1,1,-6,4,-4
-6,3,-3,-3,4,-6,0,6,-4,0,2,-2,0,-5,-2,-3
2,2,8,1,1,1,4,4,-2,6,3,-5,4,-10,0,6
-5,1,-2,-5,3,3,3,-3,-5,-2,0,5,-1,1,-2,-1
0,-3,0,1,-6,7,1,6,-5,0,4,-1,-7,1,1,-4
-2,4,0,3,1,-3,-1,-1,-5,1,-6,-3,-7,1,-4,3
-3,2,2,5,-5,1,-2,4,-2,2,-7,-4,1,2,-2,-3
1,-2,8,-4,12,4,3,-5,5,7,2,-6,-2,7,-5,6
-1,-3,2,-4,1,5,3,0,4,1,-3,-1,3,3,-3,-3
-2,0,0,-1,-1,-3,-2,-1,-1,-8,2,3,0,-3,-2,-6
-2,2,-2,1,11,-7,-3,0,2,-1,-1,-5,0,-4,-8,-7
-6,1,1,0,3,1,-6,5,10,6,4,0,5,-4,6,3
0,7,3,-2,5,-4,2,3,0,-6,-7,-1,0,-4,-2,-4
-3,4,-3,2,3,3,8,-3,4,6,-9,-4,4,-6,6,-12
-2,6,-3,4,-1,-4,-4,-5,-4,-8,1,-2,3,-6,-4,-2
0,0,-3,-1,-9,2,-1,1,2,4,-4,-2,3,5,1,-2
-3,-2,-1,4,0,-1,-3,3,5,2,4,2,2,-4,-2,-2
-3,7,-1,-1,2,-2,1,4,3,-5,3,1,-6,-5,-2,-2
3,1,-1,0,-1,-1,4,8,-1,3,-7,3,2,-2,1,1
-6,7,-3,0,0,-3,-5,9,-8,-2,1,1,4,0,2,1
6,-3,0,-1,-1,-1,-9,-5,0,0,-1,0,-3,1,-8,1
7,4,4,1,-1,1,5,7,3,1,-1,-2,2,4,-1,-5
0,2,3,7,-3,3,-3,0,3,-4,3,5,-4,-6,-2,7
-2,3,2,2,-3,3,3,6,1,0,2,-3,-1,5,3,11
-6,-3,0,0,0,-2,-4,-1,0,1,-5,4,-1,3,-5,-1
-3,-1,-4,8,0,5,1,-4,4,4,-3,3,-10,-1,-2,3
-1,-4,0,4,-5,4,-3,6,-2,2,-1,-3,-7,2,9,0
-4,0,-1,-2,0,1,1,0,0,3,-1,-7,1,10,-1,4
2,3,-1,-5,5,3,5,7,2,-4,3,-8,2,2,-3,2
-1,4,2,3,6,1,2,-5,-4,1,7,-4,4,5,0,-2
-7,3,-2,0,-2,1,1,2,1,3,-2,2,-8,1,1,-4
-5,5,4,0,-3,6,5,-1,-3,0,3,-9,3,-1,1,1
-16,3,-2,-2,-6,-5,1,-1,3,1,10,1,0,5,6,-7
2,5,5,4,-2,-2,5,-3,2,-4,-7,0,2,-3,1,-1
-5,4,-3,1,2,-5,-2,3,-5,-4,-3,9,3,-4,3,-3
-2,4,-5,1,8,0,0,-1,7,1,-3,1,2,3,-7,1
-1,-1,5,2,0,1,1,0,-1,5,-4,-7,2,-4,4,-4
-5,3,-5,4,2,-4,-4,1,0,-1,-1,1,1,2,-5,2
3,1,0,-6,-4,-3,1,1,-3,0,1,-3,-2,0,-3,2
1,-1,-1,6,2,4,3,3,-10,0,-1,-1,-1,-6,-1,0
3,-4,-1,-3,5,2,3,-1,1,-6,7,-4,2,0,-3,-6
3,4,-2,1,-6,-2,1,-1,0,0,-4,-3,-2,0,-2,3
2,-1,2,1,2,-1,-4,3,0,-4,1,3,-1,-2,-2,5
4,6,3,4,-3,0,-1,-1,0,2,2,-4,2,1,-7,-5
1,-7,4,-3,1,12,0,4,0,-3,0,-4,4,2,0,1
2,3,3,-1,-2,0,5,-1,1,-3,-4,2,1,0,-2,-1
4,-1,0,2,-6,10,-3,-3,6,2,4,-2,4,0,-6,-3
-7,-1,4,3,0,0,-4,3,3,-1,2,4,-4,-11,-6,1
-2,-3,-3,-1,-9,-4,-5,9,-5,-4,-3,5,1,-7,-7,0
-3,5,-2,1,3,-4,4,10,2,3,-2,-4,7,-1,5,-2
4,3,1,-2,-5,1,1,-1,3,-1,2,-1,5,4,-13,6
0,2,-2,-2,8,-2,1,-3,-5,-4,4,-1,-4,-5,-2,-7
0,4,-2,2,-5,-1,2,1,0,-1,0,-4,-4,1,-3,-2
-6,0,-3,3,4,-4,-7,-3,1,4,-9,2,4,3,0,5
-7,4,-2,-3,0,5,-4,-5,6,-4,-4,2,-5,-1,-2,-2
0,7,-2,-1,0,-8,-3,1,-5,-2,-6,-3,-1,1,5,6
-3,-4,6,-8,0,3,-4,2,6,-2,1,-7,-6,5,7,-4
-6,6,-7,10,7,2,3,-4,-3,5,-7,-5,-5,0,4,3
1,-6,4,4,-7,-4,0,1,-2,1,-2,-3,2,-5,2,-4
3,-2,6,-2,-5,5,-4,-4,-4,1,9,4,-4,-1,-4,6
-9,6,1,-1,4,5,-1,-2,-3,-3,9,1,-2,5,-3,-1
5,6,5,2,-6,2,0,-5,4,0,1,-1,1,3,7,0
-4,-2,2,2,2,3,6,-5,-5,3,0,-2,-2,5,-3,0
7,4,6,6,0,0,-3,3,1,5,-2,0,-3,6,6,4
3,9,-1,-4,-4,-9,7,-4,3,-8,3,-2,-2,3,-1,-10
-1,0,2,4,-6,-8,-2,-1,-2,-3,-1,-1,-1,4,2,-3
2,8,1,1,3,-3,1,-6,2,1,10,-5,7,-8,7,-6
6,-1,4,-4,-4,7,5,-7,-1,5,-5,-3,-5,-9,-6,3
-2,-1,0,1,-1,1,-1,-3,-1,-2,-3,-2,0,-7,1,-4
3,0,-6,2,5,-4,2,-2,-4,-3,5,0,-7,-7,4,-1
2,1,-1,0,2,4,-2,3,5,-1,3,-5,0,8,-11,-3
4,5,5,-6,-3,12,0,-3,-3,3,-6,-10,6,2,0,1
2,3,3,-1,0,6,2,-3,-4,-6,-1,-10,1,-6,1,5
2,-1,1,-7,0,1,2,-5,3,2,0,8,4,-4,-1,-1
2,2,-10,1,6,-3,1,3,1,-4,-1,-7,-1,2,1,-3
-1,-3,-4,2,3,2,3,6,-2,6,2,5,-7,-4,-3,-2
2,1,-4,4,5,9,5,1,0,-1,-3,-1,3,-1,2,1
0,1,-1,-3,3,-4,-2,2,-7,1,4,-2,-4,5,-2,1
3,-2,-1,3,2,2,2,-4,4,5,-7,-1,3,-1,-3,6
-3,-5,9,2,-6,3,-3,0,6,-4,-2,2,5,6,3,-1
4,-1,0,-5,-3,-9,-1,6,-2,0,5,2,3,-3,-1,2
4,2,7,0,0,4,4,-1,3,2,1,6,-6,-6,-6,-7
-4,4,2,4,5,1,6,-8,4,-2,-3,3,5,-10,1,3
0,-4,-1,1,-3,6,5,0,-6,-3,-7,5,0,5,5,-2
1,6,0,4,-7,-1,8,3,3,-1,-6,-2,-5,-9,3,-1
6,-4,-4,3,3,-2,2,7,-4,-10,2,3,1,-6,-6,-4
-2,-5,2,-3,0,-4,-3,-1,2,-6,-5,-2,-1,0,-3,1
0,-5,-1,9,-2,1,-1,-2,-3,0,-5,3,-2,0,-1,-4
4,-3,-1,-3,-1,-2,0,3,-1,1,-2,3,-7,-3,0,-2
1,-5,-2,6,7,11,-1,3,2,6,2,4,3,1,0,-1
0,-1,-5,-3,1,-1,-8,5,-3,2,-3,5,11,-1,-3,1
1,6,1,-5,2,5,5,3,5,2,7,-3,3,-2,-9,-1
-2,2,-5,9,-4,8,1,0,-12,3,1,-4,-2,4,-3,8
0,1,1,0,1,4,2,3,-3,1,-8,5,3,-1,-9,-2
0,2,3,-4,3,5,-3,-8,1,2,-4,-3,-8,4,3,3
4,5,-1,-2,0,-4,2,1,-1,2,-2,6,-1,-2,-3,-2
11,1,-3,3,2,0,-4,1,-2,0,4,9,1,1,7,2
-1,-4,-3,-4,5,0,-5,6,5,2,2,0,4,1,-8,-3
3,-8,1,-3,-1,-8,1,-1,7,-1,3,-3,-5,-7,3,5
-4,3,10,8,-2,-2,0,3,6,-2,0,-1,-2,6,-1,3
3,-7,3,5,-4,-5,-5,-3,1,6,-4,-1,5,2,-5,6
-4,1,-2,-3,0,-1,-1,6,0,4,1,-1,-4,0,-4,1
1,1,3,4,-6,-2,-5,-6,7,-1,-6,-7,4,6,-6,-1
1,5,8,-5,-2,-4,3,4,-1,-4,7,-3,5,-2,2,-6
-5,-8,2,3,-5,3,5,-6,-1,7,-4,-2,-3,1,1,-1
-9,-2,3,2,-4,3,3,5,3,-2,3,-2,-6,3,-7,-4
-3,-3,-5,-6,2,-5,1,-3,0,0,-4,4,-8,-1,-3,-6
-2,6,-4,1,-3,-5,1,1,-7,-1,5,3,-5,-1,-2,-1
2,-2,5,-3,2,6,-7,-4,3,-2,-1,1,-2,-1,-5,3
-7,1,-3,-4,-6,-1,-2,4,0,0,-4,5,0,-1,-1,-4
2,7,4,-2,-6,2,-3,-2,-1,1,-6,0,3,-3,3,-2
3,4,0,-4,4,-1,-7,2,-4,1,3,5,-4,-2,-3,0
-5,9,-2,-2,-1,-5,-7,6,2,-7,-2,2,-4,2,-7,-2
7,-2,-1,2,5,-4,5,-5,-2,4,-5,1,3,-10,6,-1
-3,3,3,1,2,-5,-1,0,4,0,-2,3,-2,-8,4,-1
-3,2,2,-2,0,-4,-8,2,-1,1,-6,-5,-4,1,-2,2
-6,0,6,-1,-3,-1,-2,0,-4,5,-4,2,-2,-4,6,2
1,3,0,0,-2,1,-2,2,1,0,-5,1,1,-3,-10,-4
1,-1,-6,-7,1,-5,-6,5,1,8,1,0,-7,-9,12,7
3,2,2,2,-3,-1,-1,3,7,-5,4,-3,-4,1,-4,-4
-8,-9,-2,2,-2,2,-6,0,2,0,6,-4,5,-3,3,-3
-1,-3,4,9,-1,-3,3,1,-3,-1,-3,-4,-2,0,2,7
4,-2,0,6,-1,4,-4,-3,1,7,1,7,-3,-4,-3,-1
1,-1,3,1,0,-4,2,-4,4,-2,-3,7,-5,6,3,4
1,2,4,-1,-2,0,9,3,5,8,1,-2,-4,-2,0,2
0,6,-6,-3,-5,3,0,-1,-8,5,1,-4,1,-5,3,1
-5,4,4,5,-4,3,2,4,5,-6,-2,8,3,-9,1,-10
-1,1,5,1,2,2,4,7,0,1,0,-13,-4,-1,-2,-5
0,2,-3,-4,4,5,-1,6,6,-6,0,0,-2,-4,1,-2
-3,5,-6,-5,5,2,-1,3,7,-7,-2,4,10,1,-8,6
5,-7,2,-8,-3,-1,0,0,-2,-2,-8,-3,2,0,0,-1
12,-6,-4,-2,4,-6,2,10,-1,-2,0,0,-2,6,-6,-7
3,0,0,3,1,-1,-3,-5,0,7,2,9,6,-2,-1,3
-4,9,0,1,-1,1,1,6,1,6,-1,6,-4,3,3,2
7,3,2,-6,-1,2,-1,1,2,-5,2,2,2,3,1,4
4,-3,2,-1,-2,1,5,2,-3,-4,-5,-1,3,2,-3,1
-1,3,3,-1,-6,1,-1,2,0,-1,-5,-4,-11,-2,9,5
3,6,-1,2,2,-6,5,-6,0,-5,6,-4,-4,7,5,4
-1,-1,-8,0,1,6,-1,0,-8,-5,-3,0,-3,-3,3,1
0,-1,-4,-2,-3,5,-1,-6,1,1,-3,-4,4,4,0,-5
2,-4,-1,6,0,-8,1,-3,-5,-7,3,4,4,-5,2,-1
3,-6,-1,2,-6,0,2,4,5,3,0,-2,-1,0,3,-8
-3,2,-2,-6,-2,-2,3,-2,-3,4,-2,0,2,0,0,-8
-3,-4,2,0,2,1,-4,1,-8,-4,2,-5,2,-1,-2,-1
1,5,2,-1,7,0,7,7,-4,-3,2,2,2,6,5,3
-1,3,0,7,2,9,-1,0,1,14,6,0,-5,2,-6,0
-5,0,-3,-7,-2,6,-2,-3,-2,4,0,1,-4,-1,-2,-10
-1,2,0,1,1,-1,3,1,-5,-7,-1,4,-2,-2,-7,-5
-1,-6,-2,3,2,5,3,-1,6,-3,8,-6,7,-1,-2,-5
-3,-1,-1,-4,-2,0,-11,-7,-2,-3,0,1,4,-4,6,0
6,0,-6,-2,0,-3,11,-8,5,5,3,4,-7,3,-1,2
-2,-1,2,6,4,-6,-1,-1,-6,1,-4,-2,2,3,12,0
2,-2,-5,-9,0,0,1,1,-1,4,-1,5,-1,-1,8,4
-5,5,-5,5,1,-2,6,-5,-1,-6,-3,5,-2,-1,1,0
-4,-2,-1,-2,-4,8,1,1,-2,8,0,-3,-7,-2,3,0
1,2,-9,1,7,-3,1,1,-5,-3,4,3,-1,2,11,2
-4,1,1,9,1,0,8,0,-3,6,3,-9,-3,3,4,1
0,0,-1,2,-4,-4,4,7,6,4,-4,0,-1,-1,0,3
8,1,1,-1,3,0,-9,2,0,-1,-4,-2,-8,3,0,-2
-2,4,3,-2,1,-7,-4,4,3,-2,1,1,4,-1,3,-6
-3,-5,2,-3,1,-3,-6,-6,-9,-1,3,1,0,3,1,-2
3,9,-3,3,5,0,2,-4,4,-3,0,-2,0,3,6,2
6,1,-1,-2,-1,10,-2,-2,2,-6,-5,1,1,-3,-4,2
2,-3,2,3,6,5,-1,-3,6,3,-4,-3,-5,1,-4,-8
-6,3,-6,-8,2,3,-3,-8,0,4,0,-3,4,-2,7,2
9,1,0,6,3,2,3,-3,-1,-1,5,1,7,4,1,-5
-3,1,-2,3,1,0,4,0,5,4,-1,-2,7,-2,-4,-3
3,-2,1,-1,6,-1,-5,8,1,2,0,-2,4,2,-1,1
3,0,2,1,4,-3,-4,-3,2,2,0,6,3,2,2,0
-2,-3,-2,-5,0,0,6,7,-5,-1,-4,-5,-4,12,2,1
-1,5,3,4,3,-5,3,1,3,-5,4,-5,-7,-4,-4,7
-5,1,-3,10,3,-7,0,1,-5,4,-1,4,-5,0,6,-3
-2,-3,0,-1,3,4,-3,-1,-4,0,4,-5,-4,2,2,0
0,-1,1,7,3,2,5,0,2,0,2,5,-7,-6,0,8
-7,1,2,-2,2,2,2,0,3,2,-3,3,-6,-4,4,3
-1,0,1,3,-2,4,2,-1,1,-2,0,7,3,2,-6,0
0,1,2,1,4,-1,-5,2,-2,8,2,3,1,1,-1,-5
-4,-5,-6,2,5,5,6,-3,1,0,3,-4,6,-6,0,0
3,3,0,2,1,-3,-4,-1,-3,1,2,8,-1,1,-7,4
-4,-2,1,-1,-4,0,4,-2,-5,0,-2,-4,-3,6,5,0
-1,-5,3,-6,-3,5,-3,-5,-3,0,-3,1,1,2,-2,5
3,-2,0,9,2,-7,2,0,-4,-6,0,-3,0,-1,1,3
-1,4,2,-1,7,2,-3,-3,-4,-1,1,4,-1,0,-3,0
8,0,6,0,-6,2,3,7,5,0,3,3,0,-5,3,-3
0,2,0,0,-4,0,-1,4,-3,-3,-3,-1,0,5,0,2
7,2,-5,-2,-3,-4,1,-1,0,-6,10,4,5,-1,-1,2
1,4,1,-2,-2,-4,-1,-9,2,-4,-4,2,-1,-5,1,-1
6,-2,-4,-7,-3,7,-3,4,-1,4,2,2,-2,4,3,-10
0,-2,-4,1,-2,-1,-2,2,5,5,1,4,6,-6,-3,-2
-3,3,4,-1,-1,-8,-2,-4,-3,-5,0,-1,2,-2,6,-1
-6,-6,-1,-4,2,0,3,-1,0,3,0,5,-3,-5,6,-2
6,1,0,1,2,-4,8,0,3,-3,-5,0,-1,2,-5,5
0,9,5,0,-14,-9,4,4,6,-1,-1,2,-3,2,-2,1
0,2,1,8,6,2,-5,0,-2,8,-3,5,-3,14,4,-1
7,1,0,1,-3,5,1,-4,2,-3,-5,2,-1,1,1,8
2,-1,-2,3,3,1,4,3,-2,1,-3,1,3,-3,-3,0
-4,3,-4,-2,1,4,-1,0,-4,1,1,-1,2,-10,6,-1
8,-7,2,-4,-5,-3,6,2,-2,-3,0,-3,-1,-8,6,-4
6,4,5,0,1,3,4,-7,2,-2,-1,-1,2,1,-4,1
3,-1,-6,1,3,2,-3,1,7,1,5,2,-4,3,2,4
0,3,-1,-6,1,-2,8,3,1,-1,-1,5,3,0,2,-9
-1,5,0,-2,-4,4,1,2,-2,9,8,1,2,1,-2,1
1,2,-5,1,3,-6,0,2,-3,-6,5,-7,7,2,-10,-4
-3,5,-2,-1,0,-2,6,-1,-5,-3,-4,0,9,-4,0,4
-2,3,7,-1,3,-8,-2,-4,-3,1,1,-1,4,0,1,-1
1,3,-1,-2,2,-1,-2,-2,1,-5,3,-1,1,5,5,5
-3,6,-1,-2,6,4,-8,1,-4,-6,2,5,2,5,3,-7
-7,4,3,0,-1,0,-11,5,-3,-5,-7,-2,6,4,2,0
-8,-5,-4,2,-5,-2,-2,-2,9,2,-1,-6,1,10,-3,0
-3,-4,5,3,3,-3,-1,-2,-3,-1,-3,3,2,-7,-1,-5
0,1,0,-3,-1,-5,5,3,0,-12,-3,-1,-10,-4,3,2
5,1,4,-6,-5,-2,6,1,-2,1,3,-4,10,-1,-3,-4
-4,-1,-2,-4,-3,-1,11,-1,6,0,-3,-3,3,3,-2,3
-1,2,1,-4,-1,0,-1,2,-4,-3,3,-3,0,0,-2,3
-3,-3,1,0,3,-3,-1,-2,0,4,-1,-1,-1,0,3,0
5,3,1,1,1,-1,-4,2,5,-3,0,3,4,7,4,-2
0,-2,1,4,-3,2,0,8,-7,-1,1,2,-2,1,0,5
0,0,2,-5,6,1,1,1,2,-4,7,-5,3,0,5,-3
-2,2,0,-3,-3,5,0,2,-3,5,-2,0,1,1,0,3
5,0,5,1,-2,3,6,2,-1,-3,-1,2,-2,4,-3,0
5,-1,-2,4,1,-3,5,-7,-1,2,-7,4,-3,5,-1,-1
1,3,-3,-3,0,-3,5,-9,-5,2,0,1,-2,2,4,-5
3,-1,-2,7,2,-3,-3,-3,3,6,1,-4,4,-4,2,1
3,-3,0,-2,-1,0,5,-4,-1,4,7,-2,-1,-1,-1,-4
-5,4,-8,0,-3,4,1,3,-8,4,-7,0,8,2,0,3
2,-2,1,1,-3,1,-2,-5,4,4,6,-3,8,-6,-6,-1
-3,2,-1,0,-1,0,10,-3,-3,0,2,8,0,6,1,-3
-2,-1,2,1,-3,-1,6,-3,-5,-3,-3,-6,2,0,3,5
-2,-4,-1,4,-6,0,0,0,3,7,-2,6,1,5,-5,-2
3,5,-2,4,1,6,-3,4,-4,-1,2,-2,2,-3,0,2
3,3,0,3,-4,7,7,4,-4,3,4,0,-2,7,-2,4
-3,-3,2,2,-5,6,2,3,1,4,-4,-1,0,-1,-5,-7
-6,3,-3,2,3,0,2,1,1,1,-11,0,-3,3,-1,1
-4,4,5,7,0,-7,-1,1,-4,1,1,0,1,6,-2,1
-2,1,-2,5,-2,1,3,6,-8,1,3,2,-1,3,4,-1
-6,-8,-3,1,-2,2,-2,0,-1,-3,-7,-2,-1,6,2,0
6,-8,-2,0,2,-4,0,-1,1,0,1,-2,5,2,4,-1
-2,1,-6,3,1,-6,1,-3,-7,0,-5,-1,9,7,8,2
-4,1,-4,6,0,0,-7,-5,1,0,2,-5,1,-6,-2,-1
-2,-1,0,8,2,-2,-4,-3,1,0,-4,-6,-5,-7,3,4
1,-5,-2,-2,2,2,-5,-1,1,-8,-4,-2,-4,3,2,3
-4,2,-3,0,4,1,5,2,0,-10,0,-5,1,0,-1,-5
8,4,0,6,-3,4,-2,1,-3,2,0,-1,1,-6,3,-1
2,-6,0,0,1,-5,1,0,-1,0,2,9,-2,-3,0,2
-3,-3,-2,-7,2,3,0,-4,-3,-7,-1,0,6,0,0,1
0,-4,-2,0,-3,-4,-4,4,-3,7,-2,0,-3,0,-10,0
-2,-6,2,5,0,-3,2,-10,-5,2,2,1,0,-2,1,1
4,-1,5,5,-1,3,-1,-3,-3,-1,0,1,1,-4,-3,-3
-2,1,3,3,1,3,1,-4,3,1,-5,2,-3,4,-2,3
1,-4,-1,-3,7,-1,3,-1,-5,-1,-1,2,-2,-8,1,-4
2,0,5,8,2,-7,0,4,3,1,7,9,-11,7,-1,-4
-4,0,2,6,5,3,-1,7,-2,-3,2,-4,-8,2,6,-6
-4,-3,3,-4,-8,5,-4,3,1,2,-2,-4,4,-5,-3,-10
-6,3,2,-1,6,-5,6,-3,1,2,3,1,-1,3,-2,1
0,0,-2,-1,-5,3,-3,0,-1,1,3,8,1,0,0,2
-3,2,4,-2,1,4,10,0,-4,-6,-6,-4,-3,-6,2,-5
6,-1,-1,-3,2,-1,-4,-4,-3,-2,5,-3,2,1,4,1
1,-2,-5,-2,2,4,1,4,-1,-3,9,-1,5,0,0,-7
4,-6,-1,3,-2,-2,5,-3,-4,-2,0,-1,2,1,-7,-1
-7,2,0,2,-2,8,2,1,2,-1,-1,2,-4,-5,2,-4
8,3,7,-8,-5,-1,-5,-9,1,-3,-2,1,-3,0,7,3
-1,2,-3,-8,-4,6,3,1,-3,1,1,-2,-1,2,-1,1
-5,4,-1,3,2,2,-2,-4,-4,-8,-5,-1,5,-3,0,-5
-4,-5,1,6,3,3,-3,2,5,-9,-2,11,4,-1,-4,3
0,4,2,5,0,-2,-4,2,3,-4,-4,0,0,-3,4,4
-6,4,-7,0,6,0,-6,4,-1,6,13,3,-3,3,0,4
6,5,0,4,-6,-3,-6,-2,-1,-8,3,3,1,-7,2,-5
1,-1,-1,-3,4,-2,-2,3,-2,-1,2,3,-2,0,-4,3
-3,-7,-1,3,2,0,3,4,1,-2,2,-3,-4,0,4,0
-5,-2,3,-6,0,0,2,0,-4,-3,-9,-6,1,0,0,-3
4,-5,1,0,-5,1,8,-6,-3,0,3,5,1,0,1,4
-2,1,1,9,3,10,-2,-2,1,5,8,3,-4,-2,4,-2
2,-2,-3,0,-1,-1,1,-4,-3,-4,-6,0,-4,-2,-6,-3
0,-3,-3,-4,5,3,8,1,-1,5,1,-4,2,1,-1,-4
2,6,0,4,5,3,-1,1,-3,5,0,-2,-3,3,-3,-3
-1,-5,-2,2,-5,-3,1,-2,-3,-4,7,5,2,1,-3,3
1,5,-3,-2,-2,0,-4,-10,6,-1,-4,1,-1,-2,-4,-1
6,-6,1,8,-8,0,1,10,-7,-2,-3,4,-3,-2,-8,4
-5,-2,2,1,8,5,6,4,0,4,-1,4,-3,0,1,1
0,9,-3,1,0,-2,0,3,-1,-4,-2,4,4,1,6,2
2,6,3,1,3,2,-2,2,3,-5,0,-5,4,2,2,-3
-1,-1,3,3,6,1,-3,-3,7,2,-1,-7,4,2,1,1
-3,7,0,-2,-1,4,-3,5,1,-1,-3,-2,-2,0,4,3
5,4,1,-1,-1,1,1,1,-1,-3,-11,-4,-5,1,4,2
6,1,6,-6,3,4,5,0,-2,6,3,0,1,-6,-1,3
-3,-1,2,-9,-6,-4,-1,-9,-1,2,0,-7,2,-2,-4,-1
2,0,5,1,1,0,-2,1,-2,0,3,1,0,-8,2,-2
1,-1,-3,-1,-1,-4,5,4,-4,-2,-3,4,-1,0,-2,-4
6,1,0,-1,2,-1,1,-1,0,7,-1,2,5,1,10,2
0,-1,5,-4,-8,1,-5,1,-1,2,1,-1,0,-3,0,3
-1,4,-4,4,0,5,0,-2,-3,-2,-4,-6,1,1,-7,4
5,-5,3,1,1,-3,1,-1,2,4,-1,1,-2,-3,1,-3
0,-1,-3,2,-1,-3,7,1,3,1,-3,4,-8,-5,-1,-6
-4,-5,0,3,-5,-8,5,3,6,0,3,-11,3,-5,-1,2
1,1,1,6,-2,1,4,7,-1,-4,5,-5,-2,1,0,-5
0,-5,7,7,1,-7,0,-1,0,0,-1,-4,-3,-4,2,-1
6,6,-4,6,1,-5,-4,1,-2,-2,2,4,0,-4,3,-2
-3,-1,7,1,-2,2,6,-6,-2,2,4,2,5,-3,1,0
1,0,3,2,3,2,5,0,-2,8,-4,2,0,5,-3,-5
1,1,3,1,2,-8,-6,-4,-2,-1,-7,1,-5,3,-10,-6
1,-3,7,1,-2,0,3,1,3,2,2,1,-3,-2,2,3
4,8,-2,10,2,-2,-4,3,1,-3,2,-3,-5,8,-4,2
9,-3,-5,-2,4,2,-5,1,2,2,4,0,-3,4,-3,4
-7,-3,7,2,3,-3,-2,6,-5,-2,-4,8,0,4,-5,5
-2,0,-7,3,8,2,5,-1,6,-5,-2,5,-7,2,4,-4
-3,4,6,3,-2,-6,0,6,1,-6,-11,-2,-2,-3,3,4
3,-1,-5,1,0,1,-3,-1,-3,5,5,6,-3,7,-3,-3
4,-5,-4,-5,-7,-3,2,2,-3,-1,1,0,2,-5,1,-1
5,3,3,-3,0,1,0,0,2,1,3,5,0,-3,1,-4
-2,2,-1,1,5,3,-2,-5,0,-2,1,-1,-1,2,5,4
-6,0,-6,2,8,3,1,-3,1,1,-4,7,2,-1,-1,8
-3,-9,3,1,5,2,-4,2,-3,3,6,-1,2,3,3,-3
2,3,-5,8,1,0,-2,-2,1,-1,-1,3,4,-1,-1,-2
4,3,-3,-3,-2,1,1,1,9,-3,-3,0,-3,6,0,-1
8,-2,-3,4,-4,-4,1,-3,3,-5,1,8,-3,1,-2,-4
2,-2,5,13,-1,4,2,2,-2,-5,-5,4,-12,1,-5,-4
-5,3,-1,0,-2,-1,-3,3,0,-1,-3,-2,2,-1,4,0
7,1,2,-4,-3,5,-10,8,-5,-5,-2,2,-1,5,4,-3
-3,-3,0,5,0,-3,-2,-1,4,0,-3,1,2,4,1,2
1,-2,1,5,-2,1,2,-1,-6,2,-4,-2,3,-3,-4,4
1,7,-11,-2,0,-2,1,0,-3,-5,-2,0,0,8,2,0
4,-6,1,-2,1,2,-5,-1,1,-3,-6,3,-3,-3,-10,-4
4,-6,3,-2,0,-3,3,-4,0,6,-3,10,2,0,-3,2
-1,0,8,-1,-4,6,4,0,3,-1,0,1,4,3,1,2
1,-4,-6,4,2,-2,2,-6,-2,3,-1,5,-4,4,-6,0
-8,6,-5,2,-1,4,0,-1,0,0,2,7,-2,6,-2,0
-5,-9,0,4,-2,1,-1,-2,3,4,4,-2,-4,2,3,-9
-10,2,2,-4,0,2,1,-1,-2,3,1,-2,6,0,-2,4
4,9,-2,-3,-1,3,0,2,0,0,-2,-2,0,10,-3,1
-9,4,-5,0,-5,1,-4,0,3,2,7,5,-3,-2,-4,1
0,-2,3,-1,-7,-2,3,3,1,-1,1,-2,-3,3,2,2
4,-4,0,-4,1,-2,-1,5,0,-6,-3,-2,-5,7,5,-6
0,-6,0,-1,3,-5,1,-2,-4,6,-8,5,-9,5,3,-3
-2,-6,-2,-8,-6,-2,3,3,0,-5,6,-2,-1,1,7,-2
2,6,6,-1,4,-6,3,-7,-9,4,-8,3,3,-8,6,-4
2,2,1,-2,5,-4,6,-5,2,-2,-7,-6,4,3,-3,3
-3,-4,-8,4,-1,-2,-2,-5,-5,-3,-6,0,4,-2,2,2
6,-1,-3,-4,1,3,-1,-6,-2,5,-1,3,-2,-6,-3,-6
-3,-4,-2,2,-3,-4,-7,4,-3,-4,0,-1,4,4,5,2
0,3,-3,1,3,2,-2,2,3,7,-2,-7,10,-3,-9,-2
-1,0,6,-2,-4,-1,-6,-4,-2,-6,-2,-4,-3,4,-4,0
-1,1,-2,5,-4,-2,-1,3,-2,1,5,1,1,6,7,6
-3,-2,3,5,0,-1,2,4,-2,1,1,-2,4,-1,0,1
2,-5,-7,3,2,-3,-3,2,4,0,4,4,5,3,6,1
1,-1,0,1,2,-3,1,-1,1,4,2,-2,-2,-5,4,1
1,-3,-3,4,-5,-2,1,2,7,-2,4,2,6,5,-4,0
-2,-6,3,-5,-6,-1,-3,2,-1,-2,-1,0,-2,0,4,-2
4,1,-1,3,1,4,-5,-3,-1,-8,-5,0,5,5,-6,-2
1,-2,1,-8,11,-3,-6,-8,-5,2,0,2,5,-2,-3,0
2,6,-1,-5,-6,6,-4,-4,7,-3,3,-2,-5,0,10,0
3,3,1,0,-7,-3,-4,-6,4,-1,3,-2,-10,1,3,1
1,-4,9,-5,3,0,5,2,2,1,-8,7,1,1,3,-1
-8,-5,-2,6,2,6,1,-5,-4,-6,2,-1,-4,-1,-1,3
-2,-2,2,1,2,-6,-2,-2,-5,5,-10,2,-7,-3,-1,-9
1,4,-3,2,0,11,-2,3,6,-5,0,6,0,-4,7,-2
-2,-1,5,-3,-2,6,1,6,3,1,0,5,0,-5,-1,-2
-5,2,-3,-6,0,-1,0,-1,0,3,-2,2,-6,-6,0,-8
0,0,-3,4,-5,-2,-6,3,-4,0,-5,-2,-8,-4,2,-2
0,-10,-7,-4,8,1,-2,2,1,-4,4,4,-7,4,4,-8
8,-6,-6,0,1,-8,2,-3,-4,-4,3,-2,-5,1,2,4
8,-7,-6,3,-2,-2,-4,4,-3,4,5,11,4,-4,-6,0
5,6,-1,-3,-4,-2,3,0,10,7,0,-1,-2,-1,-5,-1
1,0,6,0,-6,3,5,2,1,5,-6,-6,-1,3,-5,-2
5,-1,-5,1,3,2,-3,6,12,2,5,0,-7,3,6,3
-1,3,-2,-2,-5,3,-2,-1,5,-8,0,-3,0,4,0,0
-1,-1,-2,-11,-1,0,-9,-5,7,7,1,3,-1,1,-4,0
9,1,-3,-1,6,-1,-9,4,-3,2,4,2,-2,4,-3,8
7,-4,5,-2,3,0,2,-3,1,-7,-3,-4,-1,-3,0,-2
-4,8,4,6,1,-2,-14,-3,-8,0,-4,7,5,-5,2,7
9,3,-4,-5,1,7,-2,1,3,-2,4,1,-2,2,-4,5
0,6,3,-2,-2,-9,-8,3,6,2,2,5,-2,-1,-4,1
2,2,-1,-4,-2,2,6,-3,5,1,2,-1,2,3,4,-9
-2,6,-2,-4,-1,0,-4,0,5,-4,4,3,-1,-3,-2,5
-1,5,-5,5,-1,3,-3,-2,1,1,-1,0,6,2,7,-2
3,-2,5,5,5,-3,1,4,5,-6,0,-2,2,2,3,8
2,2,4,2,0,3,0,8,0,3,-2,-5,5,1,-1,11
5,-2,2,5,-3,5,-1,1,-2,2,-2,-1,-4,-2,3,1
-1,3,-5,-3,2,-1,1,0,-1,1,2,5,-2,2,-2,1
-9,5,-8,-2,3,2,1,4,11,-4,0,5,0,0,4,-12
-2,-5,-1,4,-1,1,-4,6,6,-7,5,0,3,-4,2,-2
7,0,-7,-1,6,-1,3,-1,7,5,-5,-7,6,2,10,-6
3,5,-7,-2,-2,-1,-9,-1,-8,-1,4,0,-2,3,-1,-2
-2,-3,0,-1,6,2,1,8,1,-4,-2,1,-4,0,-2,-1
1,-1,6,0,2,5,-1,-2,-1,0,-4,6,-4,-1,8,4
0,-5,7,-1,0,1,-2,1,4,-1,-8,0,-4,5,-3,1
-1,3,2,2,0,-3,4,-1,0,1,0,4,0,-1,0,5
4,9,-1,4,1,-4,0,2,3,0,-4,-3,-5,6,0,-6
-3,-1,-6,3,-1,-5,-5,2,3,-4,-1,5,-3,4,1,2
3,3,1,-1,2,0,-2,6,2,1,-1,3,4,-3,-3,5
3,9,-4,2,0,3,-5,-1,4,6,-3,-7,4,-1,3,1
-4,1,-3,7,0,-2,-4,0,2,-2,4,0,-2,1,3,-4
-1,-5,0,1,4,-1,8,2,5,2,0,-5,-4,-3,1,-8
2,4,0,12,-3,1,-2,4,9,2,3,-8,4,-2,4,3
-8,4,-2,-5,-3,1,7,-3,-1,0,3,-4,1,1,4,9
2,0,0,-2,-2,-3,-5,3,-13,4,-2,-1,6,1,2,-1
2,-3,2,7,-3,4,4,5,3,3,0,3,1,-2,-5,4
-5,-4,3,-3,2,4,5,3,-1,0,-3,-1,1,4,-2,0
-5,-4,1,3,3,-1,-9,0,1,0,-3,0,-3,5,-4,-4
8,-6,0,-3,-2,-1,3,3,0,-3,-3,-4,-2,-2,-1,-2
-6,-2,1,2,7,11,0,3,4,1,-3,0,-6,1,-4,-3
1,1,4,-4,2,-3,3,7,5,-3,7,-1,-5,2,6,-2
3,5,4,-2,0,1,5,0,4,3,1,-1,-6,-2,-6,1
5,0,-1,1,-5,4,2,-1,3,0,6,7,1,-4,-5,-10
3,-4,-2,2,4,-4,-2,1,-3,-7,-3,0,2,-2,-6,-2
-2,10,-2,3,0,-3,-1,-5,6,0,-2,0,5,1,-2,1
-4,-5,-2,1,-2,2,-1,-1,-2,3,-7,1,-1,-7,-3,5
-4,-1,3,11,-1,1,-2,-6,4,6,2,-2,-3,-2,-4,1
7,1,2,1,2,2,4,3,3,2,3,-1,-4,-1,0,1
2,-3,0,-1,-2,-3,6,1,-6,3,4,-1,3,0,1,-1
2,4,0,0,4,-1,3,5,1,4,-2,1,-4,-2,-2,-3
2,2,0,7,0,-8,-2,-2,6,-5,2,-7,-9,4,-2,-3
4,6,4,0,-3,7,-8,-3,12,-12,1,3,5,0,3,-2
4,3,-4,4,1,-7,-2,-5,-3,1,7,-6,-4,-6,-1,3
4,1,-4,8,-7,-3,5,5,8,-6,-1,0,-3,-5,1,1
4,-5,2,-5,3,0,7,-6,3,-1,4,7,3,-3,3,5
-2,4,0,6,-3,-3,1,-3,2,-1,-5,-4,0,1,4,-1
6,-1,5,-1,-4,-3,1,4,4,5,-2,1,4,-1,-7,-3
-6,-1,-7,5,-3,3,7,3,-6,-5,-5,3,-1,-3,2,-5
-6,1,2,8,-3,7,-6,-1,0,-1,3,1,0,0,-1,3
-1,-7,3,-2,5,2,-3,1,1,3,-2,0,1,4,2,4
2,1,-5,-5,2,1,-3,3,-1,4,-1,0,-4,-3,0,3
-7,-3,-4,8,6,4,4,0,6,-1,-1,2,3,-1,6,-4
7,-6,1,-5,4,3,0,1,5,5,3,-4,-6,0,0,5
3,4,-5,-5,5,8,-3,-4,0,5,1,-8,1,-1,1,-2
2,1,-6,1,2,-1,0,-4,-5,-5,6,1,-3,-10,2,3
1,-4,-3,-4,-1,-1,1,-3,3,-6,-7,0,0,1,-9,4
2,-4,2,-3,6,3,4,-3,6,-2,-3,-5,-2,6,-4,-4
-6,-7,-6,2,-2,1,-5,3,8,0,1,-3,-1,3,3,7
4,4,4,3,1,6,-6,6,7,6,7,6,10,1,4,4
-4,4,2,0,-1,-4,2,4,4,-3,-3,5,2,3,2,0
-1,4,-1,-1,1,0,4,5,-4,3,8,1,1,-5,-2,-10
3,1,-6,-1,-1,0,0,-2,-8,1,-4,-7,-9,-3,-3,-3
3,0,5,2,4,-3,4,6,0,-1,0,-4,2,-4,8,8
-1,-9,-1,-5,-3,-8,-4,1,-2,2,8,-1,3,0,2,-6
-5,-3,4,-7,8,-8,6,3,-1,-2,2,1,-1,5,-14,-1
3,-2,6,0,2,3,-1,0,0,-2,-3,3,0,-3,4,5
-11,0,6,-6,3,3,1,-6,4,-1,-4,-1,-1,6,4,-4
3,-1,-2,2,-1,4,4,1,2,2,4,-3,0,-4,7,4
-2,0,0,2,1,-5,3,-3,1,-2,6,5,-2,3,-4,-4
5,4,-12,2,1,3,4,-1,-2,3,-2,-2,-7,3,-1,3
0,10,1,2,2,3,1,-5,0,-2,-6,-2,7,4,4,5
-5,-3,-3,-5,1,-3,7,-3,5,-5,1,4,-5,1,-1,3
6,2,-1,-4,-3,1,-8,-2,5,1,-1,5,0,5,-5,-3
3,5,3,-1,5,4,-3,1,-3,1,2,1,-2,0,0,4
-1,2,1,3,3,-5,3,0,1,3,0,-10,4,-1,3,-4
-3,-1,4,1,-3,-4,1,10,3,-4,7,-1,-1,-5,2,-3
-1,0,4,0,1,4,6,0,-4,1,-3,5,-6,0,2,-1
7,-8,-3,-1,-4,2,-3,3,5,5,-5,1,-5,2,-3,1
3,2,-1,-3,-1,1,0,-3,1,0,5,1,0,3,-2,1
7,-3,-3,1,-1,1,-4,-1,0,-2,1,7,0,-1,-6,-5
-4,4,-2,-4,-8,-1,3,9,-1,1,1,-1,3,-4,2,-1
1,-5,4,-2,5,-1,-1,-2,-4,-8,-3,-5,-8,3,-2,3
3,-5,3,2,-5,-8,0,2,-5,-5,1,1,-6,1,-1,2
5,3,3,-6,0,-5,4,0,3,-2,1,0,-3,3,-4,-4
4,0,2,4,-1,1,0,-1,-1,-1,0,-12,1,-2,0,3
1,0,-4,-3,6,6,-1,12,-3,6,7,2,2,-1,5,6
0,0,-2,-6,-1,-4,0,0,1,-2,3,2,-3,-2,-5,-3
1,8,0,3,-1,5,1,1,-2,-3,1,-6,1,2,3,2
3,-2,0,0,2,-5,0,2,0,0,-3,-1,0,-2,-7,-7
9,4,1,2,-1,-3,-4,-5,-1,3,0,-1,-9,0,-7,8
-7,7,-8,-2,-4,2,2,-3,4,-3,8,-1,2,2,-6,-5
10,-1,-2,1,4,-4,-2,4,0,1,-1,5,-3,3,-5,0
-8,-1,4,0,-2,-4,-1,1,6,1,3,-6,0,1,6,-2
3,-3,-5,-3,-3,3,-3,3,6,3,-2,-2,1,-4,-4,6
3,-5,5,3,-1,0,6,1,5,8,-1,1,1,-1,-6,2
-5,1,-5,-4,-2,-3,0,0,-7,2,1,2,-1,-1,-3,1
3,1,1,1,0,-7,-4,-6,0,2,1,0,-7,0,0,-4
2,3,-6,0,-1,-4,4,10,2,-5,-2,-2,-5,-2,-2,5
-6,4,0,0,-2,5,-8,-5,-7,-6,-3,-6,0,0,2,1
4,-1,5,3,-2,1,-2,4,0,-3,9,3,3,-3,2,-1
5,-1,-1,0,1,4,5,3,-2,-1,11,9,-5,-4,-3,-4
4,3,8,10,1,-5,-5,2,6,-1,-2,-2,3,2,-5,4
0,-5,-2,-5,3,1,1,-7,2,-5,1,-7,-11,-3,-7,0
5,-3,1,-2,-3,-2,-6,-1,-2,6,-3,5,-2,-9,2,-10
6,0,-4,-2,-2,1,-6,-1,-3,1,5,-1,4,-2,-1,3
-4,-1,0,-1,4,0,4,-2,3,2,-2,1,0,-5,1,5
7,-3,3,-6,4,-2,0,1,2,-5,-1,-5,-1,1,4,-2
9,-1,-5,2,2,4,-3,-3,9,-4,-3,8,3,-5,-2,1
3,-7,1,0,0,-2,-2,6,-1,6,-5,-6,-2,2,-2,4
0,7,-1,1,-3,5,9,-1,-2,-9,-5,-1,-4,-3,-3,-1
7,1,5,-3,-6,-5,-1,5,-4,-1,-4,2,-1,-3,0,-5
4,-4,2,-4,5,7,-2,-1,1,4,-2,3,0,2,-4,7
-6,4,-8,-1,2,-6,-2,-2,1,2,-5,7,0,4,-4,-2
-3,-4,-1,0,12,2,-3,-4,-5,5,5,0,2,4,2,5
-1,-2,-3,-9,-2,-2,-2,0,3,-1,-4,-1,3,4,-10,7
-1,-6,-11,1,-2,-9,-4,-4,2,-2,-1,6,-2,-1,-6,6
-3,4,-8,-2,-6,-9,-4,0,-1,2,-3,0,0,1,2,1
4,0,0,-4,-5,8,-4,-1,3,-3,3,1,-9,3,2,0
1,0,-3,-3,-1,0,6,4,1,-4,3,8,-2,2,-3,4
10,-2,-5,-7,-6,4,2,-1,-1,-3,4,0,-1,0,-2,2
-1,-6,-2,-1,-2,2,2,1,-2,3,-1,-5,-3,1,-2,4
0,2,-5,4,3,-3,1,-3,-3,8,3,-5,-4,3,2,-7
0,5,0,-3,0,5,2,1,4,-7,-2,-3,2,-1,-1,0
-3,-1,0,7,-2,9,-1,0,1,-1,-6,-6,4,1,-2,-1
0,-7,-2,3,7,-3,1,0,-1,3,3,1,4,-3,-2,0
3,-3,-7,4,5,-6,-7,3,-2,3,6,4,7,-9,1,3
-7,-2,2,-3,5,-5,-5,-5,3,6,-2,-4,2,1,-1,2
-5,0,-2,1,-2,-1,-5,-5,3,-2,-4,-1,0,1,-5,3
-7,-2,2,-5,1,0,4,0,-3,-2,-5,-8,1,6,2,2
1,0,1,2,-5,8,-2,2,3,-3,1,12,2,-3,0,5
2,5,-5,1,-3,1,-2,1,8,0,-6,0,-1,-1,0,-1
2,3,-1,-5,0,-1,2,2,0,0,4,-8,-1,-2,7,-6
1,2,1,-1,4,-5,-1,0,3,2,-2,0,-7,0,6,-4
0,3,4,-6,6,4,-4,1,-1,-1,0,-1,7,7,3,2
0,-3,-6,1,4,-4,-5,-5,8,0,3,-3,-2,-4,-1,-6
3,1,-4,0,-6,-2,3,-7,-2,-1,-7,1,-2,-6,-2,3
-2,5,2,2,1,6,4,-1,-1,2,4,5,-1,-4,2,0
-1,4,4,-2,-4,-3,5,7,0,-10,5,-3,3,5,-1,4
1,3,-3,4,-1,-1,2,0,-2,-2,8,-5,9,3,3,1
-2,7,0,-3,2,3,-5,-3,6,6,3,6,4,6,6,1
-2,0,-7,5,1,-1,-7,0,0,-1,-1,2,-2,-4,5,-9
3,2,3,-5,0,2,3,-4,-3,0,-1,7,4,5,5,-4
5,-2,6,2,4,0,-6,6,1,3,3,-1,3,-7,5,10
-7,0,6,4,-4,3,1,1,-1,2,-5,-5,-4,2,5,-2
-7,-6,-1,6,4,6,-2,1,-5,6,-4,3,3,5,6,-6
1,-5,-2,1,-3,2,2,-3,4,12,-3,2,4,0,1,0
7,-2,0,-3,-3,8,-2,2,0,1,0,6,4,-2,6,-3
6,-3,-4,-8,2,1,0,-4,0,1,6,-2,-3,1,-3,-2
-4,3,-1,2,-3,-5,4,-7,-3,-6,3,-5,3,-1,1,-1
1,0,1,9,4,-3,2,-2,-2,3,-3,2,1,4,5,1
-1,-1,4,-5,0,2,3,-2,0,-5,0,-3,8,0,2,-3
5,2,-2,0,1,0,2,3,6,4,-8,-3,0,4,0,7
-4,-8,3,0,0,3,2,-3,9,6,-2,1,7,-2,4,3
0,2,-1,4,-4,1,-3,2,-1,3,3,0,-3,5,-1,-3
-4,-3,-1,4,-6,1,8,1,3,1,0,-1,4,6,-9,0
-12,-3,3,4,3,-5,1,2,5,-8,7,1,-3,4,3,-2
2,-5,-1,3,0,-2,3,-8,8,-3,2,2,-6,6,-4,1
5,-5,9,-2,3,1,2,1,1,-5,4,0,4,3,6,-4
4,5,0,5,-1,-1,5,0,-7,11,0,0,-4,-8,-3,-3
-1,-7,-2,-4,-5,2,-3,8,8,-1,-1,0,-1,3,5,6
0,8,-1,-5,0,-1,6,-4,-1,0,-3,-2,-4,-2,1,-2
8,-6,2,-4,-4,-2,-2,1,-2,-1,-2,-1,0,4,-2,-2
2,7,5,-1,2,11,-7,-2,-2,-3,3,1,-7,-7,-5,0
-2,-4,-2,4,3,-7,0,3,-2,-5,-7,-3,-4,2,3,6
-3,3,-7,-1,-6,-5,-3,2,-7,8,1,-2,-2,-2,-3,-3
2,-4,-2,3,-3,1,-7,4,4,1,-7,1,-1,-1,2,4
2,3,1,1,5,5,-4,-6,1,1,3,-4,7,-2,-2,4
-4,-5,1,1,1,-2,1,-1,1,3,-6,-10,1,-6,7,3
1,4,-1,2,-1,0,-1,-2,2,2,5,0,-8,6,-2,-4
1,4,0,3,8,8,-3,-1,5,5,-4,4,-1,1,1,-3
1,-3,-3,0,0,0,-2,5,2,4,-3,-7,1,-2,9,3
3,-4,2,2,5,2,2,-1,2,-5,-2,5,-1,1,1,3
-1,3,-1,-5,-1,-3,-8,-3,-3,7,5,-2,8,-1,2,-5
1,-2,-4,3,-1,-5,-3,1,4,-2,5,-5,1,-2,1,-1
3,-2,7,-2,1,-1,3,3,3,-6,-3,1,-3,-2,6,4
3,5,0,-4,-2,-5,0,6,0,-9,-4,-4,4,0,-1,-6
-1,4,2,1,0,0,1,-3,-7,-1,-2,2,4,-3,-3,-2
-3,7,-1,10,1,0,-2,2,4,5,-1,-1,3,-2,-6,5
4,-5,7,0,3,-4,-3,3,4,-5,-2,6,-2,-3,-3,2
4,-3,9,-1,-1,0,8,2,1,-4,-5,8,10,-2,1,8
-4,0,3,1,0,-3,-1,-7,-2,2,0,1,-1,6,-4,-4
-3,-1,1,10,-3,7,3,7,0,-2,8,8,-1,-5,-7,-4
5,-3,1,2,-11,-1,7,-5,3,3,4,7,-2,3,0,2
-3,1,3,0,-4,-2,4,-3,6,-11,6,3,4,-1,1,0
-4,6,-1,6,2,-4,-3,-2,-1,3,-3,5,-7,-6,0,-2
-3,3,4,0,-3,5,8,-5,1,-5,-1,-4,-4,-1,5,-4
0,0,-4,-2,-5,-5,-2,4,1,-7,2,13,0,2,-3,12
6,-4,2,-1,3,-3,-2,-6,-5,2,-1,3,-8,0,1,4
-5,1,-1,-1,0,-7,7,3,2,6,1,3,-4,6,2,5
6,6,2,2,-6,0,5,-5,-3,2,-5,0,-3,2,-1,8
2,2,2,0,0,2,-1,-7,-5,2,1,-2,3,0,-4,0
-3,-3,-5,1,5,2,6,-1,9,2,-5,-1,4,6,5,3
1,2,-6,3,7,11,-7,-1,3,5,-5,-8,2,-1,5,-3
-3,2,0,1,2,-1,-4,-6,2,-4,7,-3,-3,-2,0,7
-1,4,1,-4,2,-2,-6,-3,-10,2,3,6,0,2,-8,-1
0,-2,-2,-2,5,1,-4,-2,4,3,6,1,6,-1,-9,1
3,-7,4,2,-6,1,1,-5,0,-3,5,-2,0,-2,0,-3
0,1,-5,-6,-4,-4,3,6,-3,-2,-1,-4,2,0,6,1
0,4,3,3,-5,0,-3,-1,-2,-1,5,-3,10,0,8,2
5,4,2,5,-1,-6,-2,6,4,-2,1,-3,-6,2,0,-6
3,1,6,-1,4,-4,-3,0,-2,4,-3,-9,1,2,-8,-2
-1,-7,5,0,1,3,-10,6,-6,-3,1,0,1,3,0,3
-6,-1,2,4,0,1,3,7,4,-3,7,1,1,-6,-1,3
1,3,-1,-1,-2,3,-4,-2,-4,0,0,0,3,1,2,-3
-1,-1,6,4,-4,4,6,-2,3,-3,-1,1,4,-2,2,4
3,4,-3,-8,0,-6,-1,-9,-2,0,-2,-4,3,-2,4,4
-1,-5,-1,10,2,-5,3,-4,0,-2,1,3,-4,-1,2,6
1,-2,-4,-1,-3,0,3,3,-3,4,-4,-4,-3,-2,-2,5
5,-5,-3,1,6,3,-6,2,5,-3,-4,-1,0,6,2,-2
0,0,-3,6,7,-5,6,6,6,0,-3,-11,0,-2,4,-1
-4,-2,-7,-8,-1,3,0,1,0,6,1,-5,-1,3,-3,2
3,-1,3,5,-1,3,-4,3,-2,4,1,0,-4,3,-1,3
-3,3,-4,-2,3,-2,-3,-4,6,7,7,1,-7,7,0,-10
2,2,1,-5,-4,0,1,0,3,-2,-5,3,1,6,2,-3
4,1,-6,8,0,0,-1,-3,4,2,-5,4,4,-2,0,2
4,5,9,-6,7,2,7,2,-5,-5,-2,-5,-7,-3,3,0
-2,-5,-2,4,3,2,-4,-2,2,-8,7,-1,3,7,6,2
1,-1,-3,-2,-4,3,-2,0,1,-1,5,1,6,-2,-2,-1
1,-2,-5,5,-3,4,-3,6,5,3,5,1,-2,0,-1,0
3,-1,-2,1,-5,-3,1,0,-2,8,2,9,-5,-1,0,6
-5,-8,4,-4,4,-4,2,-5,3,2,3,-12,5,-4,7,-3
0,6,0,0,3,5,-5,4,1,2,1,-1,0,-9,5,-4
-6,2,0,-1,2,-8,3,-4,-1,-9,-1,3,2,-3,-5,0
0,-1,1,-1,-2,-1,-3,1,2,1,3,7,6,1,1,5
-1,6,5,1,3,-5,3,-8,-4,2,-7,-6,3,4,5,11
6,-6,-3,-2,5,-5,1,-1,2,1,1,-1,0,0,3,-4
0,2,0,3,5,7,2,-6,2,2,-1,-3,2,-3,-2,4
-8,7,-2,3,1,1,-2,-3,5,5,0,-4,5,4,2,5
-3,1,-9,2,-6,-5,-2,-10,-7,-9,3,-1,4,3,2,3
1,0,9,-4,0,-1,2,0,0,-1,6,1,4,-1,12,4
-2,0,2,-2,-1,1,-1,1,3,-1,0,-5,3,-3,5,-3
-1,4,-3,5,4,0,8,-4,4,1,3,0,-4,-2,-4,-1
-1,6,10,-3,-2,-4,-4,-3,0,3,6,-8,4,1,5,2
1,-4,0,-1,-5,-3,-1,-2,0,-2,1,-1,-2,-3,4,3
2,4,-4,0,0,-2,0,-4,3,3,3,2,-6,2,-8,3
0,1,5,2,3,5,-6,2,0,1,-5,-2,0,2,1,2
1,4,0,-2,0,4,6,-1,3,10,7,6,-7,-6,4,-1
-3,2,-1,-5,2,1,5,2,1,0,1,1,-6,-8,2,3
-7,5,-5,-2,-6,-4,6,1,1,-3,1,-1,-1,-3,5,5
-4,0,1,5,0,1,3,0,-1,-4,-4,-2,5,1,-3,7
-2,1,5,-1,-8,4,3,5,0,9,-2,-1,-1,-3,1,-2
1,0,7,1,0,4,3,9,4,8,3,-1,1,-1,1,3
2,-10,2,-7,7,-4,-13,-5,2,-2,-7,3,4,-1,2,2
-4,1,4,0,5,-4,-6,-6,-2,3,-2,-5,-7,-4,2,-2
-1,1,6,2,-3,3,0,-2,2,7,4,0,-1,2,0,-1
2,-3,0,4,-2,-4,-4,3,-5,2,1,1,-3,2,13,-2
-5,5,-6,2,4,5,-1,-2,2,1,0,9,4,-4,-3,8
-1,0,10,1,3,-4,7,4,0,6,-1,1,-5,-4,2,1
6,2,8,2,0,-2,3,6,-1,0,3,0,7,-1,2,0
-3,-5,2,-2,-2,-2,1,-2,2,-3,7,1,2,-3,-1,-1
1,-2,-2,-6,2,2,2,-7,6,-5,5,-2,-5,3,-6,-2
1,-6,7,2,-6,5,4,-3,4,0,1,1,2,-8,0,-6
-3,-1,3,-3,-3,6,5,-7,5,-4,-4,-3,2,0,-5,2
-5,1,2,0,0,3,-1,1,2,0,2,5,0,3,0,0
8,6,-4,0,-3,1,-3,-2,-3,0,3,0,-2,0,-5,-7
2,1,1,-1,4,8,0,1,6,8,3,-3,-1,3,3,-6
3,0,-2,1,-1,8,0,1,4,0,7,-6,-4,-3,-2,1
0,3,-3,-1,0,-2,-3,4,-1,6,-4,1,5,0,0,2
-2,0,3,-4,0,2,-7,-7,-3,-4,1,7,-3,2,1,-1
-7,0,-5,3,-1,2,2,2,4,3,6,-1,3,2,-3,-7
-3,0,1,3,-4,4,1,1,3,-1,-8,-1,-2,0,5,2
-1,-2,3,-1,0,1,7,0,-4,5,-2,-4,-4,-3,5,-5
6,0,-2,3,3,3,0,-1,1,-5,2,0,-6,-4,0,-4
-1,-3,6,-1,-6,6,3,-1,-2,0,1,-5,6,6,1,-1
6,5,-1,0,-2,-9,-2,2,3,4,1,3,-5,-7,-2,-1
3,-1,8,3,4,-6,1,4,-2,4,0,-3,6,-5,6,-2
-4,4,-3,9,5,-5,-2,4,-3,1,-5,-4,1,6,1,4
2,-3,6,-1,2,-1,-1,2,2,-2,-4,-3,-2,-7,0,-10
-1,-6,4,-4,1,-2,1,1,-3,-6,8,0,-3,0,2,5
-4,2,2,-9,-1,-8,4,-5,-3,-2,3,-2,-8,-2,2,-4
1,3,-2,5,-2,3,-6,3,-2,-11,6,0,0,-4,-1,-2
2,-4,-1,-5,3,-1,-3,3,-3,-7,0,0,0,3,-5,2
-1,-4,-1,2,2,0,1,4,-3,-3,-1,2,0,0,1,6
1,-3,7,-5,-2,2,-11,-3,2,7,7,-2,-8,-3,-2,1
-2,-5,5,3,0,-2,-3,3,0,-2,7,-1,3,4,6,-4
-2,2,7,2,-2,-6,3,3,-1,5,-4,0,-2,4,4,1
-4,-6,7,8,5,3,1,1,1,3,-1,5,-4,3,4,2
0,2,0,-2,-5,1,2,0,4,4,7,2,4,-3,4,0
1,1,-4,-3,-2,-1,3,0,-7,-4,-2,-9,-8,-5,-1,0
8,2,-8,6,4,1,5,4,-2,4,0,-3,-1,-3,-4,-12
0,-2,6,-4,0,2,0,-9,5,-2,-3,4,0,2,-5,-1
-6,7,0,-5,2,-4,-2,-2,1,-6,5,0,0,3,-4,0
-2,3,-2,-2,5,-3,3,10,1,2,1,-1,-1,5,-2,-6
0,8,-1,0,0,-1,2,6,0,-2,1,-1,8,1,5,4
0,7,6,0,-8,-1,-4,0,0,2,11,-4,-2,-1,10,-1
-4,-1,-6,0,-1,0,7,6,-1,4,-1,-3,-10,1,0,-4
9,-5,6,-1,4,-1,-1,2,-2,-3,5,-1,4,4,2,1
-2,-2,-3,4,5,8,0,-2,0,-1,3,4,-5,-8,2,4
-4,-1,-1,0,-4,1,6,2,3,-5,2,-3,2,-2,0,-4
1,1,-7,-2,0,0,4,-5,-3,5,2,-1,0,1,-12,-1
-5,-3,-5,2,-1,2,10,0,2,2,-1,1,-1,-1,2,9
-2,-8,6,-1,-5,-4,-2,-3,2,1,3,-8,0,5,2,0
-4,4,-1,6,-3,8,-6,-2,0,-3,5,-3,-4,2,0,4
-1,9,-3,-4,-5,-6,6,-1,-9,1,-3,2,4,2,3,5
3,5,2,-2,0,0,-1,2,5,2,-1,2,1,-2,-3,-5
-2,-3,1,0,-3,2,-3,0,3,-3,3,-2,-1,1,2,5
-1,-4,-7,2,-6,-5,2,-3,4,-4,0,-3,-2,2,-1,4
-4,2,-4,0,-7,1,-6,-1,-10,-5,-6,-2,-4,-3,-4,2
-2,5,2,10,7,-5,3,4,2,0,-1,-1,-4,-6,3,2
1,2,0,-4,-4,-5,1,-4,-3,4,9,-7,-5,-1,2,-5
-1,1,0,-7,-10,-1,-2,-4,-6,0,-7,-4,1,-4,-1,5
3,4,2,2,3,4,-2,-3,-6,3,2,-2,-2,-3,1,-5
-2,-4,-2,0,0,-2,-4,-2,4,-7,-3,-3,4,1,4,-3
-4,4,1,1,5,3,1,0,6,-1,-4,-2,1,5,7,-2
0,0,-5,-3,-4,-5,3,8,-3,-9,7,3,2,5,-10,-3
12,0,3,-4,0,-3,-6,2,-2,5,1,-3,-1,6,2,0
8,-4,0,8,-1,4,2,-1,-7,3,11,2,3,2,0,0
0,0,6,-1,-3,-4,4,-3,2,3,2,-5,-2,0,0,-3
2,-1,-1,4,0,2,0,-4,10,-3,-11,2,4,-5,-3,1
2,0,6,-2,-2,-2,-3,-5,0,8,-4,-13,-4,7,7,1
-7,4,-6,-1,-4,2,4,-2,0,-1,-1,-2,9,4,-8,3
2,-1,1,1,2,2,0,1,0,-1,0,3,5,2,-6,6
0,-5,0,-9,0,2,5,2,9,-6,-8,6,0,0,0,1
4,1,1,0,-1,-1,-3,-5,-1,0,2,-2,2,1,-2,1
1,-3,1,-1,-3,4,2,-6,8,-1,-1,1,7,1,-3,0
-1,3,-1,0,6,-1,5,-3,-9,7,-7,1,0,-3,-1,-4
-2,2,3,3,7,-4,-4,0,4,2,-1,-4,0,-1,6,-1
-4,-6,-6,-3,-2,0,9,-2,-6,-5,8,2,1,12,-1,-1
1,-4,-3,3,-2,-5,-4,3,8,2,2,3,0,2,0,-4
1,-3,4,2,3,-7,-3,-1,6,2,11,-2,1,-2,-1,-2
2,1,7,3,4,4,1,-3,-7,8,-4,-8,-8,3,-1,2
-3,-2,0,1,1,13,1,-2,0,-5,-1,4,-4,5,1,-4
9,-3,2,1,-1,1,7,0,1,2,0,0,5,-7,-6,0
-2,7,7,1,7,-1,12,6,8,-2,-6,5,-4,-2,3,-1
2,-2,-1,5,-4,-4,2,0,-3,-3,3,-3,-2,5,-7,0
3,2,4,-1,4,5,1,-1,-1,2,1,-7,-4,2,1,-2
-6,-1,-3,4,1,0,4,-2,6,8,1,1,-3,-10,3,-6
-7,-5,-6,1,-1,-4,0,1,-4,-5,-8,-4,2,-3,5,-3
0,-1,-5,8,-1,-6,-1,-2,-6,-7,-2,-2,7,-7,3,-1
5,-3,11,-1,-1,4,1,2,-2,2,4,1,-8,-1,2,-6
1,2,3,8,1,1,-3,8,-2,2,-4,-2,2,-8,4,-3
-5,-3,2,-3,1,2,-1,9,1,-2,-1,0,-4,0,1,1
-8,2,5,2,1,2,-8,-1,-3,8,-2,-5,5,-7,-4,6
-1,9,-1,4,-7,2,-5,0,-4,0,3,5,4,0,1,0
-3,-1,4,-1,2,10,-1,-2,4,0,-6,3,-5,2,-3,-3
2,-4,-5,-3,-2,-8,4,3,8,-6,-4,-2,-7,1,5,0
3,4,-1,3,6,1,0,1,7,-1,-2,6,5,0,6,2
-1,2,5,0,-2,-2,-4,-5,-3,-2,5,6,5,-9,-3,2
2,1,-8,-4,1,0,2,0,7,-2,-2,-3,4,4,-4,2
-2,0,-5,2,0,1,4,-4,1,1,1,4,9,-2,-1,0
-3,-1,-3,-2,3,0,-6,3,-1,-4,1,0,4,-7,0,-4
-8,-3,-2,-7,1,-3,4,5,0,-2,0,9,3,1,0,-1
3,0,1,2,1,-1,-1,-1,-3,-2,0,1,-2,4,4,-7
2,3,0,-3,1,2,-3,7,0,0,-2,5,2,6,-4,6
0,-3,4,3,-2,3,-6,5,-7,-1,5,0,2,-3,-5,-2
3,3,-1,-1,5,-1,2,1,2,-1,0,-2,0,2,-3,-8
-4,2,1,3,-2,-4,-1,2,4,3,-2,-4,5,3,4,4
4,-1,2,-1,6,-1,-5,-2,9,3,-3,2,-2,3,-1,-3
-4,0,3,1,-1,7,0,1,5,-10,2,-2,5,-6,-1,6
6,-5,3,2,6,5,3,0,1,3,10,1,0,-3,0,-5
4,1,-4,5,-4,3,3,4,-5,2,-4,-4,0,1,-2,2
6,-1,0,-1,7,6,3,-1,-3,6,0,4,-5,3,-2,9
3,-1,6,0,-3,9,0,4,-4,2,-2,-9,-1,1,2,-1
-2,-2,-1,1,4,1,-1,-3,4,8,0,4,4,2,2,-7
0,5,1,-4,2,-4,4,-3,1,-3,2,-11,2,2,-3,7
2,3,1,7,0,-1,-6,9,2,-1,5,9,0,-2,-2,8
-1,3,-2,0,4,1,2,1,1,-5,0,-1,3,2,-3,1
0,0,-8,2,-8,-2,2,1,-1,-3,0,-1,-1,1,-4,1
-2,2,-2,17,1,6,0,1,-3,10,1,2,3,1,5,1
4,5,0,-5,-1,-2,1,-2,3,-5,0,-1,2,-8,0,-2
4,-1,0,5,-1,2,-3,8,-1,-1,2,0,-1,-5,-6,4
-3,-2,2,-5,-2,7,0,2,-2,-4,-10,-3,-3,9,-1,1
6,-5,3,6,-4,-1,1,-5,0,2,0,-4,-4,-2,3,1
-1,-2,1,-2,-1,-3,3,-7,1,-7,0,2,-3,-3,5,-2
-2,0,5,-6,-7,-1,9,-7,5,-1,-8,-2,0,6,-2,-4
-10,3,-4,2,0,0,-7,-1,-5,-5,6,0,-6,-9,5,7
2,0,2,-5,1,9,-7,3,-3,4,-2,-2,-3,0,-1,4
3,7,9,-4,1,6,-3,8,0,-2,-2,3,0,7,4,-3
1,3,4,6,4,9,-6,2,-5,0,-4,0,3,1,2,-8
0,0,-2,12,-3,1,0,3,-2,-1,3,-3,-9,3,-1,7
1,1,1,-3,2,-4,-1,-2,-3,-8,-2,-4,-5,-9,-3,-3
4,-4,3,-1,-3,5,1,-1,0,3,-2,-9,-10,1,5,-1
5,1,7,10,2,2,-3,-1,1,3,-7,0,-3,-9,1,1
-1,5,4,-2,2,-4,1,2,0,-5,3,3,6,-1,0,-4
5,-1,5,1,-4,1,-6,2,-2,2,-2,1,3,1,1,2
-6,-9,-1,-2,5,4,-3,-2,-8,-2,-1,0,-1,-3,6,-5
-2,1,-1,0,0,-3,1,-2,2,-7,-4,3,-1,1,-4,-6
0,7,-3,-4,-9,-2,-5,0,5,-2,3,-4,-6,-3,1,-8
-5,-1,-5,-2,1,5,-3,5,-4,3,-4,-8,-1,1,-3,1
-6,-8,3,-1,11,1,7,3,0,2,0,-4,-5,7,2,8
7,-2,-3,-2,-4,4,7,-3,3,-9,-1,-4,3,6,0,-5
6,0,-3,3,1,-3,3,3,4,4,-5,-8,-6,-4,0,6
8,1,-1,4,3,3,0,0,-5,4,-5,-3,0,-6,3,-1
1,2,-2,0,-4,-3,3,-5,-1,2,-3,3,-1,2,-1,-12
-3,1,5,3,0,-4,3,4,-11,5,4,-2,-3,1,-9,3
3,1,-3,1,1,0,-1,6,-2,-7,5,-4,-3,1,4,-2
-1,3,3,-4,3,1,1,-4,-1,4,4,-1,0,3,4,5
3,2,4,2,-1,1,0,-1,2,-6,3,1,-4,4,0,-1
3,5,-5,2,4,-4,0,5,-3,-3,-1,-3,5,-6,-6,-3
4,5,-5,-1,2,1,-4,4,-4,8,-1,4,2,9,-1,-4
4,-4,2,0,7,-1,-2,-2,-2,0,7,2,-7,3,-1,3
4,-4,0,2,-4,1,1,5,0,0,1,1,2,-1,1,1
-2,-3,4,4,1,4,-6,2,-2,2,2,1,5,-6,11,-3
0,-7,-2,0,-2,3,3,1,-2,3,0,1,-1,1,-10,3
-3,-5,-3,5,-6,-4,0,-1,-2,5,-6,-1,-1,-1,9,4
-4,5,-2,5,4,-3,-2,1,-1,-1,5,-2,1,-1,6,-6
-3,1,5,-3,9,-1,9,1,-3,10,-8,-3,8,-4,-10,-1
3,4,0,1,10,-3,-2,-1,4,2,-5,4,0,-4,-3,4
0,0,2,7,6,4,-5,2,4,4,1,0,0,0,1,2
-1,-2,2,-4,0,2,-1,3,-4,1,0,-1,-2,2,2,-4
2,1,-2,10,-7,-4,2,0,1,-4,-2,0,-8,5,1,-2
2,-1,3,-6,2,1,-2,3,0,-1,-5,-4,0,-5,-3,-1
-1,-1,-1,4,0,-10,-3,-2,7,1,1,5,4,-3,-6,-5
4,3,-1,2,-5,-3,5,4,3,0,4,-4,-1,1,2,-3
3,-3,-3,2,-2,-1,3,-5,-1,4,1,-3,-5,-3,-1,1
-5,-1,-1,-1,-1,-4,4,4,-7,0,-6,1,-1,-7,1,2
4,3,-2,2,-3,-3,-1,-3,-3,-1,-6,15,1,-1,-3,-1
-2,-3,3,1,-4,7,-6,-6,7,-3,-1,-3,-3,1,3,-2
1,0,-4,3,3,-6,-6,-3,5,-1,-4,-7,0,1,-2,-8
2,1,4,5,-3,1,-6,1,-1,-4,3,-1,2,-5,0,3
-2,6,-3,0,-5,-1,1,5,6,10,-6,1,-4,1,2,-2
-3,0,-3,-8,-2,7,2,1,-2,1,2,-5,0,-2,-1,-5
-1,-2,4,-7,1,1,-3,2,1,8,-8,3,7,8,-4,-6
-8,-4,-3,0,-3,-4,-1,2,2,-1,1,2,-1,2,4,-1
-1,-5,2,0,4,3,-6,-3,-1,2,-2,1,-3,-2,-2,-5
8,-1,-2,1,-4,4,-1,-1,1,1,-1,1,-5,6,2,6
0,-2,-5,0,6,-2,2,4,-8,-3,5,8,4,2,8,2
0,2,1,-5,-1,-6,-7,4,3,-5,0,2,-7,4,-2,0
0,0,1,5,3,-2,0,3,0,4,-2,4,-1,3,-1,-4
-1,3,-8,-2,0,1,2,1,-3,-1,-2,2,-1,7,-1,6
2,3,-2,-8,0,0,6,1,-5,-6,3,1,-6,-7,6,-1
-5,2,0,-2,2,-2,-1,1,0,0,-2,-2,7,6,3,2
-8,2,-6,-4,-5,-4,5,1,-1,2,-4,-2,2,0,0,-6
6,-7,-2,-3,3,0,4,-2,0,1,1,2,-5,-1,-3,1
0,-6,0,9,3,3,-10,0,-5,2,-2,3,-7,-2,-5,3
-3,10,-3,6,4,1,1,0,-1,-4,2,2,2,2,-9,6
2,0,1,2,1,-3,-6,4,-2,-7,0,-1,12,-5,5,0
6,6,2,3,-5,-8,0,5,5,3,-2,-8,-4,-1,-5,4
4,-2,-3,5,-3,4,3,-4,-9,-2,7,4,0,2,-4,-7
-3,1,1,-2,-4,-4,-2,-1,0,0,-3,-5,0,0,3,4
-5,2,4,-7,2,0,5,1,-6,1,-2,1,-5,5,-7,0
-2,4,-2,2,4,-4,-8,0,8,1,3,-2,11,9,-2,1
5,-1,-7,-8,-1,-4,1,-3,-2,-1,-6,3,0,-1,8,-2
9,-1,-1,-3,0,15,1,1,-1,4,-3,-1,2,-5,2,4
-3,1,5,-6,1,-1,1,-2,3,-6,-1,7,1,-2,0,-3
-2,1,7,4,-2,-4,5,2,3,0,-1,1,0,-1,-2,-3
-4,-1,-8,3,5,-9,5,7,0,-1,0,-6,1,4,1,-2
0,0,-3,-1,-2,4,3,-2,6,3,2,-1,1,-1,1,-3
-4,2,4,-4,1,-3,3,-1,2,1,-6,3,0,0,-6,5
3,1,-7,0,-5,6,-2,-6,-7,2,0,-2,3,5,5,7
3,5,1,5,6,-3,-3,3,2,7,9,-2,5,4,0,-2
3,5,0,-3,-1,-9,7,-5,-9,0,-3,-1,1,-4,-3,7
-3,-2,3,-2,0,0,6,-5,-1,-3,-1,0,-5,3,-6,-6
-5,-1,3,5,1,1,-2,5,-2,2,4,8,13,-1,1,1
-1,2,-9,2,-2,5,-4,-2,5,-3,-1,-2,5,-2,0,3
-1,1,-3,3,-3,-1,-2,4,-4,5,9,1,-2,-3,-3,-3
8,3,7,4,-2,-2,-2,-1,-5,2,1,-5,2,0,1,0
-5,0,1,-2,1,-8,0,1,-2,-2,1,2,7,0,6,0
10,3,3,0,-1,1,3,8,-6,3,-5,2,7,-3,-2,-1
-4,3,-6,7,-6,2,-5,2,-1,2,3,3,-10,-4,0,0
3,-2,1,7,-1,0,-4,0,-2,-4,4,-3,-3,-3,2,2
-9,5,2,-7,8,5,-5,0,0,-2,-1,-2,-8,2,3,1
1,-6,0,-1,3,2,3,-2,0,4,-1,-1,-5,-1,3,-4
-3,0,15,-2,0,10,9,6,-2,4,8,-1,-2,-4,-1,1
6,-1,-4,0,4,-3,-3,5,-3,3,1,0,-3,-2,5,0
-6,-4,-2,-1,4,1,-5,-3,1,2,-3,-3,2,0,1,-1
1,-4,0,3,-6,4,6,-3,-4,5,-2,-1,-3,5,8,-3
-1,3,8,8,-2,5,-2,-1,3,5,-2,0,-3,-4,0,2
-1,-6,-3,3,4,1,14,0,3,-2,3,3,3,2,2,0
1,-2,-1,-4,4,-2,-4,-2,4,2,-1,2,5,-1,3,-8
-4,0,0,-1,0,0,1,-7,-2,-4,-3,0,-7,2,-5,4
-3,6,3,0,2,-11,-5,-6,0,3,0,8,-6,-4,0,4
4,1,3,0,2,1,7,-5,-3,-5,-5,-9,-1,-2,3,1
-1,1,4,-4,-1,1,-6,0,-2,-5,4,-2,-5,-6,4,-7
-1,7,2,-5,-3,0,1,-1,-3,2,0,7,-4,5,-2,-1
6,6,-2,2,-2,1,-5,6,-3,5,-4,-8,0,-1,3,-2
0,4,-8,0,-7,-1,2,-9,-1,5,2,0,3,2,-3,-6
8,5,-9,2,-3,6,0,5,1,5,-1,-2,3,3,4,2
7,0,-1,0,-2,0,1,0,1,3,-2,-3,-4,-2,-4,-5
5,6,-4,-11,-1,5,5,-4,2,-7,3,-4,6,1,3,-4
6,1,-5,-4,0,-2,2,3,6,-5,-5,-2,-3,-3,-6,-7
-2,-1,1,-1,-5,4,-8,-3,-4,-7,-3,-2,2,4,6,3
-4,1,-5,4,7,-4,1,-8,2,-3,3,1,7,0,-4,-3
-7,-3,7,2,6,-4,-1,8,-3,0,0,-2,10,1,0,-6
1,-4,-3,4,4,5,-1,-5,-1,5,1,-2,-2,1,-5,-11
1,0,-1,-2,-1,-4,2,-1,4,-6,0,-1,-2,-2,0,0
1,-5,-3,1,-9,-1,2,10,-7,-1,-1,-5,2,-4,3,-2
-7,-7,-5,-3,6,2,3,-3,10,2,5,-4,7,-2,2,6
-2,-2,0,-2,0,-2,6,3,-1,9,3,-1,2,4,0,-1
5,-1,-9,1,-2,-4,-5,2,2,4,1,-2,-3,-1,7,1
3,4,-3,2,-1,-3,1,-8,2,4,1,-3,0,3,-1,-2
4,3,-5,-3,6,-2,-3,-2,-2,-5,6,-5,-3,-7,-3,10
2,0,6,-2,-1,-2,-5,7,5,-3,-1,3,-2,6,-3,2
-3,3,-4,10,-3,-4,4,3,1,6,-2,9,-3,-2,1,3
-3,0,-5,-5,-4,6,-4,7,-5,4,6,5,-1,-3,-3,-6
2,3,-1,2,1,-1,-3,-2,-8,1,5,4,-1,-3,-2,2
1,-1,1,0,-3,3,0,-2,4,-3,-2,-1,9,4,0,1
6,-2,-4,1,-3,5,-2,2,5,-3,4,2,1,-5,1,-1
1,-3,-7,4,2,-4,5,0,2,-5,3,-3,3,2,4,5
6,-2,-4,5,-9,4,-3,0,12,1,-6,1,1,2,2,0
9,1,-2,-3,5,-3,0,-1,2,1,-2,-7,-3,0,3,2
3,4,-3,-3,2,5,-4,-5,-2,-6,-4,4,-5,5,-1,-2
1,1,-1,2,-5,2,-2,1,3,-5,0,2,-4,7,0,5
4,-5,1,2,5,-5,1,2,0,6,4,-10,-3,-4,-5,8
0,6,-4,3,-3,1,-4,0,10,-1,2,2,-7,-4,-3,9
1,3,0,2,5,4,-3,2,-2,-1,6,2,-1,3,-10,-8
3,8,-12,-4,-11,8,5,0,1,0,7,-4,1,3,3,-1
-5,-4,-1,6,2,-2,-1,5,-7,-2,-5,-3,-4,-4,3,-4
1,3,6,3,-2,-1,3,0,6,-2,5,-6,-2,11,4,-1
-1,-3,2,-2,2,-3,-1,-1,3,0,1,-1,5,0,5,-2
-6,5,4,-5,-9,2,-8,-2,3,6,-4,-1,5,0,-1,-1
6,0,1,-2,1,3,7,-4,-5,2,-4,-4,-2,0,1,2
-8,0,-3,5,-3,5,-6,5,-5,0,-2,1,-1,-6,2,3
10,1,-1,-2,-2,-1,1,6,-2,-5,-1,3,6,-2,8,4
-2,0,-3,-1,0,7,3,3,-8,-2,-10,3,2,6,-1,1
-3,2,-5,3,-7,-4,2,0,-3,4,0,5,-2,-1,7,1
-5,-7,-2,0,-1,8,-6,-2,5,-1,-5,2,6,8,2,6
4,-3,4,-1,-5,-6,3,-3,2,-7,7,0,0,1,-7,3
4,2,-3,4,-2,-2,0,1,-3,-4,0,0,7,-1,3,0
9,-7,-5,4,-4,-1,0,1,-3,-2,-5,6,3,-1,7,4
1,2,5,-5,1,-1,4,1,-7,-9,-5,0,4,-1,2,2
-6,-7,-3,-5,0,4,-7,1,0,2,-6,5,-7,2,0,2
-9,0,6,-5,5,-5,4,3,-12,0,8,0,2,0,0,-5
5,2,4,-3,3,-6,1,0,5,-1,3,3,5,-3,8,-2
3,3,2,-2,5,1,-1,0,-3,3,3,-4,-1,2,2,-3
1,1,-3,-3,-6,2,-1,-4,5,4,-5,0,4,-2,-6,-3
-3,0,-1,-1,4,4,3,-6,4,8,1,-4,-1,-1,3,-1
-6,-1,-7,0,4,-1,0,5,-3,0,-5,-8,-5,5,4,5
0,-5,-4,-1,4,2,-7,0,-3,-2,0,-6,12,0,0,-2
5,-4,-5,2,6,-7,1,-4,0,-2,6,1,4,0,-1,-6
3,2,0,1,0,2,-7,4,1,-6,-2,-2,7,2,0,6
-1,-4,-1,1,2,1,-3,3,-6,-5,5,-3,-1,-5,-3,-5
-4,-4,2,-6,0,3,2,3,11,0,1,-3,-1,2,10,2
-2,2,-6,0,-6,5,6,-6,-6,6,-3,1,0,1,3,-1
-1,-1,-3,-1,10,-3,5,1,5,-3,-11,1,6,4,-1,5
-1,-1,8,4,6,0,0,-4,-3,-5,-2,-1,6,-3,1,3
-5,0,3,9,3,9,4,-2,-2,-1,-3,-4,0,-4,-3,-3
2,-1,-5,3,-3,-6,1,-8,-2,-4,0,0,0,-3,7,-5
-4,-2,-5,6,1,2,-7,2,-10,-4,6,-2,-5,1,6,3
2,-5,-1,3,6,4,-2,0,7,-5,5,7,2,-5,4,-5
4,-3,-1,2,6,-4,-2,-2,-5,1,-8,-5,1,-3,-5,-2
3,1,6,-3,7,-2,9,1,1,-1,4,4,3,6,-1,0
1,-1,4,-2,-7,-3,11,4,7,2,5,1,-7,-1,-1,4
-1,2,-2,10,-9,-4,7,-5,3,6,-2,-2,1,-4,-4,-1
-1,0,5,3,-2,0,4,1,-1,-2,-6,7,-6,-5,1,-5
3,7,-6,-4,2,1,-3,0,-3,7,-2,4,-3,-1,5,-5
5,3,-1,4,-2,-4,0,3,5,-3,-1,-5,0,-5,-6,-1
1,4,2,0,2,1,-7,-1,1,1,-4,2,-1,0,-6,-4
2,2,-3,-1,0,-2,-3,3,5,-4,-3,-6,-3,2,-5,3
3,2,2,7,1,1,-2,0,1,-2,-2,-2,-5,-2,-2,-3
8,4,2,2,5,-4,0,-2,-6,4,1,5,-3,-2,-1,2
0,14,3,-2,4,-3,5,7,-3,0,-10,1,-2,1,5,-2
1,4,-2,-5,-4,5,0,-4,3,5,-6,-2,1,0,-4,4
-4,2,-7,3,0,4,1,-4,1,7,-3,1,4,5,3,1
4,0,1,5,-2,1,4,-5,3,5,-3,2,-6,1,-9,1
-1,5,5,-3,1,3,1,8,5,1,5,1,0,1,0,3
2,-1,2,-2,5,0,0,7,-9,1,2,0,-1,9,1,-2
1,-7,2,-1,2,-3,3,-7,-1,2,1,4,-4,-1,1,0
0,3,2,-8,-1,6,-3,-6,-1,4,-4,3,0,6,3,-6
1,2,-7,-5,-4,0,-2,2,-12,-1,-3,9,-6,-1,2,-2
-1,3,-7,2,4,-5,7,1,1,-3,-3,-1,5,3,-2,8
1,3,1,-1,-2,2,0,2,-1,-2,0,-2,-1,-2,-3,4
1,8,-3,-8,-1,3,5,0,3,4,1,5,2,-2,2,4
-2,4,0,3,2,-4,7,-3,-3,1,0,2,4,-2,5,-1
-4,-1,0,-1,3,-2,4,3,2,-2,4,-4,-1,5,4,-3
11,0,1,-2,-5,-4,5,5,-1,0,-1,-2,1,2,-5,5
4,-2,0,-3,2,2,7,-3,3,-3,1,-1,1,-6,4,3
0,3,2,4,-3,-2,-3,-1,2,0,-5,2,7,0,-3,-2
-6,-6,0,-10,2,5,2,1,-5,-8,3,-7,4,-3,-5,-10
-11,0,0,1,-1,1,0,-5,-2,4,5,1,-3,-2,-3,3
7,-2,-1,0,0,-3,2,1,6,-1,-9,7,-5,4,-2,3
3,-4,-3,-3,-2,-4,-6,-2,-1,1,-5,1,4,4,0,-2
3,-1,3,0,-3,6,4,-3,4,0,-5,2,-8,-3,-7,-6
-8,6,-2,-5,8,-8,3,2,-9,-4,2,2,5,-2,-1,0
-1,0,3,-3,3,4,-3,-2,2,-3,1,0,-5,0,-3,-3
5,-3,3,-6,2,4,-2,-4,-3,-2,8,2,4,-4,5,-2
-5,5,0,2,-4,0,1,0,1,2,0,-6,-3,-1,-2,9
-2,0,-3,2,0,-3,8,0,1,-12,-2,1,2,5,1,3
0,1,0,4,-2,5,5,5,3,-4,-3,3,-3,-3,-6,0
1,-1,-4,1,-2,11,0,2,2,-2,6,-3,-4,3,5,4
-2,2,-5,-6,-2,2,3,3,-12,4,-1,5,2,3,-1,-7
-3,-2,14,-3,7,-3,-2,4,3,3,1,-4,-3,-1,-1,4
-2,9,1,3,-3,-1,4,6,-3,-9,7,-4,-3,3,3,-1
0,-1,-1,1,-1,5,5,-2,5,-6,-2,1,-4,8,3,4
-2,-3,-1,-7,-7,-4,0,3,-6,6,1,-2,3,-2,6,2
3,7,-1,-7,-2,-2,7,1,2,-1,4,-4,1,0,3,6
-4,2,-5,-5,1,4,0,-5,-1,1,-6,4,8,11,-3,2
-2,-1,-2,-3,-2,-1,-4,0,3,-5,2,-1,-6,-3,2,-2
0,-2,1,-3,-2,6,1,3,-3,3,-1,4,0,-1,-2,-2
-2,3,1,-1,2,3,-3,-1,-3,0,4,-3,1,-4,1,-2
-2,7,-1,4,-1,-4,3,2,0,-9,-4,-2,2,-3,-8,-2
0,-4,-8,-5,-4,-6,-6,2,6,4,-1,2,-2,10,6,-3
3,3,-9,9,0,-6,-5,-2,0,1,0,-3,7,-10,5,3
-5,2,-4,-3,2,5,-1,-8,1,-3,-3,-1,1,1,3,1
0,-2,-10,-7,-2,-6,6,-7,7,-2,4,-1,0,-4,-1,0
0,4,-3,-1,-4,4,-2,-3,-1,1,0,6,-1,-4,-3,0
-3,-1,5,2,-3,0,2,0,3,2,-3,1,-2,4,4,-3
3,0,7,-1,-6,-2,-2,-5,-1,-5,-6,4,-4,5,-1,5
-1,-4,-9,-3,7,-4,0,-1,-1,5,3,1,3,-3,5,0
-4,-3,0,3,2,-1,1,9,5,1,-3,-1,7,-3,3,-2
-1,-1,3,-6,3,-5,-2,2,-6,1,7,0,7,-9,4,2
-2,-4,7,2,-5,10,6,-2,1,1,6,1,2,3,-6,-3
2,9,0,0,-2,-2,2,0,6,-4,5,-1,3,0,-4,4
0,-5,-1,-3,-3,2,-2,6,3,-3,-4,1,3,-4,6,6
1,3,-5,2,-2,-3,2,0,1,6,1,-8,0,9,-2,-4
6,2,-2,1,0,-2,-10,6,-1,-1,-1,3,-1,4,0,1
-3,-1,0,5,6,4,5,-4,0,0,5,0,2,0,-1,2
2,-1,0,-2,3,4,4,2,3,2,0,1,1,3,2,1
-1,-1,1,1,0,-2,-5,6,0,3,-1,2,2,-1,-6,-5
-3,-4,-2,-5,-5,-5,2,3,1,8,2,-5,3,3,7,-5
3,-3,1,3,-2,-1,-5,-1,-6,3,5,3,5,0,3,-1
0,9,0,3,-2,2,9,-2,2,2,0,-2,6,3,3,5
6,-5,4,-1,-3,0,2,-1,-2,-1,-5,2,2,2,-1,2
2,1,1,-3,-5,3,-6,-1,1,-4,-3,-6,5,1,-2,1
4,0,2,4,-3,0,-5,-5,0,0,5,3,6,-6,-3,3
-7,-3,4,3,11,0,9,4,4,0,0,0,3,4,3,-3
-9,-9,2,-3,0,4,-5,3,4,-3,-6,3,0,1,1,4
1,6,2,1,-3,0,1,1,-1,3,0,-5,2,1,-6,-3
4,-5,-5,1,-3,-5,-3,-4,0,1,-5,-6,0,0,-5,1
5,-2,2,1,1,-7,0,-1,-2,0,0,2,0,-2,-1,1
0,0,1,5,4,0,0,-2,-9,1,3,-3,-1,5,-1,9
5,-6,11,-1,-3,-1,3,2,1,5,-6,-5,2,-2,5,5
-3,3,-1,1,2,-2,6,1,1,-3,-5,7,-3,1,4,0
-3,2,3,-7,-6,-1,-1,-6,-4,-7,-2,4,1,0,3,5
10,3,-2,-2,-1,4,2,0,-1,3,-1,-1,-1,1,1,1
0,0,1,7,-4,-1,2,-2,-6,-3,9,-3,4,-7,0,4
6,1,-5,-4,7,7,2,-8,-1,-4,-2,7,-2,3,2,6
-4,6,-5,0,0,-1,4,-4,2,2,3,-2,0,0,-5,1
3,3,3,-6,-2,6,4,6,0,-4,-2,2,2,-4,3,-1
5,2,-6,-1,0,5,-3,3,3,5,-3,-1,3,-1,-7,2
-4,-2,7,0,2,1,-1,-1,-5,7,-6,2,-9,0,3,-7
-4,-5,0,-9,-7,-2,-1,-2,0,5,5,-4,-4,1,9,6
2,0,1,-6,4,6,-5,6,-1,-3,10,-8,3,-8,-1,-3
5,-3,7,-4,-3,-3,6,-1,2,3,-6,0,-1,0,0,2
5,4,3,-1,-2,6,-4,3,-7,-3,1,-3,4,6,1,-3
2,-4,-6,1,0,-1,3,2,3,0,-2,-3,-1,2,0,4
3,-1,3,-4,-3,-6,-5,-3,-6,0,-7,-4,-3,5,-1,-5
-7,-2,9,1,2,0,-6,1,7,-2,3,-2,-5,-2,1,3
-2,0,1,1,0,-7,2,-5,1,-1,1,3,0,-2,2,-1
-2,5,-8,-7,5,6,-5,1,4,-8,-6,-2,2,-4,-3,-8
-1,-3,-6,0,4,9,2,3,0,-2,-6,-4,-2,-1,4,-4
0,2,1,-3,-8,-1,-3,0,-5,1,1,-1,5,-2,2,-1
2,-1,2,0,2,2,-6,3,-5,-2,3,0,1,-5,-1,3
-4,3,-2,-6,-7,1,-4,0,-2,9,3,-1,1,7,10,4
-3,-1,3,4,3,1,-2,1,-2,-1,-4,4,-1,3,-1,0
-3,4,0,4,8,5,5,-1,4,-2,-3,2,-1,-5,4,13
4,-8,1,2,-3,-9,4,0,3,-8,0,-9,-6,3,-2,0
-2,0,-4,7,3,-3,-5,1,3,2,5,-1,1,2,-2,2
1,0,-5,-4,1,-1,-1,1,-5,5,0,3,6,-2,0,4
-2,-4,6,-2,5,1,7,3,1,3,4,1,3,-5,3,3
3,6,-3,-5,-1,4,-4,2,-3,2,-4,3,-8,-1,0,0
-7,1,-1,-1,0,1,-5,-4,-5,0,-1,3,4,-5,2,0
-3,0,-2,-10,-11,1,1,-2,4,10,-5,-5,2,-5,3,0
-7,-8,6,-8,3,11,-5,-8,-2,3,2,2,1,2,2,3
1,0,6,0,-1,2,4,1,6,-1,7,0,-1,4,0,3
0,2,-1,5,-2,2,1,1,-2,2,-1,-8,-2,-3,-6,7
-3,-5,3,2,6,6,0,-7,0,-4,-4,7,-6,-8,-6,-6
10,9,6,0,-1,4,4,1,3,0,4,-4,-6,2,1,2
0,-5,1,-2,-8,1,1,4,4,0,2,1,-4,-2,0,5
4,3,1,-2,0,1,3,5,9,7,0,-9,0,0,3,3
-9,5,-1,-7,7,2,1,-7,5,8,-3,-2,5,-1,-1,0
2,3,2,2,-1,0,-3,-2,3,3,-4,5,1,3,-2,2
-6,2,-4,-4,1,-6,2,2,4,5,-2,8,0,-7,3,6
8,4,-4,-6,2,2,0,-9,5,-5,1,4,0,1,6,10
1,2,-1,4,-2,-6,0,5,2,-6,1,7,2,-3,-6,0
4,3,3,-2,-4,-1,2,4,-3,-6,-1,1,1,5,-2,-4
6,-4,-9,2,-1,7,0,2,-3,-1,-2,0,-1,-4,-1,5
-2,-1,-1,4,2,-4,-1,2,-2,4,-5,4,0,4,6,-3
1,-3,4,-4,-7,5,7,-2,0,3,1,1,1,2,6,0
0,-10,1,-3,-1,-3,-3,-1,-4,0,-2,4,10,2,-2,1
1,6,1,-5,1,4,-4,-5,-1,-3,7,0,6,4,-3,1
5,5,-4,2,-1,-2,-3,5,-5,-3,6,3,2,1,1,5
1,-3,3,-8,1,-3,-2,4,-9,0,-3,10,0,12,0,-1
-6,3,0,-1,-4,-1,-3,3,-4,0,-6,-9,5,-1,5,-3
10,-1,-3,1,-5,6,1,-1,-7,3,-1,2,4,-7,4,0
6,-5,-4,3,0,-8,1,6,2,-4,1,-2,11,-4,-1,2
-1,9,-2,6,-1,-5,-3,-1,0,4,-2,-1,-3,1,1,-9
-3,3,1,2,-3,3,2,3,-4,6,-5,-3,-2,-3,3,-3
1,-1,-1,-3,0,2,-1,3,3,5,-4,1,-3,4,-2,2
-2,6,-4,-7,-2,-5,0,-4,2,-8,-6,4,-3,2,1,-2
-4,-1,-1,-2,3,-3,-4,3,4,3,0,6,0,1,-3,4
3,-3,-4,-2,2,3,-5,-3,-2,-2,-3,-4,-1,0,1,9
5,-1,-2,-1,3,5,-1,2,-3,-1,1,1,9,4,-5,-2
-3,4,0,7,-3,-7,2,-1,0,6,-1,1,-3,4,9,3
0,4,1,0,-2,3,0,-1,6,11,8,3,0,4,-5,-2
-1,0,-1,-5,3,-1,0,-2,-4,-2,1,1,-3,2,1,-1
0,-4,-3,2,-6,0,-3,-2,1,5,5,-1,2,3,-5,0
0,10,8,-2,-5,-2,-3,-2,0,-3,3,-1,-2,1,0,2
2,1,-3,-1,-2,7,6,2,-2,-3,4,9,-4,-1,3,2
2,0,-3,9,1,3,-7,-3,3,-2,-4,1,-3,2,-7,4
2,-6,-2,3,6,2,-4,-6,-2,0,-1,-5,-6,1,-2,-3
-2,0,-4,4,1,3,3,-8,-3,-4,-2,1,2,5,0,2
3,1,-1,4,2,1,-9,-2,-1,-4,1,0,-4,0,-2,1
2,3,-3,-5,-3,6,0,2,-6,4,9,3,-2,0,1,-2
0,-2,0,-1,3,-9,5,1,-4,0,-1,7,3,3,-8,-4
-9,4,-3,1,3,-4,5,-8,-9,0,1,-2,-3,5,-3,1
2,-2,-1,-5,-2,-5,0,-1,-1,-4,1,5,-2,-3,-11,3
-9,-2,1,-1,-1,-1,1,-7,-3,6,-1,-3,-1,0,0,1
8,-5,-3,2,3,0,1,2,-5,4,5,-4,4,-5,2,-5
-1,-6,7,4,2,0,-4,6,4,3,-6,-1,-3,-5,8,-7
0,0,-3,-11,3,-1,-2,5,-6,-1,-1,3,0,-5,-3,4
-7,-2,6,2,0,5,-4,6,3,-2,-1,-4,-2,-5,3,0
-6,0,-1,4,-1,-1,-1,-1,2,-6,-5,-5,-2,5,7,1
-2,2,-1,9,1,2,3,-7,1,-3,2,-4,2,4,-1,4
-2,-2,0,3,4,-2,0,7,-5,0,3,-2,2,3,6,2
1,6,6,0,7,-2,2,-3,0,1,5,6,-1,4,0,2
1,7,1,1,1,-3,-5,3,-2,0,5,5,7,4,1,5
-1,-5,1,3,-2,0,-4,-4,-4,3,-1,-1,-1,0,3,10
0,5,2,-5,4,0,-3,0,6,2,6,8,1,6,-6,-4
2,-1,0,-7,0,-8,2,1,6,0,0,-9,1,2,2,-16
0,3,-3,-4,-2,1,-5,0,3,-5,1,-5,-1,0,2,2
0,-1,1,-1,-2,-1,-1,-6,-2,-2,-5,0,-2,-1,-3,2
0,2,2,-5,0,6,4,0,2,-7,-1,-2,-2,1,-4,5
-1,1,0,0,-6,4,10,0,-2,-1,2,1,-2,-7,-5,3
-4,-4,0,-7,0,-7,-10,2,-4,-7,2,3,10,6,-1,2
1,-3,3,2,-3,-4,3,1,1,-2,3,1,-10,3,2,-3
1,7,-2,-6,5,5,9,0,0,-3,10,3,-3,0,-7,3
-4,0,5,-5,-1,1,2,-8,-4,5,-1,1,-1,1,-2,1
1,4,-1,0,5,7,-3,2,2,6,-8,0,0,0,-3,-2
4,-2,5,2,2,-1,-5,-2,3,0,4,-3,-12,-1,2,-3
2,-1,-4,-1,3,-2,0,-4,2,-3,-1,-5,0,3,0,-5
-2,2,-6,-4,10,-1,-3,-2,-5,-1,-7,-1,-1,1,0,5
2,-3,-11,-1,-6,-2,0,0,6,5,-1,0,-2,4,3,8
7,2,3,5,-5,-1,1,-3,-4,6,-3,4,3,-1,-3,3
-2,-1,-2,-1,-2,4,1,1,6,-2,3,-2,2,3,-3,-2
2,1,5,6,3,0,-2,4,2,2,-4,3,1,3,3,-1
0,3,-1,2,2,-2,-1,-6,4,2,-3,1,2,-3,0,1
-6,-3,-2,-3,0,-5,-6,-2,6,2,2,-4,-1,1,0,4
1,1,1,6,-1,3,0,-1,-8,-1,2,-10,-2,3,-2,-1
-3,0,10,-11,3,-7,-2,0,-4,-3,-2,-8,-1,-3,2,3
-1,2,3,1,-6,2,3,6,1,7,3,-2,1,1,-1,-5
1,3,1,-7,-1,3,0,-6,1,8,-3,-4,-1,-1,0,-2
3,-1,3,-5,1,-3,-2,3,0,-6,4,5,-7,-7,-2,-3
5,-1,0,3,3,-4,1,-5,-4,1,5,4,0,-4,-1,3
-4,-3,-6,2,1,4,3,-1,4,1,1,2,-2,-2,7,0
3,-1,0,-4,3,1,6,-4,-1,1,-2,0,4,2,-1,-5
5,-5,-6,1,-5,-1,2,0,2,0,1,6,-5,0,-1,1
4,1,-3,-2,-2,-2,-5,2,-2,-5,1,-4,2,3,3,-10
2,-3,-1,6,-7,-1,-8,6,-2,1,6,-3,-1,3,-4,-8
-4,-8,-2,-1,3,4,1,3,4,1,-1,0,6,4,8,6
1,-1,1,2,-4,-2,0,2,5,3,-5,8,-1,5,0,-2
-1,4,-1,-8,-2,-5,3,-1,-1,1,-5,3,-3,-2,-8,5
2,2,-2,-2,-1,-1,0,-3,-1,-2,0,2,5,3,-1,5
-2,4,-6,-7,-1,5,2,-2,-2,-2,2,-1,-4,4,4,-1
-6,2,1,2,1,-2,2,-6,9,5,-2,6,0,4,4,-7
5,1,8,3,4,-9,3,-2,2,8,-2,2,6,-2,-1,1
-2,-8,-3,8,-3,-3,-3,-1,0,1,4,1,7,-1,3,0
7,4,4,-2,2,1,3,1,-4,-3,3,-3,3,3,6,2
1,0,-3,1,-7,1,-2,5,-1,7,1,2,3,1,0,5
-5,-2,-1,-2,1,2,6,2,-5,-3,1,2,2,-5,6,6
1,-1,1,-3,-4,-4,-1,7,-4,-2,5,0,-4,0,3,-4
-2,4,-4,-1,-1,0,0,4,-1,3,-2,5,-2,1,-3,0
6,-4,-1,1,0,0,5,-3,2,0,1,2,0,0,-3,0
-2,-2,0,-1,-3,5,4,1,6,-2,4,4,5,5,-1,4
-3,-2,8,6,0,-2,-3,1,1,-5,0,5,-1,2,-2,3
3,4,5,-4,-5,-4,-2,2,0,-3,2,-1,-2,1,-7,4
5,-6,-3,-3,-4,5,-1,7,-4,8,-3,5,5,5,0,-4
4,3,1,0,2,-3,0,-1,2,6,-3,4,5,2,2,-7
-6,-4,-7,1,0,0,-1,4,-2,-3,0,-5,-1,4,4,1
8,0,0,-2,4,-4,-6,4,-4,3,6,10,-5,-6,-4,6
2,2,7,0,0,-1,-5,3,-2,-6,-10,1,-4,3,3,-3
-4,-1,-1,-1,3,-2,-6,-3,-2,-6,-2,-1,-8,2,-2,6
-4,-8,-2,5,0,2,3,-1,-2,4,7,2,-4,4,0,7
-4,0,-2,-4,-4,1,-6,-2,-1,-5,-2,2,-4,3,0,2
1,-2,3,0,-3,0,2,2,1,-3,3,-3,0,7,4,-6
6,-4,2,-1,-3,-1,-3,-5,-1,-10,-3,3,5,3,2,-2
4,-1,3,-2,-2,5,7,-7,-1,1,5,-7,1,2,-9,1
3,1,3,-13,0,2,1,-5,-2,0,6,-3,6,-7,0,5
-6,-4,5,2,3,4,-3,-8,-4,-2,-2,-2,1,0,-3,-4
-5,0,2,-3,-3,-1,5,-1,-2,-2,3,0,-7,-1,2,7
0,3,0,-2,0,2,-4,2,7,0,-3,1,2,-7,3,3
-3,-8,1,-7,-2,-6,-7,-12,-12,6,4,3,-1,5,-3,-2
-3,-8,6,0,-2,-8,0,2,0,-9,0,8,4,-7,-1,3
1,-2,-7,-2,6,2,-1,1,2,6,-8,-6,2,0,7,5
-2,0,1,-1,-1,-1,0,5,-3,2,0,3,4,3,-3,4
-3,-4,3,2,3,-2,-6,2,-5,4,3,8,3,-3,-1,1
-3,0,3,3,1,7,-5,3,-14,4,-3,8,2,-3,-1,1
4,-1,10,6,-1,6,-4,8,-3,0,-3,1,1,6,0,1
5,0,-3,3,4,3,4,-6,0,-3,-3,-1,1,2,-3,3
1,1,-1,8,10,0,-3,4,5,1,3,4,5,-6,0,2
0,-3,0,-5,-2,-5,-2,-10,0,0,2,1,-5,5,2,2
-4,1,1,5,1,2,0,-3,-3,-1,1,-6,-5,-2,-3,5
-5,0,-7,2,1,8,-3,2,1,6,0,-4,0,2,4,1
-3,-7,7,-6,7,3,-2,1,1,2,2,4,-1,3,0,1
-1,0,-7,3,-6,-1,3,2,3,7,7,-10,3,-3,1,5
-1,5,-1,1,8,8,-7,-4,-8,3,-2,-2,6,-1,-3,-2
-2,0,4,-6,2,3,-1,-2,-1,0,-7,-2,3,4,-1,-2
2,1,-6,-2,4,-7,3,-2,-4,-1,-4,1,-1,2,-2,0
1,-2,1,-3,-4,2,-5,5,0,-2,-5,-2,-4,-2,0,6
-4,-3,-10,-1,4,-5,-5,-3,1,-3,4,-1,3,4,-9,-1
1,3,2,0,-7,-2,5,5,6,3,3,-3,-3,-2,-3,0
-5,1,-10,2,-3,5,-2,0,-2,6,-4,5,0,1,3,1
0,2,4,-5,1,-3,-10,-6,5,1,-6,-1,3,0,2,2
-5,0,4,6,-3,-3,-3,2,-3,-2,1,-4,-1,-8,-5,0
2,-4,-7,1,-2,-9,2,-3,3,-5,4,-1,-1,-3,1,-1
-3,-6,4,-2,-4,-5,7,-3,-2,-4,-1,5,1,5,4,3
-2,0,-3,3,8,4,-6,0,1,-6,-1,-4,6,0,3,-2
-3,-1,-5,2,3,-3,-5,-3,-1,-1,3,4,6,-1,-6,1
-4,0,4,0,-1,6,-7,3,-1,0,-2,-4,6,-1,-2,1
-4,3,-5,1,3,4,2,-2,-1,6,-4,3,3,2,-2,-2
1,0,3,-4,0,4,1,2,5,6,0,-5,-4,0,-4,3
1,8,1,0,1,1,-3,-2,-1,0,3,-2,-3,-7,-6,0
-2,3,-2,-3,3,-1,-5,-7,2,2,-4,0,-3,5,0,-1
-2,3,8,-1,-2,-5,-4,-6,2,6,-8,2,-2,8,3,-10
5,-4,-1,5,-1,5,4,0,0,8,-1,-4,-4,-3,10,2
3,7,0,1,3,7,4,2,1,4,3,2,-2,2,-4,10
4,1,-6,-3,-1,-4,-5,-1,0,-5,-1,5,3,3,-7,-4
-1,-1,-2,0,1,-8,3,6,4,-1,0,0,-1,-8,0,-1
-10,5,-2,3,1,3,5,-7,0,-5,8,2,-1,-4,-4,9
0,-3,-3,-8,1,-4,-6,2,3,-6,-1,3,-2,4,4,-5
12,-2,0,-7,0,-3,-1,4,0,-5,1,-2,-1,-3,-4,1
-4,-1,-6,10,-1,-2,3,4,4,3,0,6,4,-3,-1,0
1,-4,3,2,6,4,0,-1,-4,-4,2,-2,-2,-1,6,2
2,-1,-3,-2,2,1,-4,-7,2,-3,-1,-1,-4,-3,-1,-3
4,10,1,-1,-8,1,0,3,-5,-2,2,5,-3,1,4,3
2,-4,-3,-2,2,1,5,0,0,0,0,5,-5,7,4,-4
-7,-2,1,-4,4,6,3,-4,2,-4,-6,0,-3,0,3,4
1,-4,-3,3,1,2,-4,3,0,-6,-3,-11,-6,-5,0,-5
3,0,-2,-8,-3,-2,-11,-2,-3,1,4,-1,6,3,-4,2
-3,-2,0,-4,-1,0,-7,-3,-7,-1,-4,1,1,-1,3,-2
4,5,-1,-1,7,1,11,2,-1,4,-4,3,-1,-7,-2,1
1,-4,-2,3,-11,4,4,4,0,-3,-2,-8,0,-4,5,-3
-4,1,2,-8,4,-4,0,3,6,0,-3,-8,5,2,3,-7
-5,-5,1,-2,2,-6,2,-6,1,-7,-5,-5,-5,-5,1,0
-5,2,-2,2,-1,3,-6,-9,-5,-3,0,8,2,-4,3,-5
4,-1,4,4,-1,-2,1,6,-1,4,-1,4,5,-6,-4,10
0,0,-2,-5,8,1,-6,1,4,-1,-2,7,-8,2,0,-1
2,3,2,7,0,-4,2,4,0,-1,3,4,6,-10,-5,-1
4,4,-4,8,0,4,-3,5,-6,1,5,1,4,0,0,0
0,1,0,4,8,-2,0,-2,2,4,-4,-4,-1,-4,-8,4
-5,1,8,2,1,0,-6,-3,2,-3,0,-3,3,3,-3,-3
2,-1,-2,-4,0,-5,2,0,2,0,3,0,2,3,3,6
-5,7,4,1,-2,4,-2,0,-7,-2,-1,2,6,-3,3,-4
7,2,4,3,-10,-11,3,-6,3,0,-1,-6,0,-4,-3,-1
5,-7,0,4,-4,3,8,2,5,1,4,-6,-7,-2,-6,2
1,5,-5,-8,-6,-4,-1,-5,0,2,4,2,-6,4,0,7
3,-4,-8,5,-2,0,4,-1,-4,-2,-4,3,-5,-2,3,3
5,4,-2,-1,1,-1,-2,-4,0,3,2,7,0,2,2,1
5,-1,0,8,-8,-2,-5,-3,-7,3,-2,2,2,-10,0,-5
-1,-2,0,1,8,1,-4,-3,-4,-1,-8,2,2,7,-5,2
-4,3,1,-1,3,4,-5,-4,4,4,-2,0,7,-3,5,-1
3,-6,2,0,2,-3,-7,-3,1,-3,2,1,1,2,0,6
3,3,1,0,-3,4,2,-1,0,1,2,-1,-4,-2,4,-7
1,-2,-3,7,0,-3,0,4,-6,-4,2,-5,0,7,4,2
6,1,3,-8,-6,-4,1,4,-5,6,-2,3,-9,-4,0,5
-1,2,-4,4,3,4,1,4,-3,7,-1,1,1,4,4,-2
2,3,2,-2,1,7,2,0,-6,-3,1,2,-7,-2,0,-2
-4,3,-1,2,-5,-1,-2,2,4,-1,1,-7,3,-1,2,2
2,-3,1,6,-2,4,-3,5,0,-2,-7,-4,0,4,1,-1
4,-14,3,-5,1,-2,1,-1,1,-2,7,0,5,-4,-6,6
4,-4,3,-2,-5,-1,6,0,11,2,7,-9,-1,-2,4,3
-1,0,-2,0,-1,-3,-2,2,-5,-1,0,4,5,0,-2,-5
2,2,5,-1,3,9,0,1,0,1,3,-3,1,3,-2,1
11,10,4,-6,-2,0,2,6,-1,-5,1,5,-4,0,-2,-4
-1,-4,-2,-1,3,0,-3,0,-5,-1,0,2,-4,-5,2,-1
-3,-5,-3,-2,8,5,4,0,8,-3,-4,3,4,-2,3,-3
-3,3,-1,3,-6,4,-2,-7,7,3,9,3,-4,4,1,-4
-1,3,-3,3,3,-4,-5,4,0,1,-5,7,3,5,2,-4
-2,-2,0,4,-2,-2,-2,-3,-3,10,1,4,-2,2,2,-3
-6,-1,5,3,0,5,-7,3,7,0,-2,0,4,-5,10,-3
-4,1,1,-2,-6,3,5,4,1,1,0,-4,-2,7,2,-3
4,-1,-2,3,-3,1,6,-9,2,0,-3,-2,3,1,6,0
0,-3,6,-6,0,5,-1,0,-5,-7,-3,0,-5,2,-2,4
-6,-4,4,3,-3,-3,3,-4,4,5,-3,-1,-3,-1,0,-2
-4,2,4,5,3,1,1,-3,-3,5,0,-1,-6,6,-1,2
1,-1,-5,7,-2,-2,-5,3,-2,8,-1,-3,0,4,0,-7
3,1,3,-4,5,-1,-7,-3,2,7,2,3,-1,4,8,-3
2,1,-1,4,0,1,1,-1,4,-9,8,0,4,10,7,1
3,-4,1,-2,4,6,-3,1,3,-4,1,1,7,-1,2,-4
-10,3,-2,-2,-2,1,-2,-5,-9,1,1,5,6,-4,1,3
2,5,4,2,-1,-4,6,-3,1,-6,5,9,-1,-4,-6,2
2,2,-1,0,1,3,1,0,-1,2,-6,2,-9,-3,4,0
0,1,-1,3,0,-3,4,-3,3,-4,2,-4,-7,2,-3,0
4,1,3,1,-5,2,-2,1,1,-2,2,-2,-3,0,0,-9
-3,-2,4,8,-5,0,2,-9,-5,6,-2,3,-2,3,-1,-2
-4,2,1,2,-5,6,1,-3,8,-8,-1,3,-1,3,3,-4
-2,2,-3,4,-2,-3,-9,1,-1,2,3,5,2,-6,-7,3
1,-1,4,-1,-2,-8,-2,2,2,-7,6,-4,4,-5,3,5
-4,-3,2,8,-1,4,-3,-2,4,2,-4,-2,-7,5,2,0
-3,0,-1,0,3,2,3,2,-1,-3,0,2,-4,6,10,6
0,4,-5,-1,4,4,-1,7,-4,8,4,3,4,3,2,-2
-1,4,-2,-4,-5,4,5,3,7,-1,0,8,2,2,2,5
5,-5,7,-6,-1,0,-1,1,-4,2,0,-6,-10,1,3,-1
5,1,1,6,-8,-1,2,3,-4,-3,-2,-2,2,2,0,13
0,-3,1,-2,2,4,-12,2,-2,1,1,5,1,1,2,9
0,-5,4,1,-3,-2,-3,-2,3,2,-1,1,1,-2,-2,-5
0,4,0,1,4,-2,1,-5,2,-4,-2,0,-2,-2,-4,0
-1,-4,5,3,1,-2,2,2,0,-1,2,0,-8,1,-1,4
1,3,-4,5,2,0,-4,-5,-1,-4,6,2,0,-5,4,3
-1,2,-3,4,-4,2,2,-2,2,1,-3,8,7,7,0,-6
3,-7,2,-10,4,-6,-2,-5,-5,-10,10,-5,2,7,-1,-2
-2,-6,1,3,8,-1,3,3,0,-3,-3,3,1,1,-8,6
-1,-1,3,-1,-3,1,2,-4,-4,12,-1,2,2,3,4,-8
0,2,0,-5,7,4,-8,-2,-1,6,-1,-5,-3,-2,-2,-1
2,-9,0,0,-6,-3,-2,-3,3,0,4,-9,-4,0,5,5
0,2,1,4,6,-1,-2,8,-1,6,5,-7,-9,2,-4,4
6,-4,-1,0,-9,-6,1,-2,2,5,-3,2,-1,-1,-2,4
0,0,3,3,-5,-3,1,-2,3,4,-5,-2,2,-3,3,3
-4,-2,6,2,3,5,-2,-6,-1,8,-2,-1,-2,1,-3,-1
-2,-1,3,1,0,0,-5,1,-9,6,-1,-2,-3,4,5,-3
-2,4,-2,-1,8,5,-3,3,-1,1,2,-8,3,3,0,10
0,-3,2,-2,-6,2,-4,0,5,-3,-2,0,-2,2,-5,-1
5,-3,-1,-3,1,0,2,1,2,-3,-8,-1,-7,4,2,3
0,7,1,1,1,-2,4,1,-1,-2,0,1,1,4,1,1
-3,6,-2,3,2,-7,-3,-5,-4,1,1,-2,1,2,0,-5
1,4,0,6,-2,-4,-2,5,0,-2,-1,2,-1,-5,3,-2
-5,-4,-5,-7,2,0,-3,-5,0,-1,8,0,-1,-5,2,3
1,5,-4,-1,1,-6,-5,-1,-1,-8,3,5,-9,4,-2,3
3,-2,-5,-1,5,3,0,1,-3,0,1,2,-3,3,-6,-2
3,0,4,4,0,-2,1,4,-2,6,-2,-9,5,0,0,-4
5,-2,1,5,2,-4,2,3,-1,0,-2,5,3,-5,-7,4
6,-1,4,6,3,-1,-5,1,-1,3,6,1,6,-1,5,-1
2,-3,2,-8,0,4,1,5,-2,-5,3,-3,-5,-2,4,8
1,1,-3,3,2,-1,1,6,7,-1,-1,-8,4,5,0,0
-1,0,-2,2,-2,5,-7,-3,-3,0,1,2,4,3,3,1
1,3,0,-5,-10,-3,-1,0,0,2,-2,1,-1,1,-2,4
1,6,-2,0,3,1,0,-3,-1,2,-5,-3,1,2,5,4
4,6,-4,2,-1,2,-2,-1,0,-2,-3,-4,11,0,-4,0
6,1,4,-5,-5,5,-1,-5,3,-2,-3,3,4,6,-3,-1
1,3,-5,5,-1,3,-1,0,-5,-4,9,0,3,-3,-5,2
-8,-2,3,0,-1,5,-13,6,-2,3,7,8,0,4,-3,-1
-3,-1,2,-10,-1,1,-6,4,0,-2,5,1,-1,1,2,0
4,-2,1,7,1,7,5,6,2,-2,3,-5,-1,5,-2,3
3,-1,-2,-1,-6,-3,7,-1,0,9,9,-1,3,3,1,-3
-4,-5,-5,3,-1,-6,-7,-3,0,-2,1,-5,6,6,-2,-3
5,7,1,3,11,-1,-2,5,0,5,-3,0,-1,-1,-1,-2
1,2,-1,7,-2,-7,-6,1,-3,7,1,-3,3,-1,1,1
-1,-2,-3,1,4,-6,2,3,-5,-3,4,2,4,-6,-4,-13
-5,-5,2,7,-7,7,-1,3,1,0,-12,1,3,-9,0,-3
1,2,7,0,1,-9,5,11,-3,0,5,2,1,0,3,0
-1,-5,5,-1,-5,-11,-5,-5,0,6,-4,6,2,-2,1,-8
2,-1,-4,4,-3,-3,-4,-2,-3,-5,-5,3,0,0,-3,4
-6,2,-3,5,8,-1,-4,0,-2,5,-6,6,-5,0,6,-2
2,0,1,3,2,9,1,2,-3,4,2,3,-3,0,4,6
-1,2,-3,-7,4,-8,2,-1,-9,-1,-3,-5,-3,1,-2,6
-1,-5,4,-3,-1,-15,3,3,3,1,5,3,-2,-5,0,4
-3,-2,0,0,-3,7,-2,2,-5,0,0,5,1,-2,3,-2
3,0,-1,-5,-3,-8,6,0,1,-3,0,3,-6,1,3,3
2,-5,1,-3,0,5,-3,2,-3,3,-3,-2,-7,5,2,-1
-4,-3,0,11,-4,2,1,-2,-3,1,3,0,-4,2,-1,10
-1,5,-2,-3,-1,6,-1,4,0,7,7,-2,1,5,-3,5
-2,-5,-1,4,-2,-2,-3,-3,-2,-4,-4,6,-1,1,3,5
-2,3,0,3,-5,-2,1,5,2,-6,2,-4,1,2,5,3
8,-1,3,-5,-4,3,3,4,-2,2,1,6,0,-1,-1,5
6,-4,0,5,-3,-5,-3,-5,-8,1,-7,5,4,3,0,-1
-2,-1,-4,2,2,-7,6,1,0,5,3,2,0,5,4,2
5,3,-1,-2,-8,-2,4,3,5,-4,1,-7,6,-11,-1,-2
5,-1,1,-4,3,7,-5,2,-3,8,-3,0,-7,-3,-1,2
1,2,-3,-4,0,0,1,2,-5,-8,-6,-1,-6,0,-1,-8
1,2,0,-3,2,-1,-1,-2,-4,5,0,-2,3,1,2,3
6,3,2,-5,-6,2,-9,3,-6,6,-2,0,0,-1,3,5
3,-1,1,4,1,0,2,1,0,-3,-2,-4,-1,-7,-1,-7
-3,6,8,-4,3,1,0,6,7,-5,1,-1,-10,-1,2,-4
-6,6,10,0,11,8,-6,6,2,8,-3,-4,2,-7,-6,-10
3,-2,9,11,4,1,0,1,0,3,2,4,-5,2,7,-10
-2,5,-5,-1,3,2,1,0,-3,3,-5,4,-7,-1,-1,-6
-1,8,-1,2,-6,-1,2,2,-2,1,1,17,-1,1,9,-4
-4,-1,-5,8,1,0,-6,-2,-6,-1,5,-2,-1,-1,-4,6
1,2,3,2,-1,3,2,-4,1,-1,6,1,5,3,-1,7
10,3,-4,-2,-5,-4,-4,5,-3,2,-3,-2,-3,-2,4,2
0,-1,1,-3,-1,1,0,-4,-1,-7,0,5,-6,-2,-1,6
6,3,-3,3,-3,2,0,-5,1,-4,0,3,-8,9,6,0
0,-8,0,5,2,-2,8,5,2,3,1,2,1,2,5,-2
2,-2,-2,-5,-3,4,-2,-4,6,3,8,2,8,1,1,4
-5,-4,-4,-9,-3,-6,3,-9,-1,4,3,-2,-4,2,-3,-6
-3,2,-3,-3,6,5,-7,0,4,1,-2,-1,-2,-3,-2,-2
7,4,-5,-11,-6,3,-5,2,-10,6,1,-1,4,-4,-6,3
-6,0,0,2,-1,3,3,2,8,5,-1,-4,-3,-7,-5,2
-3,-2,5,2,9,-4,0,-4,4,2,-7,0,-3,0,2,-4
1,1,-2,1,2,-4,2,-1,2,-8,3,-2,-4,3,8,1
2,4,0,-3,0,-1,-4,1,-3,-4,0,-3,0,-1,7,3
-4,-4,-3,1,-1,-3,8,0,0,-8,2,-3,5,1,2,-2
-4,-5,9,3,-5,-7,1,1,-2,6,2,-10,-2,1,-4,-6
-5,-3,0,1,-8,-4,5,2,-1,0,-2,2,4,3,-1,2
2,9,4,2,-5,-8,4,4,8,2,-6,1,7,-1,-4,-1
-2,-1,-1,2,-11,3,-2,-7,-5,-1,-5,-3,-2,-5,5,2
3,-3,3,1,-5,7,4,-2,0,1,2,3,-5,1,12,5
-3,3,-3,-3,0,-3,8,3,4,0,3,2,1,4,2,1
3,-1,-1,-3,-2,1,-6,-5,4,4,4,5,-5,3,1,4
4,-1,-1,2,2,1,-4,-3,4,8,8,-2,-8,-6,5,4
0,0,-1,0,-5,-5,-1,2,0,-9,4,2,-2,14,8,1
1,4,2,-1,5,8,0,-2,-1,9,0,4,-4,0,-4,-2
-3,-6,-3,5,3,6,-6,-5,7,2,2,0,1,-4,2,-3
7,-2,-1,3,4,-6,0,5,2,0,4,-6,-2,0,4,5
-7,-3,2,5,-7,-5,-5,2,-3,1,4,6,-7,-3,1,-3
1,-1,2,0,4,2,10,1,-4,0,-3,7,-2,-1,3,1
-4,0,4,-2,0,-2,2,-4,0,4,-2,-5,-1,-1,-2,-7
-1,4,4,-5,-3,-3,-2,4,-5,-2,1,-2,2,-4,-4,-4
-2,-1,5,2,-11,0,-4,-4,0,0,6,4,-4,1,-3,-1
6,-3,-3,-1,-2,2,5,-2,-4,0,-2,2,-10,6,2,-5
-2,-4,0,2,2,-1,3,-3,3,-7,-4,1,1,0,2,4
-5,-1,2,-3,1,-5,2,-11,2,-1,5,12,7,-1,4,0
3,-4,-2,-4,-7,-4,-3,-4,-3,7,-2,-2,-8,1,-2,0
0,-6,-3,0,3,9,7,5,3,5,-7,-1,-2,-3,1,-7
0,-2,-3,4,4,3,0,0,0,-2,1,-4,-1,-5,0,-3
1,8,-2,2,0,0,-2,1,1,0,3,2,-1,-6,3,6
2,-4,-3,10,-8,3,2,-3,-2,0,-2,4,-5,-4,-8,-2
-3,0,-3,-3,-3,-2,-2,-2,2,-5,-3,1,7,-3,6,-2
-7,-3,2,2,3,3,0,-3,2,-5,5,-1,-1,-4,-4,-9
9,1,-1,-2,2,-2,-4,4,7,0,-1,3,-4,0,1,0
-3,0,-4,0,1,-3,-4,0,3,0,-1,1,-2,3,2,6
5,9,1,0,3,7,0,1,-3,3,-5,-5,7,-3,1,-3
1,1,0,-2,-2,3,6,-5,-5,-1,1,4,-3,4,-5,0
0,8,-1,4,-4,-6,-1,-5,1,2,4,-1,3,2,-5,0
3,-4,-1,2,-1,-2,3,-1,-3,2,1,-1,-1,-3,8,-6
-3,2,-7,-7,-1,6,-1,2,0,1,-3,-2,0,2,-4,-6
-1,-2,-9,-2,5,-3,3,-7,-1,-1,0,-7,0,-2,-7,-2
-3,-4,2,7,-1,-2,0,-1,-2,1,1,1,3,5,1,1
-4,-1,-8,2,5,2,3,1,3,1,-1,7,2,4,-5,1
-5,-3,-4,-1,2,-1,1,-5,-1,-2,-7,6,1,0,1,5
1,5,-5,-7,1,0,0,4,-5,0,0,4,-9,-3,-2,-1
-8,8,12,1,4,5,-5,6,-2,1,4,4,1,4,-6,-4
2,1,-4,2,-4,1,3,-12,-2,-6,-2,-3,0,0,0,1
-2,0,1,-2,-1,0,3,-4,1,-3,-5,-1,0,1,3,2
-4,1,2,3,2,1,1,-2,7,-2,-5,3,3,5,-7,-10
-5,-5,4,2,-2,4,0,0,-1,-3,2,1,-4,-7,-7,0
5,0,-6,-3,2,5,-2,1,-2,2,3,-1,4,1,-1,6
8,-2,5,4,-6,3,7,-4,7,-1,0,0,3,0,-2,1
-1,2,1,-4,2,3,6,-10,4,-6,1,1,-7,0,-2,0
-3,-1,8,8,2,6,3,0,-2,-1,-11,-4,-3,3,-1,1
-8,-5,4,-1,2,-1,4,3,-6,0,-7,3,2,7,-1,-5
2,1,2,0,-4,5,-7,0,3,-5,-2,1,-3,4,-3,5
-2,-8,2,4,1,-2,3,1,-2,2,6,1,-5,-5,-7,11
-3,0,-2,-4,6,-2,3,-2,-8,0,4,-2,-3,1,-1,0
0,6,-4,-3,3,3,1,2,-2,-7,-4,3,3,-9,0,-1
6,1,-2,1,1,4,0,-1,4,-3,1,6,6,-4,3,-9
2,-2,-5,6,-3,1,0,0,3,-2,3,1,-12,3,0,2
-3,-5,-5,3,1,1,7,-1,5,5,-2,-2,0,4,5,-2
0,-5,-2,-7,4,1,-3,-4,1,3,2,1,-1,1,-2,2
-6,-2,3,-1,0,1,-1,6,-5,-2,-1,-3,-1,-1,2,0
0,-4,-2,0,5,-2,0,0,-1,6,-3,2,2,1,6,-2
-1,-6,-2,8,2,-7,7,-2,5,-2,-3,3,-4,0,5,7
-9,1,-1,3,4,3,-5,2,-1,6,-3,0,4,4,-4,2
-1,-4,6,-3,-4,-1,3,0,1,6,1,3,-3,-5,0,-1
2,-3,-4,4,7,9,0,-1,-9,1,1,11,5,-1,0,-1
-1,5,1,4,-2,-2,8,1,-2,-6,-7,7,0,1,-4,8
-2,-2,-4,-2,-4,-5,-3,-1,4,-5,-3,5,-4,2,5,2
-5,4,-3,-4,6,-2,0,0,-10,3,-2,-7,-4,-5,-3,-3
5,-2,2,1,-4,-2,5,3,-4,-4,6,4,6,4,7,-10
6,0,1,3,3,2,0,-7,0,-2,6,6,3,-2,3,-2
0,1,1,6,1,-5,7,1,1,-7,6,7,4,-3,0,-3
4,3,5,8,3,3,-8,-1,3,-5,3,-3,-8,4,0,2
2,0,-7,1,-3,1,10,1,5,-8,2,8,2,5,3,2
-5,-3,-1,5,2,1,1,-7,3,-3,3,-3,4,-5,-5,-4
-2,-2,-3,-6,2,3,3,5,4,-5,-4,1,-2,3,-4,-2
-6,0,-1,-5,-4,2,-4,-2,2,2,10,-2,-4,4,2,-6
-1,0,3,3,0,2,6,-2,1,-2,0,5,0,9,4,4
2,4,-4,-6,-7,0,0,-4,0,-1,8,-5,0,-2,2,1
2,-2,14,-1,-4,-2,0,-5,0,6,-4,-5,-2,6,3,0
2,1,-2,-3,-8,-3,-5,-4,-4,1,2,0,-1,1,1,-1
7,7,0,-4,-1,-1,4,-6,-2,2,-3,0,-4,0,-3,-4
-1,1,-6,0,0,1,5,3,0,4,2,6,1,1,7,0
0,4,-9,-1,1,4,3,0,-3,6,1,0,-2,6,-6,6
0,2,-3,-3,8,1,-4,3,-6,0,-1,-4,1,-4,2,1
-1,-6,0,-5,1,-2,-6,1,6,-7,1,-2,-5,2,-5,-3
-5,3,3,-5,5,8,5,0,-3,1,5,2,-2,-6,4,-1
-3,0,0,-7,3,1,-5,1,3,1,-2,2,-1,2,-8,2
2,-1,5,-3,-4,-1,-7,6,-3,2,-3,5,1,0,4,2
-2,0,-2,0,-4,-8,-4,-2,-1,-3,0,-3,4,5,-4,1
3,4,-2,-1,-2,1,9,3,-5,-1,2,-8,4,8,4,-2
-5,3,2,-2,9,0,5,-4,5,8,1,4,-1,5,-9,-2
-3,-5,-2,4,8,2,-6,1,1,-7,-1,7,-3,4,2,6
-1,7,-4,0,5,7,-8,2,1,3,2,-6,-8,1,1,-2
-1,3,3,1,-1,0,-3,-4,1,-3,-1,2,-4,1,-1,2
-5,-3,-2,-4,2,-2,1,1,-3,-3,7,-3,-6,-9,3,-2
6,0,2,3,-2,-1,-2,-1,-4,-6,5,-1,-1,-4,0,-1
-3,1,-1,4,-3,3,5,-5,-4,2,-9,-2,1,2,1,13
7,-2,-6,1,1,-4,-2,-2,4,-1,2,0,5,2,-5,0
-10,1,-6,-2,0,-1,-3,2,3,-6,-1,9,-1,-1,-2,-5
3,-1,-1,-1,7,-2,-3,-4,0,3,3,2,3,6,-2,4
-4,-5,-3,1,-10,-2,-2,-1,-5,-7,3,-5,2,2,2,-5
6,-1,5,3,0,0,5,2,-4,1,2,-6,-1,-5,-6,-2
-2,3,1,-5,4,-1,6,-1,-8,-4,-4,3,4,-3,2,2
0,-1,-2,-2,6,-4,-1,5,2,-1,-6,5,0,-3,-2,3
0,-8,0,-9,4,-1,0,4,1,3,5,-2,1,-8,-7,-1
4,-2,5,0,-9,1,-6,-2,0,-1,-1,6,-3,6,4,-2
0,-1,7,2,-2,3,-4,2,2,3,-4,-2,3,6,4,5
-4,1,6,8,-1,4,2,3,-4,2,3,0,2,-11,2,3
-3,-5,-1,-3,-13,-4,-11,-1,1,7,2,3,-1,-1,-8,4
0,-2,-8,-1,-1,3,-9,-4,6,-9,-1,-1,-1,-1,-8,-2
-7,1,-3,-3,5,2,-3,0,-2,6,-1,4,-4,3,5,0
-2,-2,5,-4,1,2,-4,3,-3,0,2,-2,4,1,0,-2
3,2,-1,-2,7,7,-3,5,1,-3,-4,1,5,-5,-1,2
0,-3,-3,2,-1,6,-1,-2,4,7,-5,1,-5,3,-3,-4
-6,-1,-2,-1,2,2,-4,-1,4,1,-2,-5,-1,0,2,1
2,6,1,4,-12,4,-1,1,2,-6,2,-7,-1,-5,0,3
-11,-2,2,-2,-2,2,0,6,-2,8,2,-2,1,0,-3,-1
-2,-2,0,0,-1,-1,-6,-7,-1,-1,-3,2,-4,0,-2,-5
3,0,6,-3,1,-1,0,-1,4,-3,1,-4,1,-3,0,-8
7,-8,-2,7,3,9,-4,3,-2,7,0,1,-4,2,-2,-4
0,-4,-1,-2,5,-3,1,-3,-1,7,-10,-5,-3,2,-2,1
1,0,1,4,-4,1,-6,-12,-1,1,-2,3,-2,-2,3,-3
9,3,-2,2,6,-3,-2,0,4,6,3,-4,3,-2,1,0
-1,-2,4,-2,5,1,-3,8,-4,-1,0,2,-7,-2,-3,5
1,0,2,-1,2,-8,-1,4,-4,0,2,-4,4,3,6,3
-1,4,-3,-3,-3,-5,-3,0,-1,9,1,3,-8,6,4,0
4,6,-3,2,-1,1,-8,9,4,-3,-3,1,2,0,2,-3
-1,4,0,4,1,-2,9,3,-2,5,-3,1,0,1,3,1
0,0,-2,2,-8,-5,-7,-4,2,0,-4,1,-7,-4,-2,-2
4,1,-2,-4,4,-3,-1,2,0,-4,7,2,1,-2,-5,-3
-2,2,-7,-1,-3,0,1,-4,1,7,1,0,5,0,1,-2
8,4,-6,-3,-7,-3,1,-3,-5,0,5,0,-1,-2,-1,1
-7,0,1,-5,2,-2,-5,-1,1,5,4,-1,2,-4,-7,5
-3,2,-7,2,4,6,3,1,2,2,-1,3,2,-2,-3,6
-1,0,-2,-1,-3,7,4,-2,-2,5,3,-5,3,-2,3,-4
6,1,2,4,-3,0,0,-4,-6,-4,-7,7,-4,4,0,-1
-4,-2,-1,7,-2,-5,-4,-5,-2,-4,-1,1,2,-4,9,3
-1,-1,4,-1,2,-4,1,5,0,-1,4,-4,1,-4,0,3
5,-4,6,-1,-1,-4,0,4,-3,-3,5,0,5,3,-9,1
3,6,6,6,1,-1,3,-5,-1,-1,2,-4,4,6,1,-2
-8,6,2,-1,2,-2,-4,8,0,2,-1,-4,3,7,-1,1
4,-1,-2,1,3,3,-1,-4,-4,-2,1,-6,-1,-8,2,-2
11,2,7,2,3,-1,-5,-2,-5,4,5,6,2,5,1,-3
7,-1,4,-4,4,7,-2,1,4,-9,-4,1,-2,-4,0,0
1,4,3,-11,-6,7,-6,-6,1,5,1,-8,6,-9,0,-1
5,-6,-2,8,-3,-2,1,-2,8,-2,-4,-3,-5,1,4,-3
4,0,2,3,-3,0,2,-4,-3,2,3,0,-2,2,3,2
2,6,0,2,0,-3,4,-2,-1,0,-1,10,-3,5,-1,5
-5,2,-1,-8,-1,1,-2,1,-7,6,-1,2,9,-1,-1,-1
-5,-6,-3,1,4,5,-7,-1,-1,4,-4,3,1,1,2,1
4,2,2,3,-3,-1,-5,-3,2,-5,2,-3,2,1,-4,6
-4,0,1,-3,3,3,2,-2,2,4,-1,-4,-4,0,1,0
0,-3,0,2,-5,-5,4,3,-4,4,1,2,-2,-3,-2,-8
-3,2,0,5,-7,2,1,1,0,3,0,2,7,-7,-2,-6
3,-2,-1,0,-5,2,3,2,4,8,2,-3,-1,0,5,7
0,3,0,4,7,3,-2,-3,1,-3,-4,5,6,2,4,-3
-6,-1,-3,0,-4,-1,-4,3,1,-7,1,-4,9,-6,5,3
-2,1,-1,4,-4,0,3,6,2,1,0,-1,2,-2,-1,-1
2,6,-7,2,-3,11,-4,-6,2,-2,4,1,5,6,2,-1
2,6,5,0,0,3,1,5,0,5,-4,2,3,-8,3,-5
1,5,-6,0,0,1,-8,3,-4,11,1,-15,-3,3,-5,-3
0,-7,-1,-1,-3,0,5,-5,0,-9,2,1,6,4,-3,12
-1,-5,0,-1,3,-8,-1,2,-4,-1,-6,4,0,8,-4,-4
0,0,3,1,-1,1,-6,5,7,-2,3,-7,-5,5,5,10
-1,6,6,0,-5,-4,3,7,-2,0,5,2,6,-2,2,-4
2,-2,3,7,5,5,-3,-5,-2,-1,-1,-7,1,6,3,7
-1,8,4,2,-2,5,-3,-4,3,-2,-1,2,1,-2,-1,3
3,4,0,1,-7,5,2,1,2,-2,7,-2,0,9,-1,-7
-5,-5,0,6,3,2,6,-1,0,9,8,9,-2,-2,-8,7
1,-7,-5,3,2,-1,4,-2,3,-1,-1,-5,3,-6,-3,-1
7,0,1,-4,-5,-3,-3,-6,-1,-4,-1,-5,4,3,0,-3
-6,4,5,2,0,-1,3,-1,2,-2,5,3,6,-3,4,3
